Analysis & Synthesis report for oscilatorRing
Fri Aug 28 03:38:22 2026
Quartus Prime Version 25.1std.0 Build 1129 10/21/2025 SC Lite Edition


---------------------
; Table of Contents ;
---------------------
  1. Legal Notice
  2. Analysis & Synthesis Summary
  3. Analysis & Synthesis Settings
  4. Parallel Compilation
  5. Analysis & Synthesis Source Files Read
  6. Analysis & Synthesis Resource Usage Summary
  7. Analysis & Synthesis Resource Utilization by Entity
  8. Analysis & Synthesis RAM Summary
  9. Analysis & Synthesis IP Cores Summary
 10. State Machine - |top|jtag_bridge_system:bridge_sys_inst|jtag_bridge_system_master_0:master_0|altera_avalon_packets_to_master:transacto|packets_to_master:p2m|state
 11. State Machine - |top|jtag_bridge_system:bridge_sys_inst|jtag_bridge_system_master_0:master_0|altera_avalon_st_jtag_interface:jtag_phy_embedded_in_jtag_master|altera_jtag_dc_streaming:normal.jtag_dc_streaming|altera_jtag_streaming:jtag_streaming|read_state
 12. State Machine - |top|jtag_bridge_system:bridge_sys_inst|jtag_bridge_system_master_0:master_0|altera_avalon_st_jtag_interface:jtag_phy_embedded_in_jtag_master|altera_jtag_dc_streaming:normal.jtag_dc_streaming|altera_jtag_streaming:jtag_streaming|write_state
 13. Registers Protected by Synthesis
 14. Registers Removed During Synthesis
 15. Removed Registers Triggering Further Register Optimizations
 16. General Register Statistics
 17. Inverted Register Statistics
 18. Registers Packed Into Inferred Megafunctions
 19. Registers Added for RAM Pass-Through Logic
 20. Multiplexer Restructuring Statistics (Restructuring Performed)
 21. Source assignments for ringsManager:rings_inst|oscilatorRing:\genRings:0:oscRing
 22. Source assignments for ringsManager:rings_inst|oscilatorRing:\genRings:1:oscRing
 23. Source assignments for ringsManager:rings_inst|oscilatorRing:\genRings:2:oscRing
 24. Source assignments for jtag_bridge_system:bridge_sys_inst|jtag_bridge_system_master_0:master_0|altera_avalon_st_jtag_interface:jtag_phy_embedded_in_jtag_master|altera_jtag_dc_streaming:normal.jtag_dc_streaming|altera_std_synchronizer:synchronizer
 25. Source assignments for jtag_bridge_system:bridge_sys_inst|jtag_bridge_system_master_0:master_0|altera_avalon_st_jtag_interface:jtag_phy_embedded_in_jtag_master|altera_jtag_dc_streaming:normal.jtag_dc_streaming|altera_jtag_streaming:jtag_streaming
 26. Source assignments for jtag_bridge_system:bridge_sys_inst|jtag_bridge_system_master_0:master_0|altera_avalon_st_jtag_interface:jtag_phy_embedded_in_jtag_master|altera_jtag_dc_streaming:normal.jtag_dc_streaming|altera_jtag_streaming:jtag_streaming|altera_std_synchronizer:clock_sensor_synchronizer
 27. Source assignments for jtag_bridge_system:bridge_sys_inst|jtag_bridge_system_master_0:master_0|altera_avalon_st_jtag_interface:jtag_phy_embedded_in_jtag_master|altera_jtag_dc_streaming:normal.jtag_dc_streaming|altera_jtag_streaming:jtag_streaming|altera_std_synchronizer:reset_to_sample_synchronizer
 28. Source assignments for jtag_bridge_system:bridge_sys_inst|jtag_bridge_system_master_0:master_0|altera_avalon_st_jtag_interface:jtag_phy_embedded_in_jtag_master|altera_jtag_dc_streaming:normal.jtag_dc_streaming|altera_jtag_streaming:jtag_streaming|altera_std_synchronizer:clock_to_sample_div2_synchronizer
 29. Source assignments for jtag_bridge_system:bridge_sys_inst|jtag_bridge_system_master_0:master_0|altera_avalon_st_jtag_interface:jtag_phy_embedded_in_jtag_master|altera_jtag_dc_streaming:normal.jtag_dc_streaming|altera_jtag_streaming:jtag_streaming|altera_std_synchronizer:clock_sense_reset_n_synchronizer
 30. Source assignments for jtag_bridge_system:bridge_sys_inst|jtag_bridge_system_master_0:master_0|altera_avalon_st_jtag_interface:jtag_phy_embedded_in_jtag_master|altera_jtag_dc_streaming:normal.jtag_dc_streaming|altera_avalon_st_clock_crosser:sink_crosser|altera_std_synchronizer_nocut:in_to_out_synchronizer
 31. Source assignments for jtag_bridge_system:bridge_sys_inst|jtag_bridge_system_master_0:master_0|altera_avalon_st_jtag_interface:jtag_phy_embedded_in_jtag_master|altera_jtag_dc_streaming:normal.jtag_dc_streaming|altera_avalon_st_clock_crosser:sink_crosser|altera_std_synchronizer_nocut:out_to_in_synchronizer
 32. Source assignments for jtag_bridge_system:bridge_sys_inst|jtag_bridge_system_master_0:master_0|altera_avalon_st_jtag_interface:jtag_phy_embedded_in_jtag_master|altera_jtag_dc_streaming:normal.jtag_dc_streaming|altera_jtag_src_crosser:source_crosser
 33. Source assignments for jtag_bridge_system:bridge_sys_inst|jtag_bridge_system_master_0:master_0|altera_avalon_st_jtag_interface:jtag_phy_embedded_in_jtag_master|altera_jtag_dc_streaming:normal.jtag_dc_streaming|altera_jtag_src_crosser:source_crosser|altera_jtag_control_signal_crosser:crosser|altera_std_synchronizer:synchronizer
 34. Source assignments for jtag_bridge_system:bridge_sys_inst|jtag_bridge_system_master_0:master_0|altera_reset_controller:rst_controller|altera_reset_synchronizer:alt_rst_sync_uq1
 35. Source assignments for jtag_bridge_system:bridge_sys_inst|jtag_bridge_system_master_0:master_0|altera_reset_controller:rst_controller|altera_reset_synchronizer:alt_rst_req_sync_uq1
 36. Source assignments for jtag_bridge_system:bridge_sys_inst|altera_reset_controller:rst_controller|altera_reset_synchronizer:alt_rst_sync_uq1
 37. Source assignments for jtag_bridge_system:bridge_sys_inst|altera_reset_controller:rst_controller|altera_reset_synchronizer:alt_rst_req_sync_uq1
 38. Source assignments for jtag_bridge_system:bridge_sys_inst|jtag_bridge_system_master_0:master_0|altera_avalon_sc_fifo:fifo|altsyncram:mem_rtl_0|altsyncram_g0n1:auto_generated
 39. Source assignments for jtag_bridge_system:bridge_sys_inst|capture_buffer:capture_buffer_0|altsyncram:mem_rtl_0|altsyncram_flo1:auto_generated
 40. Parameter Settings for User Entity Instance: ringsManager:rings_inst
 41. Parameter Settings for User Entity Instance: ringsManager:rings_inst|oscilatorRing:\genRings:0:oscRing
 42. Parameter Settings for User Entity Instance: ringsManager:rings_inst|oscilatorRing:\genRings:1:oscRing
 43. Parameter Settings for User Entity Instance: ringsManager:rings_inst|oscilatorRing:\genRings:2:oscRing
 44. Parameter Settings for User Entity Instance: jtag_bridge_system:bridge_sys_inst|capture_buffer:capture_buffer_0
 45. Parameter Settings for User Entity Instance: jtag_bridge_system:bridge_sys_inst|jtag_bridge_system_master_0:master_0
 46. Parameter Settings for User Entity Instance: jtag_bridge_system:bridge_sys_inst|jtag_bridge_system_master_0:master_0|altera_avalon_st_jtag_interface:jtag_phy_embedded_in_jtag_master
 47. Parameter Settings for User Entity Instance: jtag_bridge_system:bridge_sys_inst|jtag_bridge_system_master_0:master_0|altera_avalon_st_jtag_interface:jtag_phy_embedded_in_jtag_master|altera_jtag_sld_node:node
 48. Parameter Settings for User Entity Instance: jtag_bridge_system:bridge_sys_inst|jtag_bridge_system_master_0:master_0|altera_avalon_st_jtag_interface:jtag_phy_embedded_in_jtag_master|altera_jtag_sld_node:node|sld_virtual_jtag_basic:sld_virtual_jtag_component
 49. Parameter Settings for User Entity Instance: jtag_bridge_system:bridge_sys_inst|jtag_bridge_system_master_0:master_0|altera_avalon_st_jtag_interface:jtag_phy_embedded_in_jtag_master|altera_jtag_dc_streaming:normal.jtag_dc_streaming
 50. Parameter Settings for User Entity Instance: jtag_bridge_system:bridge_sys_inst|jtag_bridge_system_master_0:master_0|altera_avalon_st_jtag_interface:jtag_phy_embedded_in_jtag_master|altera_jtag_dc_streaming:normal.jtag_dc_streaming|altera_std_synchronizer:synchronizer
 51. Parameter Settings for User Entity Instance: jtag_bridge_system:bridge_sys_inst|jtag_bridge_system_master_0:master_0|altera_avalon_st_jtag_interface:jtag_phy_embedded_in_jtag_master|altera_jtag_dc_streaming:normal.jtag_dc_streaming|altera_jtag_streaming:jtag_streaming
 52. Parameter Settings for User Entity Instance: jtag_bridge_system:bridge_sys_inst|jtag_bridge_system_master_0:master_0|altera_avalon_st_jtag_interface:jtag_phy_embedded_in_jtag_master|altera_jtag_dc_streaming:normal.jtag_dc_streaming|altera_jtag_streaming:jtag_streaming|altera_std_synchronizer:clock_sensor_synchronizer
 53. Parameter Settings for User Entity Instance: jtag_bridge_system:bridge_sys_inst|jtag_bridge_system_master_0:master_0|altera_avalon_st_jtag_interface:jtag_phy_embedded_in_jtag_master|altera_jtag_dc_streaming:normal.jtag_dc_streaming|altera_jtag_streaming:jtag_streaming|altera_std_synchronizer:reset_to_sample_synchronizer
 54. Parameter Settings for User Entity Instance: jtag_bridge_system:bridge_sys_inst|jtag_bridge_system_master_0:master_0|altera_avalon_st_jtag_interface:jtag_phy_embedded_in_jtag_master|altera_jtag_dc_streaming:normal.jtag_dc_streaming|altera_jtag_streaming:jtag_streaming|altera_std_synchronizer:clock_to_sample_div2_synchronizer
 55. Parameter Settings for User Entity Instance: jtag_bridge_system:bridge_sys_inst|jtag_bridge_system_master_0:master_0|altera_avalon_st_jtag_interface:jtag_phy_embedded_in_jtag_master|altera_jtag_dc_streaming:normal.jtag_dc_streaming|altera_jtag_streaming:jtag_streaming|altera_std_synchronizer:clock_sense_reset_n_synchronizer
 56. Parameter Settings for User Entity Instance: jtag_bridge_system:bridge_sys_inst|jtag_bridge_system_master_0:master_0|altera_avalon_st_jtag_interface:jtag_phy_embedded_in_jtag_master|altera_jtag_dc_streaming:normal.jtag_dc_streaming|altera_avalon_st_clock_crosser:sink_crosser
 57. Parameter Settings for User Entity Instance: jtag_bridge_system:bridge_sys_inst|jtag_bridge_system_master_0:master_0|altera_avalon_st_jtag_interface:jtag_phy_embedded_in_jtag_master|altera_jtag_dc_streaming:normal.jtag_dc_streaming|altera_avalon_st_clock_crosser:sink_crosser|altera_std_synchronizer_nocut:in_to_out_synchronizer
 58. Parameter Settings for User Entity Instance: jtag_bridge_system:bridge_sys_inst|jtag_bridge_system_master_0:master_0|altera_avalon_st_jtag_interface:jtag_phy_embedded_in_jtag_master|altera_jtag_dc_streaming:normal.jtag_dc_streaming|altera_avalon_st_clock_crosser:sink_crosser|altera_std_synchronizer_nocut:out_to_in_synchronizer
 59. Parameter Settings for User Entity Instance: jtag_bridge_system:bridge_sys_inst|jtag_bridge_system_master_0:master_0|altera_avalon_st_jtag_interface:jtag_phy_embedded_in_jtag_master|altera_jtag_dc_streaming:normal.jtag_dc_streaming|altera_avalon_st_clock_crosser:sink_crosser|altera_avalon_st_pipeline_base:output_stage
 60. Parameter Settings for User Entity Instance: jtag_bridge_system:bridge_sys_inst|jtag_bridge_system_master_0:master_0|altera_avalon_st_jtag_interface:jtag_phy_embedded_in_jtag_master|altera_jtag_dc_streaming:normal.jtag_dc_streaming|altera_jtag_src_crosser:source_crosser
 61. Parameter Settings for User Entity Instance: jtag_bridge_system:bridge_sys_inst|jtag_bridge_system_master_0:master_0|altera_avalon_st_jtag_interface:jtag_phy_embedded_in_jtag_master|altera_jtag_dc_streaming:normal.jtag_dc_streaming|altera_jtag_src_crosser:source_crosser|altera_jtag_control_signal_crosser:crosser
 62. Parameter Settings for User Entity Instance: jtag_bridge_system:bridge_sys_inst|jtag_bridge_system_master_0:master_0|altera_avalon_st_jtag_interface:jtag_phy_embedded_in_jtag_master|altera_jtag_dc_streaming:normal.jtag_dc_streaming|altera_jtag_src_crosser:source_crosser|altera_jtag_control_signal_crosser:crosser|altera_std_synchronizer:synchronizer
 63. Parameter Settings for User Entity Instance: jtag_bridge_system:bridge_sys_inst|jtag_bridge_system_master_0:master_0|altera_avalon_sc_fifo:fifo
 64. Parameter Settings for User Entity Instance: jtag_bridge_system:bridge_sys_inst|jtag_bridge_system_master_0:master_0|altera_avalon_st_bytes_to_packets:b2p
 65. Parameter Settings for User Entity Instance: jtag_bridge_system:bridge_sys_inst|jtag_bridge_system_master_0:master_0|altera_avalon_st_packets_to_bytes:p2b
 66. Parameter Settings for User Entity Instance: jtag_bridge_system:bridge_sys_inst|jtag_bridge_system_master_0:master_0|altera_avalon_packets_to_master:transacto
 67. Parameter Settings for User Entity Instance: jtag_bridge_system:bridge_sys_inst|jtag_bridge_system_master_0:master_0|altera_avalon_packets_to_master:transacto|packets_to_master:p2m
 68. Parameter Settings for User Entity Instance: jtag_bridge_system:bridge_sys_inst|jtag_bridge_system_master_0:master_0|altera_reset_controller:rst_controller
 69. Parameter Settings for User Entity Instance: jtag_bridge_system:bridge_sys_inst|jtag_bridge_system_master_0:master_0|altera_reset_controller:rst_controller|altera_reset_synchronizer:alt_rst_sync_uq1
 70. Parameter Settings for User Entity Instance: jtag_bridge_system:bridge_sys_inst|jtag_bridge_system_master_0:master_0|altera_reset_controller:rst_controller|altera_reset_synchronizer:alt_rst_req_sync_uq1
 71. Parameter Settings for User Entity Instance: jtag_bridge_system:bridge_sys_inst|jtag_bridge_system_mm_interconnect_0:mm_interconnect_0|altera_merlin_master_translator:master_0_master_translator
 72. Parameter Settings for User Entity Instance: jtag_bridge_system:bridge_sys_inst|jtag_bridge_system_mm_interconnect_0:mm_interconnect_0|altera_merlin_slave_translator:capture_buffer_0_av_translator
 73. Parameter Settings for User Entity Instance: jtag_bridge_system:bridge_sys_inst|altera_reset_controller:rst_controller
 74. Parameter Settings for User Entity Instance: jtag_bridge_system:bridge_sys_inst|altera_reset_controller:rst_controller|altera_reset_synchronizer:alt_rst_sync_uq1
 75. Parameter Settings for User Entity Instance: jtag_bridge_system:bridge_sys_inst|altera_reset_controller:rst_controller|altera_reset_synchronizer:alt_rst_req_sync_uq1
 76. Parameter Settings for Inferred Entity Instance: jtag_bridge_system:bridge_sys_inst|jtag_bridge_system_master_0:master_0|altera_avalon_sc_fifo:fifo|altsyncram:mem_rtl_0
 77. Parameter Settings for Inferred Entity Instance: jtag_bridge_system:bridge_sys_inst|capture_buffer:capture_buffer_0|altsyncram:mem_rtl_0
 78. altsyncram Parameter Settings by Entity Instance
 79. Port Connectivity Checks: "jtag_bridge_system:bridge_sys_inst|altera_reset_controller:rst_controller"
 80. Port Connectivity Checks: "jtag_bridge_system:bridge_sys_inst|jtag_bridge_system_mm_interconnect_0:mm_interconnect_0|altera_merlin_slave_translator:capture_buffer_0_av_translator"
 81. Port Connectivity Checks: "jtag_bridge_system:bridge_sys_inst|jtag_bridge_system_mm_interconnect_0:mm_interconnect_0|altera_merlin_master_translator:master_0_master_translator"
 82. Port Connectivity Checks: "jtag_bridge_system:bridge_sys_inst|jtag_bridge_system_master_0:master_0|altera_reset_controller:rst_controller|altera_reset_synchronizer:alt_rst_req_sync_uq1"
 83. Port Connectivity Checks: "jtag_bridge_system:bridge_sys_inst|jtag_bridge_system_master_0:master_0|altera_reset_controller:rst_controller"
 84. Port Connectivity Checks: "jtag_bridge_system:bridge_sys_inst|jtag_bridge_system_master_0:master_0|altera_avalon_sc_fifo:fifo"
 85. Port Connectivity Checks: "jtag_bridge_system:bridge_sys_inst|jtag_bridge_system_master_0:master_0|altera_avalon_st_jtag_interface:jtag_phy_embedded_in_jtag_master|altera_jtag_dc_streaming:normal.jtag_dc_streaming|altera_jtag_src_crosser:source_crosser|altera_jtag_control_signal_crosser:crosser"
 86. Port Connectivity Checks: "jtag_bridge_system:bridge_sys_inst|jtag_bridge_system_master_0:master_0|altera_avalon_st_jtag_interface:jtag_phy_embedded_in_jtag_master|altera_jtag_dc_streaming:normal.jtag_dc_streaming|altera_jtag_streaming:jtag_streaming|altera_avalon_st_idle_inserter:idle_inserter"
 87. Port Connectivity Checks: "jtag_bridge_system:bridge_sys_inst|jtag_bridge_system_master_0:master_0|altera_avalon_st_jtag_interface:jtag_phy_embedded_in_jtag_master|altera_jtag_dc_streaming:normal.jtag_dc_streaming|altera_jtag_streaming:jtag_streaming|altera_avalon_st_idle_remover:idle_remover"
 88. Port Connectivity Checks: "jtag_bridge_system:bridge_sys_inst|jtag_bridge_system_master_0:master_0|altera_avalon_st_jtag_interface:jtag_phy_embedded_in_jtag_master|altera_jtag_dc_streaming:normal.jtag_dc_streaming|altera_jtag_streaming:jtag_streaming|altera_std_synchronizer:clock_sense_reset_n_synchronizer"
 89. Port Connectivity Checks: "jtag_bridge_system:bridge_sys_inst|jtag_bridge_system_master_0:master_0|altera_avalon_st_jtag_interface:jtag_phy_embedded_in_jtag_master|altera_jtag_dc_streaming:normal.jtag_dc_streaming|altera_jtag_streaming:jtag_streaming|altera_std_synchronizer:clock_to_sample_div2_synchronizer"
 90. Port Connectivity Checks: "jtag_bridge_system:bridge_sys_inst|jtag_bridge_system_master_0:master_0|altera_avalon_st_jtag_interface:jtag_phy_embedded_in_jtag_master|altera_jtag_dc_streaming:normal.jtag_dc_streaming|altera_jtag_streaming:jtag_streaming|altera_std_synchronizer:reset_to_sample_synchronizer"
 91. Port Connectivity Checks: "jtag_bridge_system:bridge_sys_inst|jtag_bridge_system_master_0:master_0|altera_avalon_st_jtag_interface:jtag_phy_embedded_in_jtag_master|altera_jtag_dc_streaming:normal.jtag_dc_streaming|altera_jtag_streaming:jtag_streaming|altera_std_synchronizer:clock_sensor_synchronizer"
 92. Port Connectivity Checks: "jtag_bridge_system:bridge_sys_inst|jtag_bridge_system_master_0:master_0|altera_avalon_st_jtag_interface:jtag_phy_embedded_in_jtag_master|altera_jtag_dc_streaming:normal.jtag_dc_streaming|altera_std_synchronizer:synchronizer"
 93. Port Connectivity Checks: "jtag_bridge_system:bridge_sys_inst|jtag_bridge_system_master_0:master_0|altera_avalon_st_jtag_interface:jtag_phy_embedded_in_jtag_master|altera_jtag_sld_node:node|sld_virtual_jtag_basic:sld_virtual_jtag_component"
 94. Port Connectivity Checks: "jtag_bridge_system:bridge_sys_inst|jtag_bridge_system_master_0:master_0|altera_avalon_st_jtag_interface:jtag_phy_embedded_in_jtag_master|altera_jtag_sld_node:node"
 95. Port Connectivity Checks: "jtag_bridge_system:bridge_sys_inst|jtag_bridge_system_master_0:master_0|altera_avalon_st_jtag_interface:jtag_phy_embedded_in_jtag_master"
 96. Port Connectivity Checks: "jtag_bridge_system:bridge_sys_inst|jtag_bridge_system_master_0:master_0"
 97. Port Connectivity Checks: "jtag_bridge_system:bridge_sys_inst"
 98. Post-Synthesis Netlist Statistics for Top Partition
 99. Elapsed Time Per Partition
100. Analysis & Synthesis Messages



----------------
; Legal Notice ;
----------------
Copyright (C) 2025  Altera Corporation. All rights reserved.
Your use of Altera Corporation's design tools, logic functions 
and other software and tools, and any partner logic 
functions, and any output files from any of the foregoing 
(including device programming or simulation files), and any 
associated documentation or information are expressly subject 
to the terms and conditions of the Altera Program License 
Subscription Agreement, the Altera Quartus Prime License Agreement,
the Altera IP License Agreement, or other applicable license
agreement, including, without limitation, that your use is for
the sole purpose of programming logic devices manufactured by
Altera and sold by Altera or its authorized distributors.  Please
refer to the Altera Software License Subscription Agreements 
on the Quartus Prime software download page.



+-----------------------------------------------------------------------------------+
; Analysis & Synthesis Summary                                                      ;
+---------------------------------+-------------------------------------------------+
; Analysis & Synthesis Status     ; Successful - Fri Aug 28 03:38:22 2026           ;
; Quartus Prime Version           ; 25.1std.0 Build 1129 10/21/2025 SC Lite Edition ;
; Revision Name                   ; oscilatorRing                                   ;
; Top-level Entity Name           ; top                                             ;
; Family                          ; Cyclone V                                       ;
; Logic utilization (in ALMs)     ; N/A                                             ;
; Total registers                 ; 560                                             ;
; Total pins                      ; 1                                               ;
; Total virtual pins              ; 0                                               ;
; Total block memory bits         ; 66,048                                          ;
; Total DSP Blocks                ; 0                                               ;
; Total HSSI RX PCSs              ; 0                                               ;
; Total HSSI PMA RX Deserializers ; 0                                               ;
; Total HSSI TX PCSs              ; 0                                               ;
; Total HSSI PMA TX Serializers   ; 0                                               ;
; Total PLLs                      ; 0                                               ;
; Total DLLs                      ; 0                                               ;
+---------------------------------+-------------------------------------------------+


+---------------------------------------------------------------------------------------------------------------------------+
; Analysis & Synthesis Settings                                                                                             ;
+---------------------------------------------------------------------------------+--------------------+--------------------+
; Option                                                                          ; Setting            ; Default Value      ;
+---------------------------------------------------------------------------------+--------------------+--------------------+
; Device                                                                          ; 5CEBA4F23C7        ;                    ;
; Top-level entity name                                                           ; top                ; oscilatorRing      ;
; Family name                                                                     ; Cyclone V          ; Cyclone V          ;
; Use smart compilation                                                           ; Off                ; Off                ;
; Enable parallel Assembler and Timing Analyzer during compilation                ; On                 ; On                 ;
; Enable compact report table                                                     ; Off                ; Off                ;
; Restructure Multiplexers                                                        ; Auto               ; Auto               ;
; MLAB Add Timing Constraints For Mixed-Port Feed-Through Mode Setting Don't Care ; Off                ; Off                ;
; Create Debugging Nodes for IP Cores                                             ; Off                ; Off                ;
; Preserve fewer node names                                                       ; On                 ; On                 ;
; Intel FPGA IP Evaluation Mode                                                   ; Enable             ; Enable             ;
; Verilog Version                                                                 ; Verilog_2001       ; Verilog_2001       ;
; VHDL Version                                                                    ; VHDL_1993          ; VHDL_1993          ;
; State Machine Processing                                                        ; Auto               ; Auto               ;
; Safe State Machine                                                              ; Off                ; Off                ;
; Extract Verilog State Machines                                                  ; On                 ; On                 ;
; Extract VHDL State Machines                                                     ; On                 ; On                 ;
; Ignore Verilog initial constructs                                               ; Off                ; Off                ;
; Iteration limit for constant Verilog loops                                      ; 5000               ; 5000               ;
; Iteration limit for non-constant Verilog loops                                  ; 250                ; 250                ;
; Add Pass-Through Logic to Inferred RAMs                                         ; On                 ; On                 ;
; Infer RAMs from Raw Logic                                                       ; On                 ; On                 ;
; Parallel Synthesis                                                              ; On                 ; On                 ;
; DSP Block Balancing                                                             ; Auto               ; Auto               ;
; NOT Gate Push-Back                                                              ; On                 ; On                 ;
; Power-Up Don't Care                                                             ; On                 ; On                 ;
; Remove Redundant Logic Cells                                                    ; Off                ; Off                ;
; Remove Duplicate Registers                                                      ; On                 ; On                 ;
; Ignore CARRY Buffers                                                            ; Off                ; Off                ;
; Ignore CASCADE Buffers                                                          ; Off                ; Off                ;
; Ignore GLOBAL Buffers                                                           ; Off                ; Off                ;
; Ignore ROW GLOBAL Buffers                                                       ; Off                ; Off                ;
; Ignore LCELL Buffers                                                            ; Off                ; Off                ;
; Ignore SOFT Buffers                                                             ; On                 ; On                 ;
; Limit AHDL Integers to 32 Bits                                                  ; Off                ; Off                ;
; Optimization Technique                                                          ; Balanced           ; Balanced           ;
; Carry Chain Length                                                              ; 70                 ; 70                 ;
; Auto Carry Chains                                                               ; On                 ; On                 ;
; Auto Open-Drain Pins                                                            ; On                 ; On                 ;
; Perform WYSIWYG Primitive Resynthesis                                           ; Off                ; Off                ;
; Auto ROM Replacement                                                            ; On                 ; On                 ;
; Auto RAM Replacement                                                            ; On                 ; On                 ;
; Auto DSP Block Replacement                                                      ; On                 ; On                 ;
; Auto Shift Register Replacement                                                 ; Auto               ; Auto               ;
; Allow Shift Register Merging across Hierarchies                                 ; Auto               ; Auto               ;
; Auto Clock Enable Replacement                                                   ; On                 ; On                 ;
; Strict RAM Replacement                                                          ; Off                ; Off                ;
; Allow Synchronous Control Signals                                               ; On                 ; On                 ;
; Force Use of Synchronous Clear Signals                                          ; Off                ; Off                ;
; Auto Resource Sharing                                                           ; Off                ; Off                ;
; Allow Any RAM Size For Recognition                                              ; Off                ; Off                ;
; Allow Any ROM Size For Recognition                                              ; Off                ; Off                ;
; Allow Any Shift Register Size For Recognition                                   ; Off                ; Off                ;
; Use LogicLock Constraints during Resource Balancing                             ; On                 ; On                 ;
; Ignore translate_off and synthesis_off directives                               ; Off                ; Off                ;
; Timing-Driven Synthesis                                                         ; On                 ; On                 ;
; Report Parameter Settings                                                       ; On                 ; On                 ;
; Report Source Assignments                                                       ; On                 ; On                 ;
; Report Connectivity Checks                                                      ; On                 ; On                 ;
; Ignore Maximum Fan-Out Assignments                                              ; Off                ; Off                ;
; Synchronization Register Chain Length                                           ; 3                  ; 3                  ;
; Power Optimization During Synthesis                                             ; Normal compilation ; Normal compilation ;
; HDL message level                                                               ; Level2             ; Level2             ;
; Suppress Register Optimization Related Messages                                 ; Off                ; Off                ;
; Number of Removed Registers Reported in Synthesis Report                        ; 5000               ; 5000               ;
; Number of Swept Nodes Reported in Synthesis Report                              ; 5000               ; 5000               ;
; Number of Inverted Registers Reported in Synthesis Report                       ; 100                ; 100                ;
; Clock MUX Protection                                                            ; On                 ; On                 ;
; Auto Gated Clock Conversion                                                     ; Off                ; Off                ;
; Block Design Naming                                                             ; Auto               ; Auto               ;
; SDC constraint protection                                                       ; Off                ; Off                ;
; Synthesis Effort                                                                ; Auto               ; Auto               ;
; Shift Register Replacement - Allow Asynchronous Clear Signal                    ; On                 ; On                 ;
; Pre-Mapping Resynthesis Optimization                                            ; Off                ; Off                ;
; Analysis & Synthesis Message Level                                              ; Medium             ; Medium             ;
; Disable Register Merging Across Hierarchies                                     ; Auto               ; Auto               ;
; Resource Aware Inference For Block RAM                                          ; On                 ; On                 ;
; Automatic Parallel Synthesis                                                    ; On                 ; On                 ;
; Partial Reconfiguration Bitstream ID                                            ; Off                ; Off                ;
+---------------------------------------------------------------------------------+--------------------+--------------------+


+------------------------------------------+
; Parallel Compilation                     ;
+----------------------------+-------------+
; Processors                 ; Number      ;
+----------------------------+-------------+
; Number detected on machine ; 12          ;
; Maximum allowed            ; 8           ;
;                            ;             ;
; Average used               ; 1.00        ;
; Maximum used               ; 8           ;
;                            ;             ;
; Usage by Processor         ; % Time Used ;
;     Processor 1            ; 100.0%      ;
;     Processors 2-8         ;   0.0%      ;
+----------------------------+-------------+


+------------------------------------------------------------------------------------------------------------------------------------------------------------------------------------------------------------------------------------------------------------------------------------------------------------------+
; Analysis & Synthesis Source Files Read                                                                                                                                                                                                                                                                           ;
+------------------------------------------------------------------------------------+-----------------+-------------------------------------------------------+------------------------------------------------------------------------------------------------------------------------------+--------------------+
; File Name with User-Entered Path                                                   ; Used in Netlist ; File Type                                             ; File Name with Absolute Path                                                                                                 ; Library            ;
+------------------------------------------------------------------------------------+-----------------+-------------------------------------------------------+------------------------------------------------------------------------------------------------------------------------------+--------------------+
; jtag_bridge_system/synthesis/jtag_bridge_system.vhd                                ; yes             ; User VHDL File                                        ; /home/rodizio/projects/ringOscilator/code/jtag_bridge_system/synthesis/jtag_bridge_system.vhd                                ; jtag_bridge_system ;
; jtag_bridge_system/synthesis/submodules/altera_reset_controller.v                  ; yes             ; User Verilog HDL File                                 ; /home/rodizio/projects/ringOscilator/code/jtag_bridge_system/synthesis/submodules/altera_reset_controller.v                  ; jtag_bridge_system ;
; jtag_bridge_system/synthesis/submodules/altera_reset_synchronizer.v                ; yes             ; User Verilog HDL File                                 ; /home/rodizio/projects/ringOscilator/code/jtag_bridge_system/synthesis/submodules/altera_reset_synchronizer.v                ; jtag_bridge_system ;
; jtag_bridge_system/synthesis/submodules/jtag_bridge_system_mm_interconnect_0.v     ; yes             ; User Verilog HDL File                                 ; /home/rodizio/projects/ringOscilator/code/jtag_bridge_system/synthesis/submodules/jtag_bridge_system_mm_interconnect_0.v     ; jtag_bridge_system ;
; jtag_bridge_system/synthesis/submodules/altera_merlin_slave_translator.sv          ; yes             ; User SystemVerilog HDL File                           ; /home/rodizio/projects/ringOscilator/code/jtag_bridge_system/synthesis/submodules/altera_merlin_slave_translator.sv          ; jtag_bridge_system ;
; jtag_bridge_system/synthesis/submodules/altera_merlin_master_translator.sv         ; yes             ; User SystemVerilog HDL File                           ; /home/rodizio/projects/ringOscilator/code/jtag_bridge_system/synthesis/submodules/altera_merlin_master_translator.sv         ; jtag_bridge_system ;
; jtag_bridge_system/synthesis/submodules/jtag_bridge_system_master_0.v              ; yes             ; User Verilog HDL File                                 ; /home/rodizio/projects/ringOscilator/code/jtag_bridge_system/synthesis/submodules/jtag_bridge_system_master_0.v              ; jtag_bridge_system ;
; jtag_bridge_system/synthesis/submodules/jtag_bridge_system_master_0_p2b_adapter.sv ; yes             ; User SystemVerilog HDL File                           ; /home/rodizio/projects/ringOscilator/code/jtag_bridge_system/synthesis/submodules/jtag_bridge_system_master_0_p2b_adapter.sv ; jtag_bridge_system ;
; jtag_bridge_system/synthesis/submodules/jtag_bridge_system_master_0_b2p_adapter.sv ; yes             ; User SystemVerilog HDL File                           ; /home/rodizio/projects/ringOscilator/code/jtag_bridge_system/synthesis/submodules/jtag_bridge_system_master_0_b2p_adapter.sv ; jtag_bridge_system ;
; jtag_bridge_system/synthesis/submodules/altera_avalon_packets_to_master.v          ; yes             ; User Verilog HDL File                                 ; /home/rodizio/projects/ringOscilator/code/jtag_bridge_system/synthesis/submodules/altera_avalon_packets_to_master.v          ; jtag_bridge_system ;
; jtag_bridge_system/synthesis/submodules/altera_avalon_st_packets_to_bytes.v        ; yes             ; User Verilog HDL File                                 ; /home/rodizio/projects/ringOscilator/code/jtag_bridge_system/synthesis/submodules/altera_avalon_st_packets_to_bytes.v        ; jtag_bridge_system ;
; jtag_bridge_system/synthesis/submodules/altera_avalon_st_bytes_to_packets.v        ; yes             ; User Verilog HDL File                                 ; /home/rodizio/projects/ringOscilator/code/jtag_bridge_system/synthesis/submodules/altera_avalon_st_bytes_to_packets.v        ; jtag_bridge_system ;
; jtag_bridge_system/synthesis/submodules/altera_avalon_sc_fifo.v                    ; yes             ; User Verilog HDL File                                 ; /home/rodizio/projects/ringOscilator/code/jtag_bridge_system/synthesis/submodules/altera_avalon_sc_fifo.v                    ; jtag_bridge_system ;
; jtag_bridge_system/synthesis/submodules/jtag_bridge_system_master_0_timing_adt.sv  ; yes             ; User SystemVerilog HDL File                           ; /home/rodizio/projects/ringOscilator/code/jtag_bridge_system/synthesis/submodules/jtag_bridge_system_master_0_timing_adt.sv  ; jtag_bridge_system ;
; jtag_bridge_system/synthesis/submodules/altera_avalon_st_jtag_interface.v          ; yes             ; User Verilog HDL File                                 ; /home/rodizio/projects/ringOscilator/code/jtag_bridge_system/synthesis/submodules/altera_avalon_st_jtag_interface.v          ; jtag_bridge_system ;
; jtag_bridge_system/synthesis/submodules/altera_jtag_dc_streaming.v                 ; yes             ; User Verilog HDL File                                 ; /home/rodizio/projects/ringOscilator/code/jtag_bridge_system/synthesis/submodules/altera_jtag_dc_streaming.v                 ; jtag_bridge_system ;
; jtag_bridge_system/synthesis/submodules/altera_jtag_sld_node.v                     ; yes             ; User Verilog HDL File                                 ; /home/rodizio/projects/ringOscilator/code/jtag_bridge_system/synthesis/submodules/altera_jtag_sld_node.v                     ; jtag_bridge_system ;
; jtag_bridge_system/synthesis/submodules/altera_jtag_streaming.v                    ; yes             ; User Verilog HDL File                                 ; /home/rodizio/projects/ringOscilator/code/jtag_bridge_system/synthesis/submodules/altera_jtag_streaming.v                    ; jtag_bridge_system ;
; jtag_bridge_system/synthesis/submodules/altera_avalon_st_clock_crosser.v           ; yes             ; User Verilog HDL File                                 ; /home/rodizio/projects/ringOscilator/code/jtag_bridge_system/synthesis/submodules/altera_avalon_st_clock_crosser.v           ; jtag_bridge_system ;
; jtag_bridge_system/synthesis/submodules/altera_std_synchronizer_nocut.v            ; yes             ; User Verilog HDL File                                 ; /home/rodizio/projects/ringOscilator/code/jtag_bridge_system/synthesis/submodules/altera_std_synchronizer_nocut.v            ; jtag_bridge_system ;
; jtag_bridge_system/synthesis/submodules/altera_avalon_st_pipeline_base.v           ; yes             ; User Verilog HDL File                                 ; /home/rodizio/projects/ringOscilator/code/jtag_bridge_system/synthesis/submodules/altera_avalon_st_pipeline_base.v           ; jtag_bridge_system ;
; jtag_bridge_system/synthesis/submodules/altera_avalon_st_idle_remover.v            ; yes             ; User Verilog HDL File                                 ; /home/rodizio/projects/ringOscilator/code/jtag_bridge_system/synthesis/submodules/altera_avalon_st_idle_remover.v            ; jtag_bridge_system ;
; jtag_bridge_system/synthesis/submodules/altera_avalon_st_idle_inserter.v           ; yes             ; User Verilog HDL File                                 ; /home/rodizio/projects/ringOscilator/code/jtag_bridge_system/synthesis/submodules/altera_avalon_st_idle_inserter.v           ; jtag_bridge_system ;
; jtag_bridge_system/synthesis/submodules/altera_avalon_st_pipeline_stage.sv         ; yes             ; User SystemVerilog HDL File                           ; /home/rodizio/projects/ringOscilator/code/jtag_bridge_system/synthesis/submodules/altera_avalon_st_pipeline_stage.sv         ; jtag_bridge_system ;
; jtag_bridge_system/synthesis/submodules/capture_buffer.vhd                         ; yes             ; User VHDL File                                        ; /home/rodizio/projects/ringOscilator/code/jtag_bridge_system/synthesis/submodules/capture_buffer.vhd                         ; jtag_bridge_system ;
; oscilatorRing.vhd                                                                  ; yes             ; User VHDL File                                        ; /home/rodizio/projects/ringOscilator/code/oscilatorRing.vhd                                                                  ;                    ;
; ringsManager.vhd                                                                   ; yes             ; User VHDL File                                        ; /home/rodizio/projects/ringOscilator/code/ringsManager.vhd                                                                   ;                    ;
; top.vhd                                                                            ; yes             ; User VHDL File                                        ; /home/rodizio/projects/ringOscilator/code/top.vhd                                                                            ;                    ;
; sld_virtual_jtag_basic.v                                                           ; yes             ; Megafunction                                          ; /home/rodizio/altera_lite/25.1std/quartus/libraries/megafunctions/sld_virtual_jtag_basic.v                                   ;                    ;
; sld_jtag_endpoint_adapter.vhd                                                      ; yes             ; Encrypted Megafunction                                ; /home/rodizio/altera_lite/25.1std/quartus/libraries/megafunctions/sld_jtag_endpoint_adapter.vhd                              ;                    ;
; sld_jtag_endpoint_adapter_impl.sv                                                  ; yes             ; Encrypted Megafunction                                ; /home/rodizio/altera_lite/25.1std/quartus/libraries/megafunctions/sld_jtag_endpoint_adapter_impl.sv                          ;                    ;
; altera_std_synchronizer.v                                                          ; yes             ; Megafunction                                          ; /home/rodizio/altera_lite/25.1std/quartus/libraries/megafunctions/altera_std_synchronizer.v                                  ;                    ;
; sld_hub.vhd                                                                        ; yes             ; Encrypted Megafunction                                ; /home/rodizio/altera_lite/25.1std/quartus/libraries/megafunctions/sld_hub.vhd                                                ; altera_sld         ;
; db/ip/sldcc8331da/alt_sld_fab.v                                                    ; yes             ; Encrypted Auto-Found Verilog HDL File                 ; /home/rodizio/projects/ringOscilator/code/db/ip/sldcc8331da/alt_sld_fab.v                                                    ; alt_sld_fab        ;
; db/ip/sldcc8331da/submodules/alt_sld_fab_alt_sld_fab.v                             ; yes             ; Encrypted Auto-Found Verilog HDL File                 ; /home/rodizio/projects/ringOscilator/code/db/ip/sldcc8331da/submodules/alt_sld_fab_alt_sld_fab.v                             ; alt_sld_fab        ;
; db/ip/sldcc8331da/submodules/alt_sld_fab_alt_sld_fab_ident.sv                      ; yes             ; Auto-Found SystemVerilog HDL File                     ; /home/rodizio/projects/ringOscilator/code/db/ip/sldcc8331da/submodules/alt_sld_fab_alt_sld_fab_ident.sv                      ; alt_sld_fab        ;
; db/ip/sldcc8331da/submodules/alt_sld_fab_alt_sld_fab_presplit.sv                   ; yes             ; Encrypted Auto-Found SystemVerilog HDL File           ; /home/rodizio/projects/ringOscilator/code/db/ip/sldcc8331da/submodules/alt_sld_fab_alt_sld_fab_presplit.sv                   ; alt_sld_fab        ;
; db/ip/sldcc8331da/submodules/alt_sld_fab_alt_sld_fab_sldfabric.vhd                 ; yes             ; Encrypted Auto-Found VHDL File                        ; /home/rodizio/projects/ringOscilator/code/db/ip/sldcc8331da/submodules/alt_sld_fab_alt_sld_fab_sldfabric.vhd                 ; alt_sld_fab        ;
; db/ip/sldcc8331da/submodules/alt_sld_fab_alt_sld_fab_splitter.sv                   ; yes             ; Encrypted Auto-Found SystemVerilog HDL File           ; /home/rodizio/projects/ringOscilator/code/db/ip/sldcc8331da/submodules/alt_sld_fab_alt_sld_fab_splitter.sv                   ; alt_sld_fab        ;
; sld_jtag_hub.vhd                                                                   ; yes             ; Encrypted Megafunction                                ; /home/rodizio/altera_lite/25.1std/quartus/libraries/megafunctions/sld_jtag_hub.vhd                                           ;                    ;
; sld_rom_sr.vhd                                                                     ; yes             ; Encrypted Megafunction                                ; /home/rodizio/altera_lite/25.1std/quartus/libraries/megafunctions/sld_rom_sr.vhd                                             ;                    ;
; altsyncram.tdf                                                                     ; yes             ; Megafunction                                          ; /home/rodizio/altera_lite/25.1std/quartus/libraries/megafunctions/altsyncram.tdf                                             ;                    ;
; stratix_ram_block.inc                                                              ; yes             ; Megafunction                                          ; /home/rodizio/altera_lite/25.1std/quartus/libraries/megafunctions/stratix_ram_block.inc                                      ;                    ;
; lpm_mux.inc                                                                        ; yes             ; Megafunction                                          ; /home/rodizio/altera_lite/25.1std/quartus/libraries/megafunctions/lpm_mux.inc                                                ;                    ;
; lpm_decode.inc                                                                     ; yes             ; Megafunction                                          ; /home/rodizio/altera_lite/25.1std/quartus/libraries/megafunctions/lpm_decode.inc                                             ;                    ;
; aglobal251.inc                                                                     ; yes             ; Megafunction                                          ; /home/rodizio/altera_lite/25.1std/quartus/libraries/megafunctions/aglobal251.inc                                             ;                    ;
; a_rdenreg.inc                                                                      ; yes             ; Megafunction                                          ; /home/rodizio/altera_lite/25.1std/quartus/libraries/megafunctions/a_rdenreg.inc                                              ;                    ;
; altrom.inc                                                                         ; yes             ; Megafunction                                          ; /home/rodizio/altera_lite/25.1std/quartus/libraries/megafunctions/altrom.inc                                                 ;                    ;
; altram.inc                                                                         ; yes             ; Megafunction                                          ; /home/rodizio/altera_lite/25.1std/quartus/libraries/megafunctions/altram.inc                                                 ;                    ;
; altdpram.inc                                                                       ; yes             ; Megafunction                                          ; /home/rodizio/altera_lite/25.1std/quartus/libraries/megafunctions/altdpram.inc                                               ;                    ;
; db/altsyncram_g0n1.tdf                                                             ; yes             ; Auto-Generated Megafunction                           ; /home/rodizio/projects/ringOscilator/code/db/altsyncram_g0n1.tdf                                                             ;                    ;
; db/altsyncram_flo1.tdf                                                             ; yes             ; Auto-Generated Megafunction                           ; /home/rodizio/projects/ringOscilator/code/db/altsyncram_flo1.tdf                                                             ;                    ;
; db/oscilatorRing.ram0_capture_buffer_49830562.hdl.mif                              ; yes             ; Auto-Generated Auto-Found Memory Initialization File  ; /home/rodizio/projects/ringOscilator/code/db/oscilatorRing.ram0_capture_buffer_49830562.hdl.mif                              ;                    ;
+------------------------------------------------------------------------------------+-----------------+-------------------------------------------------------+------------------------------------------------------------------------------------------------------------------------------+--------------------+


+------------------------------------------------------------------------+
; Analysis & Synthesis Resource Usage Summary                            ;
+---------------------------------------------+--------------------------+
; Resource                                    ; Usage                    ;
+---------------------------------------------+--------------------------+
; Estimate of Logic utilization (ALMs needed) ; 446                      ;
;                                             ;                          ;
; Combinational ALUT usage for logic          ; 677                      ;
;     -- 7 input functions                    ; 8                        ;
;     -- 6 input functions                    ; 172                      ;
;     -- 5 input functions                    ; 114                      ;
;     -- 4 input functions                    ; 106                      ;
;     -- <=3 input functions                  ; 277                      ;
;                                             ;                          ;
; Dedicated logic registers                   ; 560                      ;
;                                             ;                          ;
; I/O pins                                    ; 1                        ;
; Total MLAB memory bits                      ; 0                        ;
; Total block memory bits                     ; 66048                    ;
;                                             ;                          ;
; Total DSP Blocks                            ; 0                        ;
;                                             ;                          ;
; Maximum fan-out node                        ; altera_internal_jtag~TDO ;
; Maximum fan-out                             ; 319                      ;
; Total fan-out                               ; 4850                     ;
; Average fan-out                             ; 3.84                     ;
+---------------------------------------------+--------------------------+


+----------------------------------------------------------------------------------------------------------------------------------------------------------------------------------------------------------------------------------------------------------------------------------------------------------------------------------------------------------------------------------------------------------------------------------------------------------------------------------------------------------------------------------------------------------------------------------------------------------------------------------------------------------------+
; Analysis & Synthesis Resource Utilization by Entity                                                                                                                                                                                                                                                                                                                                                                                                                                                                                                                                                                                                            ;
+-----------------------------------------------------------------------------------------------------------------------------------------+---------------------+---------------------------+-------------------+------------+------+--------------+-------------------------------------------------------------------------------------------------------------------------------------------------------------------------------------------------------------------------------------------------------------------------------------------------------------------------------------------------+--------------------------------------+--------------------+
; Compilation Hierarchy Node                                                                                                              ; Combinational ALUTs ; Dedicated Logic Registers ; Block Memory Bits ; DSP Blocks ; Pins ; Virtual Pins ; Full Hierarchy Name                                                                                                                                                                                                                                                                                                                             ; Entity Name                          ; Library Name       ;
+-----------------------------------------------------------------------------------------------------------------------------------------+---------------------+---------------------------+-------------------+------------+------+--------------+-------------------------------------------------------------------------------------------------------------------------------------------------------------------------------------------------------------------------------------------------------------------------------------------------------------------------------------------------+--------------------------------------+--------------------+
; |top                                                                                                                                    ; 677 (6)             ; 560 (12)                  ; 66048             ; 0          ; 1    ; 0            ; |top                                                                                                                                                                                                                                                                                                                                            ; top                                  ; work               ;
;    |jtag_bridge_system:bridge_sys_inst|                                                                                                 ; 567 (0)             ; 470 (0)                   ; 66048             ; 0          ; 0    ; 0            ; |top|jtag_bridge_system:bridge_sys_inst                                                                                                                                                                                                                                                                                                         ; jtag_bridge_system                   ; jtag_bridge_system ;
;       |altera_reset_controller:rst_controller|                                                                                          ; 0 (0)               ; 3 (0)                     ; 0                 ; 0          ; 0    ; 0            ; |top|jtag_bridge_system:bridge_sys_inst|altera_reset_controller:rst_controller                                                                                                                                                                                                                                                                  ; altera_reset_controller              ; jtag_bridge_system ;
;          |altera_reset_synchronizer:alt_rst_sync_uq1|                                                                                   ; 0 (0)               ; 3 (3)                     ; 0                 ; 0          ; 0    ; 0            ; |top|jtag_bridge_system:bridge_sys_inst|altera_reset_controller:rst_controller|altera_reset_synchronizer:alt_rst_sync_uq1                                                                                                                                                                                                                       ; altera_reset_synchronizer            ; jtag_bridge_system ;
;       |capture_buffer:capture_buffer_0|                                                                                                 ; 52 (52)             ; 67 (67)                   ; 65536             ; 0          ; 0    ; 0            ; |top|jtag_bridge_system:bridge_sys_inst|capture_buffer:capture_buffer_0                                                                                                                                                                                                                                                                         ; capture_buffer                       ; jtag_bridge_system ;
;          |altsyncram:mem_rtl_0|                                                                                                         ; 0 (0)               ; 0 (0)                     ; 65536             ; 0          ; 0    ; 0            ; |top|jtag_bridge_system:bridge_sys_inst|capture_buffer:capture_buffer_0|altsyncram:mem_rtl_0                                                                                                                                                                                                                                                    ; altsyncram                           ; work               ;
;             |altsyncram_flo1:auto_generated|                                                                                            ; 0 (0)               ; 0 (0)                     ; 65536             ; 0          ; 0    ; 0            ; |top|jtag_bridge_system:bridge_sys_inst|capture_buffer:capture_buffer_0|altsyncram:mem_rtl_0|altsyncram_flo1:auto_generated                                                                                                                                                                                                                     ; altsyncram_flo1                      ; work               ;
;       |jtag_bridge_system_master_0:master_0|                                                                                            ; 514 (0)             ; 390 (0)                   ; 512               ; 0          ; 0    ; 0            ; |top|jtag_bridge_system:bridge_sys_inst|jtag_bridge_system_master_0:master_0                                                                                                                                                                                                                                                                    ; jtag_bridge_system_master_0          ; jtag_bridge_system ;
;          |altera_avalon_packets_to_master:transacto|                                                                                    ; 167 (0)             ; 73 (0)                    ; 0                 ; 0          ; 0    ; 0            ; |top|jtag_bridge_system:bridge_sys_inst|jtag_bridge_system_master_0:master_0|altera_avalon_packets_to_master:transacto                                                                                                                                                                                                                          ; altera_avalon_packets_to_master      ; jtag_bridge_system ;
;             |packets_to_master:p2m|                                                                                                     ; 167 (167)           ; 73 (73)                   ; 0                 ; 0          ; 0    ; 0            ; |top|jtag_bridge_system:bridge_sys_inst|jtag_bridge_system_master_0:master_0|altera_avalon_packets_to_master:transacto|packets_to_master:p2m                                                                                                                                                                                                    ; packets_to_master                    ; jtag_bridge_system ;
;          |altera_avalon_sc_fifo:fifo|                                                                                                   ; 27 (27)             ; 24 (24)                   ; 512               ; 0          ; 0    ; 0            ; |top|jtag_bridge_system:bridge_sys_inst|jtag_bridge_system_master_0:master_0|altera_avalon_sc_fifo:fifo                                                                                                                                                                                                                                         ; altera_avalon_sc_fifo                ; jtag_bridge_system ;
;             |altsyncram:mem_rtl_0|                                                                                                      ; 0 (0)               ; 0 (0)                     ; 512               ; 0          ; 0    ; 0            ; |top|jtag_bridge_system:bridge_sys_inst|jtag_bridge_system_master_0:master_0|altera_avalon_sc_fifo:fifo|altsyncram:mem_rtl_0                                                                                                                                                                                                                    ; altsyncram                           ; work               ;
;                |altsyncram_g0n1:auto_generated|                                                                                         ; 0 (0)               ; 0 (0)                     ; 512               ; 0          ; 0    ; 0            ; |top|jtag_bridge_system:bridge_sys_inst|jtag_bridge_system_master_0:master_0|altera_avalon_sc_fifo:fifo|altsyncram:mem_rtl_0|altsyncram_g0n1:auto_generated                                                                                                                                                                                     ; altsyncram_g0n1                      ; work               ;
;          |altera_avalon_st_bytes_to_packets:b2p|                                                                                        ; 11 (11)             ; 12 (12)                   ; 0                 ; 0          ; 0    ; 0            ; |top|jtag_bridge_system:bridge_sys_inst|jtag_bridge_system_master_0:master_0|altera_avalon_st_bytes_to_packets:b2p                                                                                                                                                                                                                              ; altera_avalon_st_bytes_to_packets    ; jtag_bridge_system ;
;          |altera_avalon_st_jtag_interface:jtag_phy_embedded_in_jtag_master|                                                             ; 282 (0)             ; 263 (0)                   ; 0                 ; 0          ; 0    ; 0            ; |top|jtag_bridge_system:bridge_sys_inst|jtag_bridge_system_master_0:master_0|altera_avalon_st_jtag_interface:jtag_phy_embedded_in_jtag_master                                                                                                                                                                                                   ; altera_avalon_st_jtag_interface      ; jtag_bridge_system ;
;             |altera_jtag_dc_streaming:normal.jtag_dc_streaming|                                                                         ; 279 (0)             ; 263 (0)                   ; 0                 ; 0          ; 0    ; 0            ; |top|jtag_bridge_system:bridge_sys_inst|jtag_bridge_system_master_0:master_0|altera_avalon_st_jtag_interface:jtag_phy_embedded_in_jtag_master|altera_jtag_dc_streaming:normal.jtag_dc_streaming                                                                                                                                                 ; altera_jtag_dc_streaming             ; jtag_bridge_system ;
;                |altera_avalon_st_clock_crosser:sink_crosser|                                                                            ; 9 (4)               ; 47 (18)                   ; 0                 ; 0          ; 0    ; 0            ; |top|jtag_bridge_system:bridge_sys_inst|jtag_bridge_system_master_0:master_0|altera_avalon_st_jtag_interface:jtag_phy_embedded_in_jtag_master|altera_jtag_dc_streaming:normal.jtag_dc_streaming|altera_avalon_st_clock_crosser:sink_crosser                                                                                                     ; altera_avalon_st_clock_crosser       ; jtag_bridge_system ;
;                   |altera_avalon_st_pipeline_base:output_stage|                                                                         ; 5 (5)               ; 18 (18)                   ; 0                 ; 0          ; 0    ; 0            ; |top|jtag_bridge_system:bridge_sys_inst|jtag_bridge_system_master_0:master_0|altera_avalon_st_jtag_interface:jtag_phy_embedded_in_jtag_master|altera_jtag_dc_streaming:normal.jtag_dc_streaming|altera_avalon_st_clock_crosser:sink_crosser|altera_avalon_st_pipeline_base:output_stage                                                         ; altera_avalon_st_pipeline_base       ; jtag_bridge_system ;
;                   |altera_std_synchronizer_nocut:in_to_out_synchronizer|                                                                ; 0 (0)               ; 3 (3)                     ; 0                 ; 0          ; 0    ; 0            ; |top|jtag_bridge_system:bridge_sys_inst|jtag_bridge_system_master_0:master_0|altera_avalon_st_jtag_interface:jtag_phy_embedded_in_jtag_master|altera_jtag_dc_streaming:normal.jtag_dc_streaming|altera_avalon_st_clock_crosser:sink_crosser|altera_std_synchronizer_nocut:in_to_out_synchronizer                                                ; altera_std_synchronizer_nocut        ; jtag_bridge_system ;
;                   |altera_std_synchronizer_nocut:out_to_in_synchronizer|                                                                ; 0 (0)               ; 8 (8)                     ; 0                 ; 0          ; 0    ; 0            ; |top|jtag_bridge_system:bridge_sys_inst|jtag_bridge_system_master_0:master_0|altera_avalon_st_jtag_interface:jtag_phy_embedded_in_jtag_master|altera_jtag_dc_streaming:normal.jtag_dc_streaming|altera_avalon_st_clock_crosser:sink_crosser|altera_std_synchronizer_nocut:out_to_in_synchronizer                                                ; altera_std_synchronizer_nocut        ; jtag_bridge_system ;
;                |altera_jtag_src_crosser:source_crosser|                                                                                 ; 1 (0)               ; 27 (18)                   ; 0                 ; 0          ; 0    ; 0            ; |top|jtag_bridge_system:bridge_sys_inst|jtag_bridge_system_master_0:master_0|altera_avalon_st_jtag_interface:jtag_phy_embedded_in_jtag_master|altera_jtag_dc_streaming:normal.jtag_dc_streaming|altera_jtag_src_crosser:source_crosser                                                                                                          ; altera_jtag_src_crosser              ; jtag_bridge_system ;
;                   |altera_jtag_control_signal_crosser:crosser|                                                                          ; 1 (1)               ; 9 (1)                     ; 0                 ; 0          ; 0    ; 0            ; |top|jtag_bridge_system:bridge_sys_inst|jtag_bridge_system_master_0:master_0|altera_avalon_st_jtag_interface:jtag_phy_embedded_in_jtag_master|altera_jtag_dc_streaming:normal.jtag_dc_streaming|altera_jtag_src_crosser:source_crosser|altera_jtag_control_signal_crosser:crosser                                                               ; altera_jtag_control_signal_crosser   ; jtag_bridge_system ;
;                      |altera_std_synchronizer:synchronizer|                                                                             ; 0 (0)               ; 8 (8)                     ; 0                 ; 0          ; 0    ; 0            ; |top|jtag_bridge_system:bridge_sys_inst|jtag_bridge_system_master_0:master_0|altera_avalon_st_jtag_interface:jtag_phy_embedded_in_jtag_master|altera_jtag_dc_streaming:normal.jtag_dc_streaming|altera_jtag_src_crosser:source_crosser|altera_jtag_control_signal_crosser:crosser|altera_std_synchronizer:synchronizer                          ; altera_std_synchronizer              ; work               ;
;                |altera_jtag_streaming:jtag_streaming|                                                                                   ; 269 (263)           ; 186 (167)                 ; 0                 ; 0          ; 0    ; 0            ; |top|jtag_bridge_system:bridge_sys_inst|jtag_bridge_system_master_0:master_0|altera_avalon_st_jtag_interface:jtag_phy_embedded_in_jtag_master|altera_jtag_dc_streaming:normal.jtag_dc_streaming|altera_jtag_streaming:jtag_streaming                                                                                                            ; altera_jtag_streaming                ; jtag_bridge_system ;
;                   |altera_avalon_st_idle_inserter:idle_inserter|                                                                        ; 2 (2)               ; 1 (1)                     ; 0                 ; 0          ; 0    ; 0            ; |top|jtag_bridge_system:bridge_sys_inst|jtag_bridge_system_master_0:master_0|altera_avalon_st_jtag_interface:jtag_phy_embedded_in_jtag_master|altera_jtag_dc_streaming:normal.jtag_dc_streaming|altera_jtag_streaming:jtag_streaming|altera_avalon_st_idle_inserter:idle_inserter                                                               ; altera_avalon_st_idle_inserter       ; jtag_bridge_system ;
;                   |altera_avalon_st_idle_remover:idle_remover|                                                                          ; 4 (4)               ; 1 (1)                     ; 0                 ; 0          ; 0    ; 0            ; |top|jtag_bridge_system:bridge_sys_inst|jtag_bridge_system_master_0:master_0|altera_avalon_st_jtag_interface:jtag_phy_embedded_in_jtag_master|altera_jtag_dc_streaming:normal.jtag_dc_streaming|altera_jtag_streaming:jtag_streaming|altera_avalon_st_idle_remover:idle_remover                                                                 ; altera_avalon_st_idle_remover        ; jtag_bridge_system ;
;                   |altera_std_synchronizer:clock_sense_reset_n_synchronizer|                                                            ; 0 (0)               ; 8 (8)                     ; 0                 ; 0          ; 0    ; 0            ; |top|jtag_bridge_system:bridge_sys_inst|jtag_bridge_system_master_0:master_0|altera_avalon_st_jtag_interface:jtag_phy_embedded_in_jtag_master|altera_jtag_dc_streaming:normal.jtag_dc_streaming|altera_jtag_streaming:jtag_streaming|altera_std_synchronizer:clock_sense_reset_n_synchronizer                                                   ; altera_std_synchronizer              ; work               ;
;                   |altera_std_synchronizer:clock_sensor_synchronizer|                                                                   ; 0 (0)               ; 3 (3)                     ; 0                 ; 0          ; 0    ; 0            ; |top|jtag_bridge_system:bridge_sys_inst|jtag_bridge_system_master_0:master_0|altera_avalon_st_jtag_interface:jtag_phy_embedded_in_jtag_master|altera_jtag_dc_streaming:normal.jtag_dc_streaming|altera_jtag_streaming:jtag_streaming|altera_std_synchronizer:clock_sensor_synchronizer                                                          ; altera_std_synchronizer              ; work               ;
;                   |altera_std_synchronizer:clock_to_sample_div2_synchronizer|                                                           ; 0 (0)               ; 3 (3)                     ; 0                 ; 0          ; 0    ; 0            ; |top|jtag_bridge_system:bridge_sys_inst|jtag_bridge_system_master_0:master_0|altera_avalon_st_jtag_interface:jtag_phy_embedded_in_jtag_master|altera_jtag_dc_streaming:normal.jtag_dc_streaming|altera_jtag_streaming:jtag_streaming|altera_std_synchronizer:clock_to_sample_div2_synchronizer                                                  ; altera_std_synchronizer              ; work               ;
;                   |altera_std_synchronizer:reset_to_sample_synchronizer|                                                                ; 0 (0)               ; 3 (3)                     ; 0                 ; 0          ; 0    ; 0            ; |top|jtag_bridge_system:bridge_sys_inst|jtag_bridge_system_master_0:master_0|altera_avalon_st_jtag_interface:jtag_phy_embedded_in_jtag_master|altera_jtag_dc_streaming:normal.jtag_dc_streaming|altera_jtag_streaming:jtag_streaming|altera_std_synchronizer:reset_to_sample_synchronizer                                                       ; altera_std_synchronizer              ; work               ;
;                |altera_std_synchronizer:synchronizer|                                                                                   ; 0 (0)               ; 3 (3)                     ; 0                 ; 0          ; 0    ; 0            ; |top|jtag_bridge_system:bridge_sys_inst|jtag_bridge_system_master_0:master_0|altera_avalon_st_jtag_interface:jtag_phy_embedded_in_jtag_master|altera_jtag_dc_streaming:normal.jtag_dc_streaming|altera_std_synchronizer:synchronizer                                                                                                            ; altera_std_synchronizer              ; work               ;
;             |altera_jtag_sld_node:node|                                                                                                 ; 3 (0)               ; 0 (0)                     ; 0                 ; 0          ; 0    ; 0            ; |top|jtag_bridge_system:bridge_sys_inst|jtag_bridge_system_master_0:master_0|altera_avalon_st_jtag_interface:jtag_phy_embedded_in_jtag_master|altera_jtag_sld_node:node                                                                                                                                                                         ; altera_jtag_sld_node                 ; jtag_bridge_system ;
;                |sld_virtual_jtag_basic:sld_virtual_jtag_component|                                                                      ; 3 (3)               ; 0 (0)                     ; 0                 ; 0          ; 0    ; 0            ; |top|jtag_bridge_system:bridge_sys_inst|jtag_bridge_system_master_0:master_0|altera_avalon_st_jtag_interface:jtag_phy_embedded_in_jtag_master|altera_jtag_sld_node:node|sld_virtual_jtag_basic:sld_virtual_jtag_component                                                                                                                       ; sld_virtual_jtag_basic               ; work               ;
;          |altera_avalon_st_packets_to_bytes:p2b|                                                                                        ; 27 (27)             ; 15 (15)                   ; 0                 ; 0          ; 0    ; 0            ; |top|jtag_bridge_system:bridge_sys_inst|jtag_bridge_system_master_0:master_0|altera_avalon_st_packets_to_bytes:p2b                                                                                                                                                                                                                              ; altera_avalon_st_packets_to_bytes    ; jtag_bridge_system ;
;          |altera_reset_controller:rst_controller|                                                                                       ; 0 (0)               ; 3 (0)                     ; 0                 ; 0          ; 0    ; 0            ; |top|jtag_bridge_system:bridge_sys_inst|jtag_bridge_system_master_0:master_0|altera_reset_controller:rst_controller                                                                                                                                                                                                                             ; altera_reset_controller              ; jtag_bridge_system ;
;             |altera_reset_synchronizer:alt_rst_sync_uq1|                                                                                ; 0 (0)               ; 3 (3)                     ; 0                 ; 0          ; 0    ; 0            ; |top|jtag_bridge_system:bridge_sys_inst|jtag_bridge_system_master_0:master_0|altera_reset_controller:rst_controller|altera_reset_synchronizer:alt_rst_sync_uq1                                                                                                                                                                                  ; altera_reset_synchronizer            ; jtag_bridge_system ;
;       |jtag_bridge_system_mm_interconnect_0:mm_interconnect_0|                                                                          ; 1 (0)               ; 10 (0)                    ; 0                 ; 0          ; 0    ; 0            ; |top|jtag_bridge_system:bridge_sys_inst|jtag_bridge_system_mm_interconnect_0:mm_interconnect_0                                                                                                                                                                                                                                                  ; jtag_bridge_system_mm_interconnect_0 ; jtag_bridge_system ;
;          |altera_merlin_slave_translator:capture_buffer_0_av_translator|                                                                ; 1 (1)               ; 10 (10)                   ; 0                 ; 0          ; 0    ; 0            ; |top|jtag_bridge_system:bridge_sys_inst|jtag_bridge_system_mm_interconnect_0:mm_interconnect_0|altera_merlin_slave_translator:capture_buffer_0_av_translator                                                                                                                                                                                    ; altera_merlin_slave_translator       ; jtag_bridge_system ;
;    |ringsManager:rings_inst|                                                                                                            ; 10 (1)              ; 1 (1)                     ; 0                 ; 0          ; 0    ; 0            ; |top|ringsManager:rings_inst                                                                                                                                                                                                                                                                                                                    ; ringsManager                         ; work               ;
;       |oscilatorRing:\genRings:0:oscRing|                                                                                               ; 3 (3)               ; 0 (0)                     ; 0                 ; 0          ; 0    ; 0            ; |top|ringsManager:rings_inst|oscilatorRing:\genRings:0:oscRing                                                                                                                                                                                                                                                                                  ; oscilatorRing                        ; work               ;
;       |oscilatorRing:\genRings:1:oscRing|                                                                                               ; 3 (3)               ; 0 (0)                     ; 0                 ; 0          ; 0    ; 0            ; |top|ringsManager:rings_inst|oscilatorRing:\genRings:1:oscRing                                                                                                                                                                                                                                                                                  ; oscilatorRing                        ; work               ;
;       |oscilatorRing:\genRings:2:oscRing|                                                                                               ; 3 (3)               ; 0 (0)                     ; 0                 ; 0          ; 0    ; 0            ; |top|ringsManager:rings_inst|oscilatorRing:\genRings:2:oscRing                                                                                                                                                                                                                                                                                  ; oscilatorRing                        ; work               ;
;    |sld_hub:auto_hub|                                                                                                                   ; 94 (1)              ; 77 (0)                    ; 0                 ; 0          ; 0    ; 0            ; |top|sld_hub:auto_hub                                                                                                                                                                                                                                                                                                                           ; sld_hub                              ; altera_sld         ;
;       |alt_sld_fab_with_jtag_input:\instrumentation_fabric_with_node_gen:fabric_gen_new_way:with_jtag_input_gen:instrumentation_fabric| ; 93 (0)              ; 77 (0)                    ; 0                 ; 0          ; 0    ; 0            ; |top|sld_hub:auto_hub|alt_sld_fab_with_jtag_input:\instrumentation_fabric_with_node_gen:fabric_gen_new_way:with_jtag_input_gen:instrumentation_fabric                                                                                                                                                                                           ; alt_sld_fab_with_jtag_input          ; altera_sld         ;
;          |alt_sld_fab:instrumentation_fabric|                                                                                           ; 93 (0)              ; 77 (0)                    ; 0                 ; 0          ; 0    ; 0            ; |top|sld_hub:auto_hub|alt_sld_fab_with_jtag_input:\instrumentation_fabric_with_node_gen:fabric_gen_new_way:with_jtag_input_gen:instrumentation_fabric|alt_sld_fab:instrumentation_fabric                                                                                                                                                        ; alt_sld_fab                          ; alt_sld_fab        ;
;             |alt_sld_fab_alt_sld_fab:alt_sld_fab|                                                                                       ; 93 (1)              ; 77 (5)                    ; 0                 ; 0          ; 0    ; 0            ; |top|sld_hub:auto_hub|alt_sld_fab_with_jtag_input:\instrumentation_fabric_with_node_gen:fabric_gen_new_way:with_jtag_input_gen:instrumentation_fabric|alt_sld_fab:instrumentation_fabric|alt_sld_fab_alt_sld_fab:alt_sld_fab                                                                                                                    ; alt_sld_fab_alt_sld_fab              ; alt_sld_fab        ;
;                |alt_sld_fab_alt_sld_fab_sldfabric:sldfabric|                                                                            ; 92 (0)              ; 72 (0)                    ; 0                 ; 0          ; 0    ; 0            ; |top|sld_hub:auto_hub|alt_sld_fab_with_jtag_input:\instrumentation_fabric_with_node_gen:fabric_gen_new_way:with_jtag_input_gen:instrumentation_fabric|alt_sld_fab:instrumentation_fabric|alt_sld_fab_alt_sld_fab:alt_sld_fab|alt_sld_fab_alt_sld_fab_sldfabric:sldfabric                                                                        ; alt_sld_fab_alt_sld_fab_sldfabric    ; alt_sld_fab        ;
;                   |sld_jtag_hub:\jtag_hub_gen:real_sld_jtag_hub|                                                                        ; 92 (57)             ; 72 (44)                   ; 0                 ; 0          ; 0    ; 0            ; |top|sld_hub:auto_hub|alt_sld_fab_with_jtag_input:\instrumentation_fabric_with_node_gen:fabric_gen_new_way:with_jtag_input_gen:instrumentation_fabric|alt_sld_fab:instrumentation_fabric|alt_sld_fab_alt_sld_fab:alt_sld_fab|alt_sld_fab_alt_sld_fab_sldfabric:sldfabric|sld_jtag_hub:\jtag_hub_gen:real_sld_jtag_hub                           ; sld_jtag_hub                         ; work               ;
;                      |sld_rom_sr:hub_info_reg|                                                                                          ; 16 (16)             ; 9 (9)                     ; 0                 ; 0          ; 0    ; 0            ; |top|sld_hub:auto_hub|alt_sld_fab_with_jtag_input:\instrumentation_fabric_with_node_gen:fabric_gen_new_way:with_jtag_input_gen:instrumentation_fabric|alt_sld_fab:instrumentation_fabric|alt_sld_fab_alt_sld_fab:alt_sld_fab|alt_sld_fab_alt_sld_fab_sldfabric:sldfabric|sld_jtag_hub:\jtag_hub_gen:real_sld_jtag_hub|sld_rom_sr:hub_info_reg   ; sld_rom_sr                           ; work               ;
;                      |sld_shadow_jsm:shadow_jsm|                                                                                        ; 19 (19)             ; 19 (19)                   ; 0                 ; 0          ; 0    ; 0            ; |top|sld_hub:auto_hub|alt_sld_fab_with_jtag_input:\instrumentation_fabric_with_node_gen:fabric_gen_new_way:with_jtag_input_gen:instrumentation_fabric|alt_sld_fab:instrumentation_fabric|alt_sld_fab_alt_sld_fab:alt_sld_fab|alt_sld_fab_alt_sld_fab_sldfabric:sldfabric|sld_jtag_hub:\jtag_hub_gen:real_sld_jtag_hub|sld_shadow_jsm:shadow_jsm ; sld_shadow_jsm                       ; altera_sld         ;
+-----------------------------------------------------------------------------------------------------------------------------------------+---------------------+---------------------------+-------------------+------------+------+--------------+-------------------------------------------------------------------------------------------------------------------------------------------------------------------------------------------------------------------------------------------------------------------------------------------------------------------------------------------------+--------------------------------------+--------------------+
Note: For table entries with two numbers listed, the numbers in parentheses indicate the number of resources of the given type used by the specific entity alone. The numbers listed outside of parentheses indicate the total resources of the given type used by the specific entity and all of its sub-entities in the hierarchy.


+-------------------------------------------------------------------------------------------------------------------------------------------------------------------------------------------------------------------------------------------------------------------------------------------------------------------------+
; Analysis & Synthesis RAM Summary                                                                                                                                                                                                                                                                                        ;
+-------------------------------------------------------------------------------------------------------------------------------------------------------------------+------+------------------+--------------+--------------+--------------+--------------+-------+-------------------------------------------------------+
; Name                                                                                                                                                              ; Type ; Mode             ; Port A Depth ; Port A Width ; Port B Depth ; Port B Width ; Size  ; MIF                                                   ;
+-------------------------------------------------------------------------------------------------------------------------------------------------------------------+------+------------------+--------------+--------------+--------------+--------------+-------+-------------------------------------------------------+
; jtag_bridge_system:bridge_sys_inst|capture_buffer:capture_buffer_0|altsyncram:mem_rtl_0|altsyncram_flo1:auto_generated|ALTSYNCRAM                                 ; AUTO ; Simple Dual Port ; 8192         ; 8            ; 8192         ; 8            ; 65536 ; db/oscilatorRing.ram0_capture_buffer_49830562.hdl.mif ;
; jtag_bridge_system:bridge_sys_inst|jtag_bridge_system_master_0:master_0|altera_avalon_sc_fifo:fifo|altsyncram:mem_rtl_0|altsyncram_g0n1:auto_generated|ALTSYNCRAM ; AUTO ; Simple Dual Port ; 64           ; 8            ; 64           ; 8            ; 512   ; None                                                  ;
+-------------------------------------------------------------------------------------------------------------------------------------------------------------------+------+------------------+--------------+--------------+--------------+--------------+-------+-------------------------------------------------------+


+---------------------------------------------------------------------------------------------------------------------------------------------------------------------------------------------------------------------------------------------------------------------------------------------------------------------------------------------------------------------------------------+
; Analysis & Synthesis IP Cores Summary                                                                                                                                                                                                                                                                                                                                                 ;
+--------+---------------------------------+---------+--------------+--------------+--------------------------------------------------------------------------------------------------------------------------------------------------------------------------------------------------------------------------------------------------------------------------+-------------------------+
; Vendor ; IP Core Name                    ; Version ; Release Date ; License Type ; Entity Instance                                                                                                                                                                                                                                                          ; IP Include File         ;
+--------+---------------------------------+---------+--------------+--------------+--------------------------------------------------------------------------------------------------------------------------------------------------------------------------------------------------------------------------------------------------------------------------+-------------------------+
; Altera ; Signal Tap                      ; N/A     ; N/A          ; Licensed     ; |top|sld_hub:auto_hub|alt_sld_fab_with_jtag_input:\instrumentation_fabric_with_node_gen:fabric_gen_new_way:with_jtag_input_gen:instrumentation_fabric|alt_sld_fab:instrumentation_fabric                                                                                 ;                         ;
; Altera ; Signal Tap                      ; N/A     ; N/A          ; Licensed     ; |top|sld_hub:auto_hub|alt_sld_fab_with_jtag_input:\instrumentation_fabric_with_node_gen:fabric_gen_new_way:with_jtag_input_gen:instrumentation_fabric|alt_sld_fab:instrumentation_fabric|alt_sld_fab_alt_sld_fab:alt_sld_fab                                             ;                         ;
; Altera ; Signal Tap                      ; N/A     ; N/A          ; Licensed     ; |top|sld_hub:auto_hub|alt_sld_fab_with_jtag_input:\instrumentation_fabric_with_node_gen:fabric_gen_new_way:with_jtag_input_gen:instrumentation_fabric|alt_sld_fab:instrumentation_fabric|alt_sld_fab_alt_sld_fab:alt_sld_fab|alt_sld_fab_alt_sld_fab_presplit:presplit   ;                         ;
; Altera ; Signal Tap                      ; N/A     ; N/A          ; Licensed     ; |top|sld_hub:auto_hub|alt_sld_fab_with_jtag_input:\instrumentation_fabric_with_node_gen:fabric_gen_new_way:with_jtag_input_gen:instrumentation_fabric|alt_sld_fab:instrumentation_fabric|alt_sld_fab_alt_sld_fab:alt_sld_fab|alt_sld_fab_alt_sld_fab_sldfabric:sldfabric ;                         ;
; Altera ; Signal Tap                      ; N/A     ; N/A          ; Licensed     ; |top|sld_hub:auto_hub|alt_sld_fab_with_jtag_input:\instrumentation_fabric_with_node_gen:fabric_gen_new_way:with_jtag_input_gen:instrumentation_fabric|alt_sld_fab:instrumentation_fabric|alt_sld_fab_alt_sld_fab:alt_sld_fab|alt_sld_fab_alt_sld_fab_splitter:splitter   ;                         ;
; N/A    ; Qsys                            ; 25.1    ; N/A          ; N/A          ; |top|jtag_bridge_system:bridge_sys_inst                                                                                                                                                                                                                                  ; jtag_bridge_system.qsys ;
; Altera ; altera_jtag_avalon_master       ; 25.1    ; N/A          ; N/A          ; |top|jtag_bridge_system:bridge_sys_inst|jtag_bridge_system_master_0:master_0                                                                                                                                                                                             ; jtag_bridge_system.qsys ;
; Altera ; channel_adapter                 ; 25.1    ; N/A          ; N/A          ; |top|jtag_bridge_system:bridge_sys_inst|jtag_bridge_system_master_0:master_0|jtag_bridge_system_master_0_b2p_adapter:b2p_adapter                                                                                                                                         ; jtag_bridge_system.qsys ;
; Altera ; altera_avalon_sc_fifo           ; 25.1    ; N/A          ; N/A          ; |top|jtag_bridge_system:bridge_sys_inst|jtag_bridge_system_master_0:master_0|altera_avalon_sc_fifo:fifo                                                                                                                                                                  ; jtag_bridge_system.qsys ;
; Altera ; altera_jtag_dc_streaming        ; 25.1    ; N/A          ; N/A          ; |top|jtag_bridge_system:bridge_sys_inst|jtag_bridge_system_master_0:master_0|altera_avalon_st_jtag_interface:jtag_phy_embedded_in_jtag_master                                                                                                                            ; jtag_bridge_system.qsys ;
; Altera ; channel_adapter                 ; 25.1    ; N/A          ; N/A          ; |top|jtag_bridge_system:bridge_sys_inst|jtag_bridge_system_master_0:master_0|jtag_bridge_system_master_0_p2b_adapter:p2b_adapter                                                                                                                                         ; jtag_bridge_system.qsys ;
; Altera ; altera_reset_controller         ; 25.1    ; N/A          ; N/A          ; |top|jtag_bridge_system:bridge_sys_inst|jtag_bridge_system_master_0:master_0|altera_reset_controller:rst_controller                                                                                                                                                      ; jtag_bridge_system.qsys ;
; Altera ; timing_adapter                  ; 25.1    ; N/A          ; N/A          ; |top|jtag_bridge_system:bridge_sys_inst|jtag_bridge_system_master_0:master_0|jtag_bridge_system_master_0_timing_adt:timing_adt                                                                                                                                           ; jtag_bridge_system.qsys ;
; Altera ; altera_mm_interconnect          ; 25.1    ; N/A          ; N/A          ; |top|jtag_bridge_system:bridge_sys_inst|jtag_bridge_system_mm_interconnect_0:mm_interconnect_0                                                                                                                                                                           ; jtag_bridge_system.qsys ;
; Altera ; altera_merlin_slave_translator  ; 25.1    ; N/A          ; N/A          ; |top|jtag_bridge_system:bridge_sys_inst|jtag_bridge_system_mm_interconnect_0:mm_interconnect_0|altera_merlin_slave_translator:capture_buffer_0_av_translator                                                                                                             ; jtag_bridge_system.qsys ;
; Altera ; altera_merlin_master_translator ; 25.1    ; N/A          ; N/A          ; |top|jtag_bridge_system:bridge_sys_inst|jtag_bridge_system_mm_interconnect_0:mm_interconnect_0|altera_merlin_master_translator:master_0_master_translator                                                                                                                ; jtag_bridge_system.qsys ;
; Altera ; altera_reset_controller         ; 25.1    ; N/A          ; N/A          ; |top|jtag_bridge_system:bridge_sys_inst|altera_reset_controller:rst_controller                                                                                                                                                                                           ; jtag_bridge_system.qsys ;
+--------+---------------------------------+---------+--------------+--------------+--------------------------------------------------------------------------------------------------------------------------------------------------------------------------------------------------------------------------------------------------------------------------+-------------------------+


Encoding Type:  One-Hot
+--------------------------------------------------------------------------------------------------------------------------------------------------------------------------------------------------------------------------------------------------------------------------------------------------------------------------------------------------+
; State Machine - |top|jtag_bridge_system:bridge_sys_inst|jtag_bridge_system_master_0:master_0|altera_avalon_packets_to_master:transacto|packets_to_master:p2m|state                                                                                                                                                                               ;
+-----------------------+----------------------+-----------------------+----------------------+---------------------+-------------------+---------------------+------------------+----------------------+-----------------+-----------------+-----------------+-----------------+-----------------+-----------------+-----------------+------------+
; Name                  ; state.READ_SEND_WAIT ; state.READ_SEND_ISSUE ; state.READ_DATA_WAIT ; state.READ_CMD_WAIT ; state.READ_ASSERT ; state.RETURN_PACKET ; state.WRITE_WAIT ; state.GET_WRITE_DATA ; state.GET_ADDR4 ; state.GET_ADDR3 ; state.GET_ADDR2 ; state.GET_ADDR1 ; state.GET_SIZE2 ; state.GET_SIZE1 ; state.GET_EXTRA ; state.0000 ;
+-----------------------+----------------------+-----------------------+----------------------+---------------------+-------------------+---------------------+------------------+----------------------+-----------------+-----------------+-----------------+-----------------+-----------------+-----------------+-----------------+------------+
; state.0000            ; 0                    ; 0                     ; 0                    ; 0                   ; 0                 ; 0                   ; 0                ; 0                    ; 0               ; 0               ; 0               ; 0               ; 0               ; 0               ; 0               ; 0          ;
; state.GET_EXTRA       ; 0                    ; 0                     ; 0                    ; 0                   ; 0                 ; 0                   ; 0                ; 0                    ; 0               ; 0               ; 0               ; 0               ; 0               ; 0               ; 1               ; 1          ;
; state.GET_SIZE1       ; 0                    ; 0                     ; 0                    ; 0                   ; 0                 ; 0                   ; 0                ; 0                    ; 0               ; 0               ; 0               ; 0               ; 0               ; 1               ; 0               ; 1          ;
; state.GET_SIZE2       ; 0                    ; 0                     ; 0                    ; 0                   ; 0                 ; 0                   ; 0                ; 0                    ; 0               ; 0               ; 0               ; 0               ; 1               ; 0               ; 0               ; 1          ;
; state.GET_ADDR1       ; 0                    ; 0                     ; 0                    ; 0                   ; 0                 ; 0                   ; 0                ; 0                    ; 0               ; 0               ; 0               ; 1               ; 0               ; 0               ; 0               ; 1          ;
; state.GET_ADDR2       ; 0                    ; 0                     ; 0                    ; 0                   ; 0                 ; 0                   ; 0                ; 0                    ; 0               ; 0               ; 1               ; 0               ; 0               ; 0               ; 0               ; 1          ;
; state.GET_ADDR3       ; 0                    ; 0                     ; 0                    ; 0                   ; 0                 ; 0                   ; 0                ; 0                    ; 0               ; 1               ; 0               ; 0               ; 0               ; 0               ; 0               ; 1          ;
; state.GET_ADDR4       ; 0                    ; 0                     ; 0                    ; 0                   ; 0                 ; 0                   ; 0                ; 0                    ; 1               ; 0               ; 0               ; 0               ; 0               ; 0               ; 0               ; 1          ;
; state.GET_WRITE_DATA  ; 0                    ; 0                     ; 0                    ; 0                   ; 0                 ; 0                   ; 0                ; 1                    ; 0               ; 0               ; 0               ; 0               ; 0               ; 0               ; 0               ; 1          ;
; state.WRITE_WAIT      ; 0                    ; 0                     ; 0                    ; 0                   ; 0                 ; 0                   ; 1                ; 0                    ; 0               ; 0               ; 0               ; 0               ; 0               ; 0               ; 0               ; 1          ;
; state.RETURN_PACKET   ; 0                    ; 0                     ; 0                    ; 0                   ; 0                 ; 1                   ; 0                ; 0                    ; 0               ; 0               ; 0               ; 0               ; 0               ; 0               ; 0               ; 1          ;
; state.READ_ASSERT     ; 0                    ; 0                     ; 0                    ; 0                   ; 1                 ; 0                   ; 0                ; 0                    ; 0               ; 0               ; 0               ; 0               ; 0               ; 0               ; 0               ; 1          ;
; state.READ_CMD_WAIT   ; 0                    ; 0                     ; 0                    ; 1                   ; 0                 ; 0                   ; 0                ; 0                    ; 0               ; 0               ; 0               ; 0               ; 0               ; 0               ; 0               ; 1          ;
; state.READ_DATA_WAIT  ; 0                    ; 0                     ; 1                    ; 0                   ; 0                 ; 0                   ; 0                ; 0                    ; 0               ; 0               ; 0               ; 0               ; 0               ; 0               ; 0               ; 1          ;
; state.READ_SEND_ISSUE ; 0                    ; 1                     ; 0                    ; 0                   ; 0                 ; 0                   ; 0                ; 0                    ; 0               ; 0               ; 0               ; 0               ; 0               ; 0               ; 0               ; 1          ;
; state.READ_SEND_WAIT  ; 1                    ; 0                     ; 0                    ; 0                   ; 0                 ; 0                   ; 0                ; 0                    ; 0               ; 0               ; 0               ; 0               ; 0               ; 0               ; 0               ; 1          ;
+-----------------------+----------------------+-----------------------+----------------------+---------------------+-------------------+---------------------+------------------+----------------------+-----------------+-----------------+-----------------+-----------------+-----------------+-----------------+-----------------+------------+


Encoding Type:  One-Hot
+-----------------------------------------------------------------------------------------------------------------------------------------------------------------------------------------------------------------------------------------------------------------+
; State Machine - |top|jtag_bridge_system:bridge_sys_inst|jtag_bridge_system_master_0:master_0|altera_avalon_st_jtag_interface:jtag_phy_embedded_in_jtag_master|altera_jtag_dc_streaming:normal.jtag_dc_streaming|altera_jtag_streaming:jtag_streaming|read_state ;
+-------------------------+----------------------+-------------------------+--------------------------------------------------------------------------------------------------------------------------------------------------------------------------------------+
; Name                    ; read_state.ST_HEADER ; read_state.ST_READ_DATA ; read_state.ST_PADDED                                                                                                                                                                 ;
+-------------------------+----------------------+-------------------------+--------------------------------------------------------------------------------------------------------------------------------------------------------------------------------------+
; read_state.ST_HEADER    ; 0                    ; 0                       ; 0                                                                                                                                                                                    ;
; read_state.ST_PADDED    ; 1                    ; 0                       ; 1                                                                                                                                                                                    ;
; read_state.ST_READ_DATA ; 1                    ; 1                       ; 0                                                                                                                                                                                    ;
+-------------------------+----------------------+-------------------------+--------------------------------------------------------------------------------------------------------------------------------------------------------------------------------------+


Encoding Type:  One-Hot
+------------------------------------------------------------------------------------------------------------------------------------------------------------------------------------------------------------------------------------------------------------------+
; State Machine - |top|jtag_bridge_system:bridge_sys_inst|jtag_bridge_system_master_0:master_0|altera_avalon_st_jtag_interface:jtag_phy_embedded_in_jtag_master|altera_jtag_dc_streaming:normal.jtag_dc_streaming|altera_jtag_streaming:jtag_streaming|write_state ;
+---------------------------+---------------------------+-------------------------+-------------------------+------------------------------------------------------------------------------------------------------------------------------------------------------+
; Name                      ; write_state.ST_WRITE_DATA ; write_state.ST_HEADER_2 ; write_state.ST_HEADER_1 ; write_state.ST_BYPASS                                                                                                                                ;
+---------------------------+---------------------------+-------------------------+-------------------------+------------------------------------------------------------------------------------------------------------------------------------------------------+
; write_state.ST_BYPASS     ; 0                         ; 0                       ; 0                       ; 0                                                                                                                                                    ;
; write_state.ST_HEADER_1   ; 0                         ; 0                       ; 1                       ; 1                                                                                                                                                    ;
; write_state.ST_HEADER_2   ; 0                         ; 1                       ; 0                       ; 1                                                                                                                                                    ;
; write_state.ST_WRITE_DATA ; 1                         ; 0                       ; 0                       ; 1                                                                                                                                                    ;
+---------------------------+---------------------------+-------------------------+-------------------------+------------------------------------------------------------------------------------------------------------------------------------------------------+


+-------------------------------------------------------------------------------------------------------------------------------------------------------------------------------------------------------------------------------------------------------------------------------------------------------------------------------------------------------------------------------------------------------------------------------------------+
; Registers Protected by Synthesis                                                                                                                                                                                                                                                                                                                                                                                                          ;
+---------------------------------------------------------------------------------------------------------------------------------------------------------------------------------------------------------------------------------------------------------------------------------------------------------------------------+------------------------------------------------------------------+--------------------------------------------+
; Register Name                                                                                                                                                                                                                                                                                                             ; Protected by Synthesis Attribute or Preserve Register Assignment ; Not to be Touched by Netlist Optimizations ;
+---------------------------------------------------------------------------------------------------------------------------------------------------------------------------------------------------------------------------------------------------------------------------------------------------------------------------+------------------------------------------------------------------+--------------------------------------------+
; jtag_bridge_system:bridge_sys_inst|jtag_bridge_system_master_0:master_0|altera_avalon_st_jtag_interface:jtag_phy_embedded_in_jtag_master|altera_jtag_dc_streaming:normal.jtag_dc_streaming|altera_jtag_streaming:jtag_streaming|altera_std_synchronizer:reset_to_sample_synchronizer|dreg[1]                              ; yes                                                              ; yes                                        ;
; jtag_bridge_system:bridge_sys_inst|jtag_bridge_system_master_0:master_0|altera_avalon_st_jtag_interface:jtag_phy_embedded_in_jtag_master|altera_jtag_dc_streaming:normal.jtag_dc_streaming|altera_avalon_st_clock_crosser:sink_crosser|altera_std_synchronizer_nocut:in_to_out_synchronizer|dreg[1]                       ; yes                                                              ; yes                                        ;
; jtag_bridge_system:bridge_sys_inst|jtag_bridge_system_master_0:master_0|altera_avalon_st_jtag_interface:jtag_phy_embedded_in_jtag_master|altera_jtag_dc_streaming:normal.jtag_dc_streaming|altera_std_synchronizer:synchronizer|dreg[1]                                                                                   ; yes                                                              ; yes                                        ;
; jtag_bridge_system:bridge_sys_inst|jtag_bridge_system_master_0:master_0|altera_avalon_st_jtag_interface:jtag_phy_embedded_in_jtag_master|altera_jtag_dc_streaming:normal.jtag_dc_streaming|altera_jtag_streaming:jtag_streaming|altera_std_synchronizer:reset_to_sample_synchronizer|dreg[0]                              ; yes                                                              ; yes                                        ;
; jtag_bridge_system:bridge_sys_inst|jtag_bridge_system_master_0:master_0|altera_avalon_st_jtag_interface:jtag_phy_embedded_in_jtag_master|altera_jtag_dc_streaming:normal.jtag_dc_streaming|altera_jtag_streaming:jtag_streaming|altera_std_synchronizer:clock_to_sample_div2_synchronizer|dreg[1]                         ; yes                                                              ; yes                                        ;
; jtag_bridge_system:bridge_sys_inst|jtag_bridge_system_master_0:master_0|altera_avalon_st_jtag_interface:jtag_phy_embedded_in_jtag_master|altera_jtag_dc_streaming:normal.jtag_dc_streaming|altera_avalon_st_clock_crosser:sink_crosser|altera_std_synchronizer_nocut:in_to_out_synchronizer|dreg[0]                       ; yes                                                              ; yes                                        ;
; jtag_bridge_system:bridge_sys_inst|jtag_bridge_system_master_0:master_0|altera_avalon_st_jtag_interface:jtag_phy_embedded_in_jtag_master|altera_jtag_dc_streaming:normal.jtag_dc_streaming|altera_std_synchronizer:synchronizer|dreg[0]                                                                                   ; yes                                                              ; yes                                        ;
; jtag_bridge_system:bridge_sys_inst|jtag_bridge_system_master_0:master_0|altera_avalon_st_jtag_interface:jtag_phy_embedded_in_jtag_master|altera_jtag_dc_streaming:normal.jtag_dc_streaming|altera_jtag_streaming:jtag_streaming|altera_std_synchronizer:reset_to_sample_synchronizer|din_s1                               ; yes                                                              ; yes                                        ;
; jtag_bridge_system:bridge_sys_inst|jtag_bridge_system_master_0:master_0|altera_avalon_st_jtag_interface:jtag_phy_embedded_in_jtag_master|altera_jtag_dc_streaming:normal.jtag_dc_streaming|altera_jtag_streaming:jtag_streaming|altera_std_synchronizer:clock_to_sample_div2_synchronizer|dreg[0]                         ; yes                                                              ; yes                                        ;
; jtag_bridge_system:bridge_sys_inst|jtag_bridge_system_master_0:master_0|altera_avalon_st_jtag_interface:jtag_phy_embedded_in_jtag_master|altera_jtag_dc_streaming:normal.jtag_dc_streaming|altera_jtag_streaming:jtag_streaming|altera_std_synchronizer:clock_sensor_synchronizer|dreg[1]                                 ; yes                                                              ; yes                                        ;
; jtag_bridge_system:bridge_sys_inst|jtag_bridge_system_master_0:master_0|altera_avalon_st_jtag_interface:jtag_phy_embedded_in_jtag_master|altera_jtag_dc_streaming:normal.jtag_dc_streaming|altera_avalon_st_clock_crosser:sink_crosser|altera_std_synchronizer_nocut:in_to_out_synchronizer|din_s1                        ; yes                                                              ; yes                                        ;
; jtag_bridge_system:bridge_sys_inst|jtag_bridge_system_master_0:master_0|altera_avalon_st_jtag_interface:jtag_phy_embedded_in_jtag_master|altera_jtag_dc_streaming:normal.jtag_dc_streaming|altera_std_synchronizer:synchronizer|din_s1                                                                                    ; yes                                                              ; yes                                        ;
; jtag_bridge_system:bridge_sys_inst|jtag_bridge_system_master_0:master_0|altera_reset_controller:rst_controller|altera_reset_synchronizer:alt_rst_sync_uq1|altera_reset_synchronizer_int_chain[0]                                                                                                                          ; yes                                                              ; yes                                        ;
; jtag_bridge_system:bridge_sys_inst|jtag_bridge_system_master_0:master_0|altera_avalon_st_jtag_interface:jtag_phy_embedded_in_jtag_master|altera_jtag_dc_streaming:normal.jtag_dc_streaming|altera_avalon_st_clock_crosser:sink_crosser|altera_std_synchronizer_nocut:out_to_in_synchronizer|dreg[6]                       ; yes                                                              ; yes                                        ;
; jtag_bridge_system:bridge_sys_inst|jtag_bridge_system_master_0:master_0|altera_avalon_st_jtag_interface:jtag_phy_embedded_in_jtag_master|altera_jtag_dc_streaming:normal.jtag_dc_streaming|altera_jtag_streaming:jtag_streaming|altera_std_synchronizer:clock_to_sample_div2_synchronizer|din_s1                          ; yes                                                              ; yes                                        ;
; jtag_bridge_system:bridge_sys_inst|jtag_bridge_system_master_0:master_0|altera_avalon_st_jtag_interface:jtag_phy_embedded_in_jtag_master|altera_jtag_dc_streaming:normal.jtag_dc_streaming|altera_jtag_streaming:jtag_streaming|altera_std_synchronizer:clock_sensor_synchronizer|dreg[0]                                 ; yes                                                              ; yes                                        ;
; jtag_bridge_system:bridge_sys_inst|jtag_bridge_system_master_0:master_0|altera_reset_controller:rst_controller|altera_reset_synchronizer:alt_rst_sync_uq1|altera_reset_synchronizer_int_chain[1]                                                                                                                          ; yes                                                              ; yes                                        ;
; jtag_bridge_system:bridge_sys_inst|jtag_bridge_system_master_0:master_0|altera_avalon_st_jtag_interface:jtag_phy_embedded_in_jtag_master|altera_jtag_dc_streaming:normal.jtag_dc_streaming|altera_avalon_st_clock_crosser:sink_crosser|altera_std_synchronizer_nocut:out_to_in_synchronizer|dreg[5]                       ; yes                                                              ; yes                                        ;
; jtag_bridge_system:bridge_sys_inst|jtag_bridge_system_master_0:master_0|altera_avalon_st_jtag_interface:jtag_phy_embedded_in_jtag_master|altera_jtag_dc_streaming:normal.jtag_dc_streaming|altera_jtag_streaming:jtag_streaming|altera_std_synchronizer:clock_sensor_synchronizer|din_s1                                  ; yes                                                              ; yes                                        ;
; jtag_bridge_system:bridge_sys_inst|jtag_bridge_system_master_0:master_0|altera_avalon_st_jtag_interface:jtag_phy_embedded_in_jtag_master|altera_jtag_dc_streaming:normal.jtag_dc_streaming|altera_avalon_st_clock_crosser:sink_crosser|altera_std_synchronizer_nocut:out_to_in_synchronizer|dreg[4]                       ; yes                                                              ; yes                                        ;
; jtag_bridge_system:bridge_sys_inst|jtag_bridge_system_master_0:master_0|altera_avalon_st_jtag_interface:jtag_phy_embedded_in_jtag_master|altera_jtag_dc_streaming:normal.jtag_dc_streaming|altera_avalon_st_clock_crosser:sink_crosser|altera_std_synchronizer_nocut:out_to_in_synchronizer|dreg[3]                       ; yes                                                              ; yes                                        ;
; jtag_bridge_system:bridge_sys_inst|jtag_bridge_system_master_0:master_0|altera_avalon_st_jtag_interface:jtag_phy_embedded_in_jtag_master|altera_jtag_dc_streaming:normal.jtag_dc_streaming|altera_jtag_streaming:jtag_streaming|altera_std_synchronizer:clock_sense_reset_n_synchronizer|dreg[6]                          ; yes                                                              ; yes                                        ;
; jtag_bridge_system:bridge_sys_inst|jtag_bridge_system_master_0:master_0|altera_avalon_st_jtag_interface:jtag_phy_embedded_in_jtag_master|altera_jtag_dc_streaming:normal.jtag_dc_streaming|altera_jtag_src_crosser:source_crosser|src_data[7]                                                                             ; yes                                                              ; yes                                        ;
; jtag_bridge_system:bridge_sys_inst|jtag_bridge_system_master_0:master_0|altera_avalon_st_jtag_interface:jtag_phy_embedded_in_jtag_master|altera_jtag_dc_streaming:normal.jtag_dc_streaming|altera_jtag_src_crosser:source_crosser|src_data[6]                                                                             ; yes                                                              ; yes                                        ;
; jtag_bridge_system:bridge_sys_inst|jtag_bridge_system_master_0:master_0|altera_avalon_st_jtag_interface:jtag_phy_embedded_in_jtag_master|altera_jtag_dc_streaming:normal.jtag_dc_streaming|altera_jtag_src_crosser:source_crosser|src_data[5]                                                                             ; yes                                                              ; yes                                        ;
; jtag_bridge_system:bridge_sys_inst|jtag_bridge_system_master_0:master_0|altera_avalon_st_jtag_interface:jtag_phy_embedded_in_jtag_master|altera_jtag_dc_streaming:normal.jtag_dc_streaming|altera_jtag_src_crosser:source_crosser|src_data[4]                                                                             ; yes                                                              ; yes                                        ;
; jtag_bridge_system:bridge_sys_inst|jtag_bridge_system_master_0:master_0|altera_avalon_st_jtag_interface:jtag_phy_embedded_in_jtag_master|altera_jtag_dc_streaming:normal.jtag_dc_streaming|altera_jtag_src_crosser:source_crosser|src_data[3]                                                                             ; yes                                                              ; yes                                        ;
; jtag_bridge_system:bridge_sys_inst|jtag_bridge_system_master_0:master_0|altera_avalon_st_jtag_interface:jtag_phy_embedded_in_jtag_master|altera_jtag_dc_streaming:normal.jtag_dc_streaming|altera_jtag_src_crosser:source_crosser|src_data[2]                                                                             ; yes                                                              ; yes                                        ;
; jtag_bridge_system:bridge_sys_inst|jtag_bridge_system_master_0:master_0|altera_avalon_st_jtag_interface:jtag_phy_embedded_in_jtag_master|altera_jtag_dc_streaming:normal.jtag_dc_streaming|altera_jtag_src_crosser:source_crosser|src_data[1]                                                                             ; yes                                                              ; yes                                        ;
; jtag_bridge_system:bridge_sys_inst|jtag_bridge_system_master_0:master_0|altera_avalon_st_jtag_interface:jtag_phy_embedded_in_jtag_master|altera_jtag_dc_streaming:normal.jtag_dc_streaming|altera_jtag_src_crosser:source_crosser|src_data[0]                                                                             ; yes                                                              ; yes                                        ;
; jtag_bridge_system:bridge_sys_inst|altera_reset_controller:rst_controller|altera_reset_synchronizer:alt_rst_sync_uq1|altera_reset_synchronizer_int_chain[0]                                                                                                                                                               ; yes                                                              ; yes                                        ;
; jtag_bridge_system:bridge_sys_inst|jtag_bridge_system_master_0:master_0|altera_avalon_st_jtag_interface:jtag_phy_embedded_in_jtag_master|altera_jtag_dc_streaming:normal.jtag_dc_streaming|altera_avalon_st_clock_crosser:sink_crosser|altera_std_synchronizer_nocut:out_to_in_synchronizer|dreg[2]                       ; yes                                                              ; yes                                        ;
; jtag_bridge_system:bridge_sys_inst|jtag_bridge_system_master_0:master_0|altera_avalon_st_jtag_interface:jtag_phy_embedded_in_jtag_master|altera_jtag_dc_streaming:normal.jtag_dc_streaming|altera_jtag_streaming:jtag_streaming|altera_std_synchronizer:clock_sense_reset_n_synchronizer|dreg[5]                          ; yes                                                              ; yes                                        ;
; jtag_bridge_system:bridge_sys_inst|jtag_bridge_system_master_0:master_0|altera_avalon_st_jtag_interface:jtag_phy_embedded_in_jtag_master|altera_jtag_dc_streaming:normal.jtag_dc_streaming|altera_jtag_src_crosser:source_crosser|altera_jtag_control_signal_crosser:crosser|altera_std_synchronizer:synchronizer|dreg[6] ; yes                                                              ; yes                                        ;
; jtag_bridge_system:bridge_sys_inst|altera_reset_controller:rst_controller|altera_reset_synchronizer:alt_rst_sync_uq1|altera_reset_synchronizer_int_chain[1]                                                                                                                                                               ; yes                                                              ; yes                                        ;
; jtag_bridge_system:bridge_sys_inst|jtag_bridge_system_master_0:master_0|altera_avalon_st_jtag_interface:jtag_phy_embedded_in_jtag_master|altera_jtag_dc_streaming:normal.jtag_dc_streaming|altera_avalon_st_clock_crosser:sink_crosser|altera_std_synchronizer_nocut:out_to_in_synchronizer|dreg[1]                       ; yes                                                              ; yes                                        ;
; jtag_bridge_system:bridge_sys_inst|jtag_bridge_system_master_0:master_0|altera_avalon_st_jtag_interface:jtag_phy_embedded_in_jtag_master|altera_jtag_dc_streaming:normal.jtag_dc_streaming|altera_jtag_streaming:jtag_streaming|altera_std_synchronizer:clock_sense_reset_n_synchronizer|dreg[4]                          ; yes                                                              ; yes                                        ;
; jtag_bridge_system:bridge_sys_inst|jtag_bridge_system_master_0:master_0|altera_avalon_st_jtag_interface:jtag_phy_embedded_in_jtag_master|altera_jtag_dc_streaming:normal.jtag_dc_streaming|altera_jtag_src_crosser:source_crosser|altera_jtag_control_signal_crosser:crosser|altera_std_synchronizer:synchronizer|dreg[5] ; yes                                                              ; yes                                        ;
; jtag_bridge_system:bridge_sys_inst|jtag_bridge_system_master_0:master_0|altera_avalon_st_jtag_interface:jtag_phy_embedded_in_jtag_master|altera_jtag_dc_streaming:normal.jtag_dc_streaming|altera_avalon_st_clock_crosser:sink_crosser|altera_std_synchronizer_nocut:out_to_in_synchronizer|dreg[0]                       ; yes                                                              ; yes                                        ;
; jtag_bridge_system:bridge_sys_inst|jtag_bridge_system_master_0:master_0|altera_avalon_st_jtag_interface:jtag_phy_embedded_in_jtag_master|altera_jtag_dc_streaming:normal.jtag_dc_streaming|altera_jtag_streaming:jtag_streaming|altera_std_synchronizer:clock_sense_reset_n_synchronizer|dreg[3]                          ; yes                                                              ; yes                                        ;
; jtag_bridge_system:bridge_sys_inst|jtag_bridge_system_master_0:master_0|altera_avalon_st_jtag_interface:jtag_phy_embedded_in_jtag_master|altera_jtag_dc_streaming:normal.jtag_dc_streaming|altera_jtag_src_crosser:source_crosser|altera_jtag_control_signal_crosser:crosser|altera_std_synchronizer:synchronizer|dreg[4] ; yes                                                              ; yes                                        ;
; jtag_bridge_system:bridge_sys_inst|jtag_bridge_system_master_0:master_0|altera_avalon_st_jtag_interface:jtag_phy_embedded_in_jtag_master|altera_jtag_dc_streaming:normal.jtag_dc_streaming|altera_avalon_st_clock_crosser:sink_crosser|altera_std_synchronizer_nocut:out_to_in_synchronizer|din_s1                        ; yes                                                              ; yes                                        ;
; jtag_bridge_system:bridge_sys_inst|jtag_bridge_system_master_0:master_0|altera_avalon_st_jtag_interface:jtag_phy_embedded_in_jtag_master|altera_jtag_dc_streaming:normal.jtag_dc_streaming|altera_jtag_streaming:jtag_streaming|altera_std_synchronizer:clock_sense_reset_n_synchronizer|dreg[2]                          ; yes                                                              ; yes                                        ;
; jtag_bridge_system:bridge_sys_inst|jtag_bridge_system_master_0:master_0|altera_avalon_st_jtag_interface:jtag_phy_embedded_in_jtag_master|altera_jtag_dc_streaming:normal.jtag_dc_streaming|altera_jtag_src_crosser:source_crosser|altera_jtag_control_signal_crosser:crosser|altera_std_synchronizer:synchronizer|dreg[3] ; yes                                                              ; yes                                        ;
; jtag_bridge_system:bridge_sys_inst|jtag_bridge_system_master_0:master_0|altera_avalon_st_jtag_interface:jtag_phy_embedded_in_jtag_master|altera_jtag_dc_streaming:normal.jtag_dc_streaming|altera_jtag_streaming:jtag_streaming|altera_std_synchronizer:clock_sense_reset_n_synchronizer|dreg[1]                          ; yes                                                              ; yes                                        ;
; jtag_bridge_system:bridge_sys_inst|jtag_bridge_system_master_0:master_0|altera_avalon_st_jtag_interface:jtag_phy_embedded_in_jtag_master|altera_jtag_dc_streaming:normal.jtag_dc_streaming|altera_jtag_src_crosser:source_crosser|altera_jtag_control_signal_crosser:crosser|altera_std_synchronizer:synchronizer|dreg[2] ; yes                                                              ; yes                                        ;
; jtag_bridge_system:bridge_sys_inst|jtag_bridge_system_master_0:master_0|altera_avalon_st_jtag_interface:jtag_phy_embedded_in_jtag_master|altera_jtag_dc_streaming:normal.jtag_dc_streaming|altera_jtag_streaming:jtag_streaming|altera_std_synchronizer:clock_sense_reset_n_synchronizer|dreg[0]                          ; yes                                                              ; yes                                        ;
; jtag_bridge_system:bridge_sys_inst|jtag_bridge_system_master_0:master_0|altera_avalon_st_jtag_interface:jtag_phy_embedded_in_jtag_master|altera_jtag_dc_streaming:normal.jtag_dc_streaming|altera_jtag_src_crosser:source_crosser|altera_jtag_control_signal_crosser:crosser|altera_std_synchronizer:synchronizer|dreg[1] ; yes                                                              ; yes                                        ;
; jtag_bridge_system:bridge_sys_inst|jtag_bridge_system_master_0:master_0|altera_avalon_st_jtag_interface:jtag_phy_embedded_in_jtag_master|altera_jtag_dc_streaming:normal.jtag_dc_streaming|altera_jtag_streaming:jtag_streaming|altera_std_synchronizer:clock_sense_reset_n_synchronizer|din_s1                           ; yes                                                              ; yes                                        ;
; jtag_bridge_system:bridge_sys_inst|jtag_bridge_system_master_0:master_0|altera_avalon_st_jtag_interface:jtag_phy_embedded_in_jtag_master|altera_jtag_dc_streaming:normal.jtag_dc_streaming|altera_jtag_src_crosser:source_crosser|altera_jtag_control_signal_crosser:crosser|altera_std_synchronizer:synchronizer|dreg[0] ; yes                                                              ; yes                                        ;
; jtag_bridge_system:bridge_sys_inst|jtag_bridge_system_master_0:master_0|altera_avalon_st_jtag_interface:jtag_phy_embedded_in_jtag_master|altera_jtag_dc_streaming:normal.jtag_dc_streaming|altera_jtag_src_crosser:source_crosser|altera_jtag_control_signal_crosser:crosser|altera_std_synchronizer:synchronizer|din_s1  ; yes                                                              ; yes                                        ;
; Total number of protected registers is 51                                                                                                                                                                                                                                                                                 ;                                                                  ;                                            ;
+---------------------------------------------------------------------------------------------------------------------------------------------------------------------------------------------------------------------------------------------------------------------------------------------------------------------------+------------------------------------------------------------------+--------------------------------------------+


+---------------------------------------------------------------------------------------------------------------------------------------------------------------------------------------------------------------------------------------------------------------------------------------------------------------------------------------------------------------------------------------------+
; Registers Removed During Synthesis                                                                                                                                                                                                                                                                                                                                                          ;
+-----------------------------------------------------------------------------------------------------------------------------------------------------------------------------------------------------------------------------------------------+---------------------------------------------------------------------------------------------------------------------------------------------+
; Register name                                                                                                                                                                                                                                 ; Reason for Removal                                                                                                                          ;
+-----------------------------------------------------------------------------------------------------------------------------------------------------------------------------------------------------------------------------------------------+---------------------------------------------------------------------------------------------------------------------------------------------+
; jtag_bridge_system:bridge_sys_inst|jtag_bridge_system_mm_interconnect_0:mm_interconnect_0|altera_merlin_slave_translator:capture_buffer_0_av_translator|av_readdata_pre[8..31]                                                                ; Stuck at GND due to stuck port data_in                                                                                                      ;
; jtag_bridge_system:bridge_sys_inst|jtag_bridge_system_mm_interconnect_0:mm_interconnect_0|altera_merlin_slave_translator:capture_buffer_0_av_translator|av_chipselect_pre                                                                     ; Stuck at GND due to stuck port data_in                                                                                                      ;
; jtag_bridge_system:bridge_sys_inst|jtag_bridge_system_master_0:master_0|altera_avalon_packets_to_master:transacto|packets_to_master:p2m|read_data_buffer[0..23]                                                                               ; Stuck at GND due to stuck port data_in                                                                                                      ;
; jtag_bridge_system:bridge_sys_inst|jtag_bridge_system_master_0:master_0|altera_avalon_st_packets_to_bytes:p2b|stored_channel[8]                                                                                                               ; Stuck at GND due to stuck port data_in                                                                                                      ;
; jtag_bridge_system:bridge_sys_inst|jtag_bridge_system_master_0:master_0|altera_avalon_st_jtag_interface:jtag_phy_embedded_in_jtag_master|altera_jtag_dc_streaming:normal.jtag_dc_streaming|altera_jtag_streaming:jtag_streaming|dr_mgmt[0]    ; Stuck at GND due to stuck port data_in                                                                                                      ;
; jtag_bridge_system:bridge_sys_inst|jtag_bridge_system_master_0:master_0|altera_avalon_st_bytes_to_packets:b2p|received_varchannel                                                                                                             ; Stuck at GND due to stuck port data_in                                                                                                      ;
; jtag_bridge_system:bridge_sys_inst|jtag_bridge_system_master_0:master_0|altera_avalon_st_packets_to_bytes:p2b|stored_channel[1]                                                                                                               ; Merged with jtag_bridge_system:bridge_sys_inst|jtag_bridge_system_master_0:master_0|altera_avalon_st_packets_to_bytes:p2b|stored_channel[2] ;
; jtag_bridge_system:bridge_sys_inst|jtag_bridge_system_master_0:master_0|altera_avalon_st_packets_to_bytes:p2b|stored_channel[2]                                                                                                               ; Merged with jtag_bridge_system:bridge_sys_inst|jtag_bridge_system_master_0:master_0|altera_avalon_st_packets_to_bytes:p2b|stored_channel[3] ;
; jtag_bridge_system:bridge_sys_inst|jtag_bridge_system_master_0:master_0|altera_avalon_st_packets_to_bytes:p2b|stored_channel[3]                                                                                                               ; Merged with jtag_bridge_system:bridge_sys_inst|jtag_bridge_system_master_0:master_0|altera_avalon_st_packets_to_bytes:p2b|stored_channel[4] ;
; jtag_bridge_system:bridge_sys_inst|jtag_bridge_system_master_0:master_0|altera_avalon_st_packets_to_bytes:p2b|stored_channel[4]                                                                                                               ; Merged with jtag_bridge_system:bridge_sys_inst|jtag_bridge_system_master_0:master_0|altera_avalon_st_packets_to_bytes:p2b|stored_channel[5] ;
; jtag_bridge_system:bridge_sys_inst|jtag_bridge_system_master_0:master_0|altera_avalon_st_packets_to_bytes:p2b|stored_channel[5]                                                                                                               ; Merged with jtag_bridge_system:bridge_sys_inst|jtag_bridge_system_master_0:master_0|altera_avalon_st_packets_to_bytes:p2b|stored_channel[6] ;
; jtag_bridge_system:bridge_sys_inst|jtag_bridge_system_master_0:master_0|altera_avalon_st_packets_to_bytes:p2b|stored_channel[6]                                                                                                               ; Merged with jtag_bridge_system:bridge_sys_inst|jtag_bridge_system_master_0:master_0|altera_avalon_st_packets_to_bytes:p2b|stored_channel[7] ;
; jtag_bridge_system:bridge_sys_inst|jtag_bridge_system_master_0:master_0|altera_avalon_st_packets_to_bytes:p2b|stored_channel[7]                                                                                                               ; Merged with jtag_bridge_system:bridge_sys_inst|jtag_bridge_system_master_0:master_0|altera_avalon_st_packets_to_bytes:p2b|stored_channel[0] ;
; jtag_bridge_system:bridge_sys_inst|jtag_bridge_system_master_0:master_0|altera_avalon_st_packets_to_bytes:p2b|channel_needs_esc                                                                                                               ; Stuck at GND due to stuck port data_in                                                                                                      ;
; jtag_bridge_system:bridge_sys_inst|jtag_bridge_system_master_0:master_0|altera_avalon_st_jtag_interface:jtag_phy_embedded_in_jtag_master|altera_jtag_dc_streaming:normal.jtag_dc_streaming|altera_jtag_streaming:jtag_streaming|dr_info[9,10] ; Stuck at GND due to stuck port data_in                                                                                                      ;
; jtag_bridge_system:bridge_sys_inst|jtag_bridge_system_master_0:master_0|altera_avalon_st_packets_to_bytes:p2b|channel_escaped                                                                                                                 ; Lost fanout                                                                                                                                 ;
; jtag_bridge_system:bridge_sys_inst|jtag_bridge_system_master_0:master_0|altera_avalon_packets_to_master:transacto|packets_to_master:p2m|state~21                                                                                              ; Lost fanout                                                                                                                                 ;
; jtag_bridge_system:bridge_sys_inst|jtag_bridge_system_master_0:master_0|altera_avalon_packets_to_master:transacto|packets_to_master:p2m|state~22                                                                                              ; Lost fanout                                                                                                                                 ;
; jtag_bridge_system:bridge_sys_inst|jtag_bridge_system_master_0:master_0|altera_avalon_packets_to_master:transacto|packets_to_master:p2m|state~23                                                                                              ; Lost fanout                                                                                                                                 ;
; jtag_bridge_system:bridge_sys_inst|jtag_bridge_system_master_0:master_0|altera_avalon_packets_to_master:transacto|packets_to_master:p2m|state~24                                                                                              ; Lost fanout                                                                                                                                 ;
; jtag_bridge_system:bridge_sys_inst|jtag_bridge_system_master_0:master_0|altera_avalon_st_jtag_interface:jtag_phy_embedded_in_jtag_master|altera_jtag_dc_streaming:normal.jtag_dc_streaming|altera_jtag_streaming:jtag_streaming|write_state~6 ; Lost fanout                                                                                                                                 ;
; jtag_bridge_system:bridge_sys_inst|jtag_bridge_system_master_0:master_0|altera_avalon_st_jtag_interface:jtag_phy_embedded_in_jtag_master|altera_jtag_dc_streaming:normal.jtag_dc_streaming|altera_jtag_streaming:jtag_streaming|write_state~7 ; Lost fanout                                                                                                                                 ;
; jtag_bridge_system:bridge_sys_inst|jtag_bridge_system_master_0:master_0|altera_avalon_packets_to_master:transacto|packets_to_master:p2m|address[16..31]                                                                                       ; Lost fanout                                                                                                                                 ;
; Total Number of Removed Registers = 85                                                                                                                                                                                                        ;                                                                                                                                             ;
+-----------------------------------------------------------------------------------------------------------------------------------------------------------------------------------------------------------------------------------------------+---------------------------------------------------------------------------------------------------------------------------------------------+


+----------------------------------------------------------------------------------------------------------------------------------------------------------------------------------------------------------------------------------------------------------------------------------------------------------------------------------------------------------------------------------------------------------------------------------------------------------------------------------------------------------------------+
; Removed Registers Triggering Further Register Optimizations                                                                                                                                                                                                                                                                                                                                                                                                                                                          ;
+---------------------------------------------------------------------------------------------------------------------------------------------------------------------------------------------------------------------------------------------+---------------------------+--------------------------------------------------------------------------------------------------------------------------------------------------------------------------------------------------------------------------------------------+
; Register name                                                                                                                                                                                                                               ; Reason for Removal        ; Registers Removed due to This Register                                                                                                                                                                                                     ;
+---------------------------------------------------------------------------------------------------------------------------------------------------------------------------------------------------------------------------------------------+---------------------------+--------------------------------------------------------------------------------------------------------------------------------------------------------------------------------------------------------------------------------------------+
; jtag_bridge_system:bridge_sys_inst|jtag_bridge_system_master_0:master_0|altera_avalon_packets_to_master:transacto|packets_to_master:p2m|address[31]                                                                                         ; Lost Fanouts              ; jtag_bridge_system:bridge_sys_inst|jtag_bridge_system_master_0:master_0|altera_avalon_packets_to_master:transacto|packets_to_master:p2m|address[30],                                                                                       ;
;                                                                                                                                                                                                                                             ;                           ; jtag_bridge_system:bridge_sys_inst|jtag_bridge_system_master_0:master_0|altera_avalon_packets_to_master:transacto|packets_to_master:p2m|address[29],                                                                                       ;
;                                                                                                                                                                                                                                             ;                           ; jtag_bridge_system:bridge_sys_inst|jtag_bridge_system_master_0:master_0|altera_avalon_packets_to_master:transacto|packets_to_master:p2m|address[28],                                                                                       ;
;                                                                                                                                                                                                                                             ;                           ; jtag_bridge_system:bridge_sys_inst|jtag_bridge_system_master_0:master_0|altera_avalon_packets_to_master:transacto|packets_to_master:p2m|address[27],                                                                                       ;
;                                                                                                                                                                                                                                             ;                           ; jtag_bridge_system:bridge_sys_inst|jtag_bridge_system_master_0:master_0|altera_avalon_packets_to_master:transacto|packets_to_master:p2m|address[26],                                                                                       ;
;                                                                                                                                                                                                                                             ;                           ; jtag_bridge_system:bridge_sys_inst|jtag_bridge_system_master_0:master_0|altera_avalon_packets_to_master:transacto|packets_to_master:p2m|address[25],                                                                                       ;
;                                                                                                                                                                                                                                             ;                           ; jtag_bridge_system:bridge_sys_inst|jtag_bridge_system_master_0:master_0|altera_avalon_packets_to_master:transacto|packets_to_master:p2m|address[24],                                                                                       ;
;                                                                                                                                                                                                                                             ;                           ; jtag_bridge_system:bridge_sys_inst|jtag_bridge_system_master_0:master_0|altera_avalon_packets_to_master:transacto|packets_to_master:p2m|address[23],                                                                                       ;
;                                                                                                                                                                                                                                             ;                           ; jtag_bridge_system:bridge_sys_inst|jtag_bridge_system_master_0:master_0|altera_avalon_packets_to_master:transacto|packets_to_master:p2m|address[22],                                                                                       ;
;                                                                                                                                                                                                                                             ;                           ; jtag_bridge_system:bridge_sys_inst|jtag_bridge_system_master_0:master_0|altera_avalon_packets_to_master:transacto|packets_to_master:p2m|address[21],                                                                                       ;
;                                                                                                                                                                                                                                             ;                           ; jtag_bridge_system:bridge_sys_inst|jtag_bridge_system_master_0:master_0|altera_avalon_packets_to_master:transacto|packets_to_master:p2m|address[20],                                                                                       ;
;                                                                                                                                                                                                                                             ;                           ; jtag_bridge_system:bridge_sys_inst|jtag_bridge_system_master_0:master_0|altera_avalon_packets_to_master:transacto|packets_to_master:p2m|address[19],                                                                                       ;
;                                                                                                                                                                                                                                             ;                           ; jtag_bridge_system:bridge_sys_inst|jtag_bridge_system_master_0:master_0|altera_avalon_packets_to_master:transacto|packets_to_master:p2m|address[18],                                                                                       ;
;                                                                                                                                                                                                                                             ;                           ; jtag_bridge_system:bridge_sys_inst|jtag_bridge_system_master_0:master_0|altera_avalon_packets_to_master:transacto|packets_to_master:p2m|address[17],                                                                                       ;
;                                                                                                                                                                                                                                             ;                           ; jtag_bridge_system:bridge_sys_inst|jtag_bridge_system_master_0:master_0|altera_avalon_packets_to_master:transacto|packets_to_master:p2m|address[16]                                                                                        ;
; jtag_bridge_system:bridge_sys_inst|jtag_bridge_system_mm_interconnect_0:mm_interconnect_0|altera_merlin_slave_translator:capture_buffer_0_av_translator|av_readdata_pre[18]                                                                 ; Stuck at GND              ; jtag_bridge_system:bridge_sys_inst|jtag_bridge_system_master_0:master_0|altera_avalon_packets_to_master:transacto|packets_to_master:p2m|read_data_buffer[10]                                                                               ;
;                                                                                                                                                                                                                                             ; due to stuck port data_in ;                                                                                                                                                                                                                                            ;
; jtag_bridge_system:bridge_sys_inst|jtag_bridge_system_master_0:master_0|altera_avalon_st_jtag_interface:jtag_phy_embedded_in_jtag_master|altera_jtag_dc_streaming:normal.jtag_dc_streaming|altera_jtag_streaming:jtag_streaming|dr_info[10] ; Stuck at GND              ; jtag_bridge_system:bridge_sys_inst|jtag_bridge_system_master_0:master_0|altera_avalon_st_jtag_interface:jtag_phy_embedded_in_jtag_master|altera_jtag_dc_streaming:normal.jtag_dc_streaming|altera_jtag_streaming:jtag_streaming|dr_info[9] ;
;                                                                                                                                                                                                                                             ; due to stuck port data_in ;                                                                                                                                                                                                                                            ;
; jtag_bridge_system:bridge_sys_inst|jtag_bridge_system_mm_interconnect_0:mm_interconnect_0|altera_merlin_slave_translator:capture_buffer_0_av_translator|av_readdata_pre[8]                                                                  ; Stuck at GND              ; jtag_bridge_system:bridge_sys_inst|jtag_bridge_system_master_0:master_0|altera_avalon_packets_to_master:transacto|packets_to_master:p2m|read_data_buffer[0]                                                                                ;
;                                                                                                                                                                                                                                             ; due to stuck port data_in ;                                                                                                                                                                                                                                            ;
; jtag_bridge_system:bridge_sys_inst|jtag_bridge_system_mm_interconnect_0:mm_interconnect_0|altera_merlin_slave_translator:capture_buffer_0_av_translator|av_readdata_pre[9]                                                                  ; Stuck at GND              ; jtag_bridge_system:bridge_sys_inst|jtag_bridge_system_master_0:master_0|altera_avalon_packets_to_master:transacto|packets_to_master:p2m|read_data_buffer[1]                                                                                ;
;                                                                                                                                                                                                                                             ; due to stuck port data_in ;                                                                                                                                                                                                                                            ;
; jtag_bridge_system:bridge_sys_inst|jtag_bridge_system_mm_interconnect_0:mm_interconnect_0|altera_merlin_slave_translator:capture_buffer_0_av_translator|av_readdata_pre[10]                                                                 ; Stuck at GND              ; jtag_bridge_system:bridge_sys_inst|jtag_bridge_system_master_0:master_0|altera_avalon_packets_to_master:transacto|packets_to_master:p2m|read_data_buffer[2]                                                                                ;
;                                                                                                                                                                                                                                             ; due to stuck port data_in ;                                                                                                                                                                                                                                            ;
; jtag_bridge_system:bridge_sys_inst|jtag_bridge_system_mm_interconnect_0:mm_interconnect_0|altera_merlin_slave_translator:capture_buffer_0_av_translator|av_readdata_pre[11]                                                                 ; Stuck at GND              ; jtag_bridge_system:bridge_sys_inst|jtag_bridge_system_master_0:master_0|altera_avalon_packets_to_master:transacto|packets_to_master:p2m|read_data_buffer[3]                                                                                ;
;                                                                                                                                                                                                                                             ; due to stuck port data_in ;                                                                                                                                                                                                                                            ;
; jtag_bridge_system:bridge_sys_inst|jtag_bridge_system_mm_interconnect_0:mm_interconnect_0|altera_merlin_slave_translator:capture_buffer_0_av_translator|av_readdata_pre[12]                                                                 ; Stuck at GND              ; jtag_bridge_system:bridge_sys_inst|jtag_bridge_system_master_0:master_0|altera_avalon_packets_to_master:transacto|packets_to_master:p2m|read_data_buffer[4]                                                                                ;
;                                                                                                                                                                                                                                             ; due to stuck port data_in ;                                                                                                                                                                                                                                            ;
; jtag_bridge_system:bridge_sys_inst|jtag_bridge_system_mm_interconnect_0:mm_interconnect_0|altera_merlin_slave_translator:capture_buffer_0_av_translator|av_readdata_pre[13]                                                                 ; Stuck at GND              ; jtag_bridge_system:bridge_sys_inst|jtag_bridge_system_master_0:master_0|altera_avalon_packets_to_master:transacto|packets_to_master:p2m|read_data_buffer[5]                                                                                ;
;                                                                                                                                                                                                                                             ; due to stuck port data_in ;                                                                                                                                                                                                                                            ;
; jtag_bridge_system:bridge_sys_inst|jtag_bridge_system_mm_interconnect_0:mm_interconnect_0|altera_merlin_slave_translator:capture_buffer_0_av_translator|av_readdata_pre[14]                                                                 ; Stuck at GND              ; jtag_bridge_system:bridge_sys_inst|jtag_bridge_system_master_0:master_0|altera_avalon_packets_to_master:transacto|packets_to_master:p2m|read_data_buffer[6]                                                                                ;
;                                                                                                                                                                                                                                             ; due to stuck port data_in ;                                                                                                                                                                                                                                            ;
; jtag_bridge_system:bridge_sys_inst|jtag_bridge_system_mm_interconnect_0:mm_interconnect_0|altera_merlin_slave_translator:capture_buffer_0_av_translator|av_readdata_pre[15]                                                                 ; Stuck at GND              ; jtag_bridge_system:bridge_sys_inst|jtag_bridge_system_master_0:master_0|altera_avalon_packets_to_master:transacto|packets_to_master:p2m|read_data_buffer[7]                                                                                ;
;                                                                                                                                                                                                                                             ; due to stuck port data_in ;                                                                                                                                                                                                                                            ;
; jtag_bridge_system:bridge_sys_inst|jtag_bridge_system_mm_interconnect_0:mm_interconnect_0|altera_merlin_slave_translator:capture_buffer_0_av_translator|av_readdata_pre[16]                                                                 ; Stuck at GND              ; jtag_bridge_system:bridge_sys_inst|jtag_bridge_system_master_0:master_0|altera_avalon_packets_to_master:transacto|packets_to_master:p2m|read_data_buffer[8]                                                                                ;
;                                                                                                                                                                                                                                             ; due to stuck port data_in ;                                                                                                                                                                                                                                            ;
; jtag_bridge_system:bridge_sys_inst|jtag_bridge_system_mm_interconnect_0:mm_interconnect_0|altera_merlin_slave_translator:capture_buffer_0_av_translator|av_readdata_pre[17]                                                                 ; Stuck at GND              ; jtag_bridge_system:bridge_sys_inst|jtag_bridge_system_master_0:master_0|altera_avalon_packets_to_master:transacto|packets_to_master:p2m|read_data_buffer[9]                                                                                ;
;                                                                                                                                                                                                                                             ; due to stuck port data_in ;                                                                                                                                                                                                                                            ;
; jtag_bridge_system:bridge_sys_inst|jtag_bridge_system_mm_interconnect_0:mm_interconnect_0|altera_merlin_slave_translator:capture_buffer_0_av_translator|av_readdata_pre[31]                                                                 ; Stuck at GND              ; jtag_bridge_system:bridge_sys_inst|jtag_bridge_system_master_0:master_0|altera_avalon_packets_to_master:transacto|packets_to_master:p2m|read_data_buffer[23]                                                                               ;
;                                                                                                                                                                                                                                             ; due to stuck port data_in ;                                                                                                                                                                                                                                            ;
; jtag_bridge_system:bridge_sys_inst|jtag_bridge_system_mm_interconnect_0:mm_interconnect_0|altera_merlin_slave_translator:capture_buffer_0_av_translator|av_readdata_pre[19]                                                                 ; Stuck at GND              ; jtag_bridge_system:bridge_sys_inst|jtag_bridge_system_master_0:master_0|altera_avalon_packets_to_master:transacto|packets_to_master:p2m|read_data_buffer[11]                                                                               ;
;                                                                                                                                                                                                                                             ; due to stuck port data_in ;                                                                                                                                                                                                                                            ;
; jtag_bridge_system:bridge_sys_inst|jtag_bridge_system_mm_interconnect_0:mm_interconnect_0|altera_merlin_slave_translator:capture_buffer_0_av_translator|av_readdata_pre[20]                                                                 ; Stuck at GND              ; jtag_bridge_system:bridge_sys_inst|jtag_bridge_system_master_0:master_0|altera_avalon_packets_to_master:transacto|packets_to_master:p2m|read_data_buffer[12]                                                                               ;
;                                                                                                                                                                                                                                             ; due to stuck port data_in ;                                                                                                                                                                                                                                            ;
; jtag_bridge_system:bridge_sys_inst|jtag_bridge_system_mm_interconnect_0:mm_interconnect_0|altera_merlin_slave_translator:capture_buffer_0_av_translator|av_readdata_pre[21]                                                                 ; Stuck at GND              ; jtag_bridge_system:bridge_sys_inst|jtag_bridge_system_master_0:master_0|altera_avalon_packets_to_master:transacto|packets_to_master:p2m|read_data_buffer[13]                                                                               ;
;                                                                                                                                                                                                                                             ; due to stuck port data_in ;                                                                                                                                                                                                                                            ;
; jtag_bridge_system:bridge_sys_inst|jtag_bridge_system_mm_interconnect_0:mm_interconnect_0|altera_merlin_slave_translator:capture_buffer_0_av_translator|av_readdata_pre[22]                                                                 ; Stuck at GND              ; jtag_bridge_system:bridge_sys_inst|jtag_bridge_system_master_0:master_0|altera_avalon_packets_to_master:transacto|packets_to_master:p2m|read_data_buffer[14]                                                                               ;
;                                                                                                                                                                                                                                             ; due to stuck port data_in ;                                                                                                                                                                                                                                            ;
; jtag_bridge_system:bridge_sys_inst|jtag_bridge_system_mm_interconnect_0:mm_interconnect_0|altera_merlin_slave_translator:capture_buffer_0_av_translator|av_readdata_pre[23]                                                                 ; Stuck at GND              ; jtag_bridge_system:bridge_sys_inst|jtag_bridge_system_master_0:master_0|altera_avalon_packets_to_master:transacto|packets_to_master:p2m|read_data_buffer[15]                                                                               ;
;                                                                                                                                                                                                                                             ; due to stuck port data_in ;                                                                                                                                                                                                                                            ;
; jtag_bridge_system:bridge_sys_inst|jtag_bridge_system_mm_interconnect_0:mm_interconnect_0|altera_merlin_slave_translator:capture_buffer_0_av_translator|av_readdata_pre[24]                                                                 ; Stuck at GND              ; jtag_bridge_system:bridge_sys_inst|jtag_bridge_system_master_0:master_0|altera_avalon_packets_to_master:transacto|packets_to_master:p2m|read_data_buffer[16]                                                                               ;
;                                                                                                                                                                                                                                             ; due to stuck port data_in ;                                                                                                                                                                                                                                            ;
; jtag_bridge_system:bridge_sys_inst|jtag_bridge_system_mm_interconnect_0:mm_interconnect_0|altera_merlin_slave_translator:capture_buffer_0_av_translator|av_readdata_pre[25]                                                                 ; Stuck at GND              ; jtag_bridge_system:bridge_sys_inst|jtag_bridge_system_master_0:master_0|altera_avalon_packets_to_master:transacto|packets_to_master:p2m|read_data_buffer[17]                                                                               ;
;                                                                                                                                                                                                                                             ; due to stuck port data_in ;                                                                                                                                                                                                                                            ;
; jtag_bridge_system:bridge_sys_inst|jtag_bridge_system_mm_interconnect_0:mm_interconnect_0|altera_merlin_slave_translator:capture_buffer_0_av_translator|av_readdata_pre[26]                                                                 ; Stuck at GND              ; jtag_bridge_system:bridge_sys_inst|jtag_bridge_system_master_0:master_0|altera_avalon_packets_to_master:transacto|packets_to_master:p2m|read_data_buffer[18]                                                                               ;
;                                                                                                                                                                                                                                             ; due to stuck port data_in ;                                                                                                                                                                                                                                            ;
; jtag_bridge_system:bridge_sys_inst|jtag_bridge_system_mm_interconnect_0:mm_interconnect_0|altera_merlin_slave_translator:capture_buffer_0_av_translator|av_readdata_pre[27]                                                                 ; Stuck at GND              ; jtag_bridge_system:bridge_sys_inst|jtag_bridge_system_master_0:master_0|altera_avalon_packets_to_master:transacto|packets_to_master:p2m|read_data_buffer[19]                                                                               ;
;                                                                                                                                                                                                                                             ; due to stuck port data_in ;                                                                                                                                                                                                                                            ;
; jtag_bridge_system:bridge_sys_inst|jtag_bridge_system_mm_interconnect_0:mm_interconnect_0|altera_merlin_slave_translator:capture_buffer_0_av_translator|av_readdata_pre[28]                                                                 ; Stuck at GND              ; jtag_bridge_system:bridge_sys_inst|jtag_bridge_system_master_0:master_0|altera_avalon_packets_to_master:transacto|packets_to_master:p2m|read_data_buffer[20]                                                                               ;
;                                                                                                                                                                                                                                             ; due to stuck port data_in ;                                                                                                                                                                                                                                            ;
; jtag_bridge_system:bridge_sys_inst|jtag_bridge_system_mm_interconnect_0:mm_interconnect_0|altera_merlin_slave_translator:capture_buffer_0_av_translator|av_readdata_pre[29]                                                                 ; Stuck at GND              ; jtag_bridge_system:bridge_sys_inst|jtag_bridge_system_master_0:master_0|altera_avalon_packets_to_master:transacto|packets_to_master:p2m|read_data_buffer[21]                                                                               ;
;                                                                                                                                                                                                                                             ; due to stuck port data_in ;                                                                                                                                                                                                                                            ;
; jtag_bridge_system:bridge_sys_inst|jtag_bridge_system_mm_interconnect_0:mm_interconnect_0|altera_merlin_slave_translator:capture_buffer_0_av_translator|av_readdata_pre[30]                                                                 ; Stuck at GND              ; jtag_bridge_system:bridge_sys_inst|jtag_bridge_system_master_0:master_0|altera_avalon_packets_to_master:transacto|packets_to_master:p2m|read_data_buffer[22]                                                                               ;
;                                                                                                                                                                                                                                             ; due to stuck port data_in ;                                                                                                                                                                                                                                            ;
+---------------------------------------------------------------------------------------------------------------------------------------------------------------------------------------------------------------------------------------------+---------------------------+--------------------------------------------------------------------------------------------------------------------------------------------------------------------------------------------------------------------------------------------+


+------------------------------------------------------+
; General Register Statistics                          ;
+----------------------------------------------+-------+
; Statistic                                    ; Value ;
+----------------------------------------------+-------+
; Total registers                              ; 560   ;
; Number of registers using Synchronous Clear  ; 32    ;
; Number of registers using Synchronous Load   ; 50    ;
; Number of registers using Asynchronous Clear ; 260   ;
; Number of registers using Asynchronous Load  ; 0     ;
; Number of registers using Clock Enable       ; 329   ;
; Number of registers using Preset             ; 0     ;
+----------------------------------------------+-------+


+-------------------------------------------------------------------------------------------------------------------------------------------------------------------------------------------------------------------------------------------------------------------------------------------------------------------------------------------+
; Inverted Register Statistics                                                                                                                                                                                                                                                                                                              ;
+---------------------------------------------------------------------------------------------------------------------------------------------------------------------------------------------------------------------------------------------------------------------------------------------------------------------------------+---------+
; Inverted Register                                                                                                                                                                                                                                                                                                               ; Fan out ;
+---------------------------------------------------------------------------------------------------------------------------------------------------------------------------------------------------------------------------------------------------------------------------------------------------------------------------------+---------+
; jtag_bridge_system:bridge_sys_inst|jtag_bridge_system_master_0:master_0|altera_reset_controller:rst_controller|altera_reset_synchronizer:alt_rst_sync_uq1|altera_reset_synchronizer_int_chain_out                                                                                                                               ; 177     ;
; jtag_bridge_system:bridge_sys_inst|jtag_bridge_system_master_0:master_0|altera_reset_controller:rst_controller|altera_reset_synchronizer:alt_rst_sync_uq1|altera_reset_synchronizer_int_chain[0]                                                                                                                                ; 1       ;
; jtag_bridge_system:bridge_sys_inst|jtag_bridge_system_master_0:master_0|altera_reset_controller:rst_controller|altera_reset_synchronizer:alt_rst_sync_uq1|altera_reset_synchronizer_int_chain[1]                                                                                                                                ; 1       ;
; jtag_bridge_system:bridge_sys_inst|jtag_bridge_system_master_0:master_0|altera_avalon_st_packets_to_bytes:p2b|stored_channel[0]                                                                                                                                                                                                 ; 4       ;
; jtag_bridge_system:bridge_sys_inst|capture_buffer:capture_buffer_0|mem_rtl_0_bypass[28]                                                                                                                                                                                                                                         ; 2       ;
; jtag_bridge_system:bridge_sys_inst|altera_reset_controller:rst_controller|altera_reset_synchronizer:alt_rst_sync_uq1|altera_reset_synchronizer_int_chain_out                                                                                                                                                                    ; 15      ;
; jtag_bridge_system:bridge_sys_inst|capture_buffer:capture_buffer_0|mem_rtl_0_bypass[32]                                                                                                                                                                                                                                         ; 1       ;
; jtag_bridge_system:bridge_sys_inst|capture_buffer:capture_buffer_0|mem_rtl_0_bypass[30]                                                                                                                                                                                                                                         ; 2       ;
; jtag_bridge_system:bridge_sys_inst|capture_buffer:capture_buffer_0|mem_rtl_0_bypass[42]                                                                                                                                                                                                                                         ; 1       ;
; jtag_bridge_system:bridge_sys_inst|capture_buffer:capture_buffer_0|mem_rtl_0_bypass[40]                                                                                                                                                                                                                                         ; 1       ;
; jtag_bridge_system:bridge_sys_inst|capture_buffer:capture_buffer_0|mem_rtl_0_bypass[38]                                                                                                                                                                                                                                         ; 1       ;
; jtag_bridge_system:bridge_sys_inst|capture_buffer:capture_buffer_0|mem_rtl_0_bypass[36]                                                                                                                                                                                                                                         ; 1       ;
; jtag_bridge_system:bridge_sys_inst|capture_buffer:capture_buffer_0|mem_rtl_0_bypass[34]                                                                                                                                                                                                                                         ; 1       ;
; jtag_bridge_system:bridge_sys_inst|jtag_bridge_system_mm_interconnect_0:mm_interconnect_0|altera_merlin_slave_translator:capture_buffer_0_av_translator|waitrequest_reset_override                                                                                                                                              ; 1       ;
; jtag_bridge_system:bridge_sys_inst|altera_reset_controller:rst_controller|altera_reset_synchronizer:alt_rst_sync_uq1|altera_reset_synchronizer_int_chain[0]                                                                                                                                                                     ; 1       ;
; jtag_bridge_system:bridge_sys_inst|jtag_bridge_system_master_0:master_0|altera_avalon_sc_fifo:fifo|empty                                                                                                                                                                                                                        ; 2       ;
; jtag_bridge_system:bridge_sys_inst|jtag_bridge_system_master_0:master_0|altera_avalon_st_jtag_interface:jtag_phy_embedded_in_jtag_master|altera_jtag_dc_streaming:normal.jtag_dc_streaming|altera_jtag_streaming:jtag_streaming|clock_sense_reset_n                                                                             ; 8       ;
; jtag_bridge_system:bridge_sys_inst|altera_reset_controller:rst_controller|altera_reset_synchronizer:alt_rst_sync_uq1|altera_reset_synchronizer_int_chain[1]                                                                                                                                                                     ; 1       ;
; sld_hub:auto_hub|alt_sld_fab_with_jtag_input:\instrumentation_fabric_with_node_gen:fabric_gen_new_way:with_jtag_input_gen:instrumentation_fabric|alt_sld_fab:instrumentation_fabric|alt_sld_fab_alt_sld_fab:alt_sld_fab|alt_sld_fab_alt_sld_fab_sldfabric:sldfabric|sld_jtag_hub:\jtag_hub_gen:real_sld_jtag_hub|jtag_ir_reg[1] ; 3       ;
; sld_hub:auto_hub|alt_sld_fab_with_jtag_input:\instrumentation_fabric_with_node_gen:fabric_gen_new_way:with_jtag_input_gen:instrumentation_fabric|alt_sld_fab:instrumentation_fabric|alt_sld_fab_alt_sld_fab:alt_sld_fab|alt_sld_fab_alt_sld_fab_sldfabric:sldfabric|sld_jtag_hub:\jtag_hub_gen:real_sld_jtag_hub|jtag_ir_reg[2] ; 3       ;
; Total number of inverted registers = 20                                                                                                                                                                                                                                                                                         ;         ;
+---------------------------------------------------------------------------------------------------------------------------------------------------------------------------------------------------------------------------------------------------------------------------------------------------------------------------------+---------+


+-----------------------------------------------------------------------------------------------------------------------------------------------------------------------------------------------------------------------------------------------------+
; Registers Packed Into Inferred Megafunctions                                                                                                                                                                                                        ;
+-------------------------------------------------------------------------------------------------------------------------------+--------------------------------------------------------------------------------------------------------------+------+
; Register Name                                                                                                                 ; Megafunction                                                                                                 ; Type ;
+-------------------------------------------------------------------------------------------------------------------------------+--------------------------------------------------------------------------------------------------------------+------+
; jtag_bridge_system:bridge_sys_inst|jtag_bridge_system_master_0:master_0|altera_avalon_sc_fifo:fifo|internal_out_payload[0..7] ; jtag_bridge_system:bridge_sys_inst|jtag_bridge_system_master_0:master_0|altera_avalon_sc_fifo:fifo|mem_rtl_0 ; RAM  ;
+-------------------------------------------------------------------------------------------------------------------------------+--------------------------------------------------------------------------------------------------------------+------+


+------------------------------------------------------------------------------------------------------------------------------------------------------------------------+
; Registers Added for RAM Pass-Through Logic                                                                                                                             ;
+-----------------------------------------------------------------------------------------+------------------------------------------------------------------------------+
; Register Name                                                                           ; RAM Name                                                                     ;
+-----------------------------------------------------------------------------------------+------------------------------------------------------------------------------+
; jtag_bridge_system:bridge_sys_inst|capture_buffer:capture_buffer_0|mem_rtl_0_bypass[0]  ; jtag_bridge_system:bridge_sys_inst|capture_buffer:capture_buffer_0|mem_rtl_0 ;
; jtag_bridge_system:bridge_sys_inst|capture_buffer:capture_buffer_0|mem_rtl_0_bypass[1]  ; jtag_bridge_system:bridge_sys_inst|capture_buffer:capture_buffer_0|mem_rtl_0 ;
; jtag_bridge_system:bridge_sys_inst|capture_buffer:capture_buffer_0|mem_rtl_0_bypass[2]  ; jtag_bridge_system:bridge_sys_inst|capture_buffer:capture_buffer_0|mem_rtl_0 ;
; jtag_bridge_system:bridge_sys_inst|capture_buffer:capture_buffer_0|mem_rtl_0_bypass[3]  ; jtag_bridge_system:bridge_sys_inst|capture_buffer:capture_buffer_0|mem_rtl_0 ;
; jtag_bridge_system:bridge_sys_inst|capture_buffer:capture_buffer_0|mem_rtl_0_bypass[4]  ; jtag_bridge_system:bridge_sys_inst|capture_buffer:capture_buffer_0|mem_rtl_0 ;
; jtag_bridge_system:bridge_sys_inst|capture_buffer:capture_buffer_0|mem_rtl_0_bypass[5]  ; jtag_bridge_system:bridge_sys_inst|capture_buffer:capture_buffer_0|mem_rtl_0 ;
; jtag_bridge_system:bridge_sys_inst|capture_buffer:capture_buffer_0|mem_rtl_0_bypass[6]  ; jtag_bridge_system:bridge_sys_inst|capture_buffer:capture_buffer_0|mem_rtl_0 ;
; jtag_bridge_system:bridge_sys_inst|capture_buffer:capture_buffer_0|mem_rtl_0_bypass[7]  ; jtag_bridge_system:bridge_sys_inst|capture_buffer:capture_buffer_0|mem_rtl_0 ;
; jtag_bridge_system:bridge_sys_inst|capture_buffer:capture_buffer_0|mem_rtl_0_bypass[8]  ; jtag_bridge_system:bridge_sys_inst|capture_buffer:capture_buffer_0|mem_rtl_0 ;
; jtag_bridge_system:bridge_sys_inst|capture_buffer:capture_buffer_0|mem_rtl_0_bypass[9]  ; jtag_bridge_system:bridge_sys_inst|capture_buffer:capture_buffer_0|mem_rtl_0 ;
; jtag_bridge_system:bridge_sys_inst|capture_buffer:capture_buffer_0|mem_rtl_0_bypass[10] ; jtag_bridge_system:bridge_sys_inst|capture_buffer:capture_buffer_0|mem_rtl_0 ;
; jtag_bridge_system:bridge_sys_inst|capture_buffer:capture_buffer_0|mem_rtl_0_bypass[11] ; jtag_bridge_system:bridge_sys_inst|capture_buffer:capture_buffer_0|mem_rtl_0 ;
; jtag_bridge_system:bridge_sys_inst|capture_buffer:capture_buffer_0|mem_rtl_0_bypass[12] ; jtag_bridge_system:bridge_sys_inst|capture_buffer:capture_buffer_0|mem_rtl_0 ;
; jtag_bridge_system:bridge_sys_inst|capture_buffer:capture_buffer_0|mem_rtl_0_bypass[13] ; jtag_bridge_system:bridge_sys_inst|capture_buffer:capture_buffer_0|mem_rtl_0 ;
; jtag_bridge_system:bridge_sys_inst|capture_buffer:capture_buffer_0|mem_rtl_0_bypass[14] ; jtag_bridge_system:bridge_sys_inst|capture_buffer:capture_buffer_0|mem_rtl_0 ;
; jtag_bridge_system:bridge_sys_inst|capture_buffer:capture_buffer_0|mem_rtl_0_bypass[15] ; jtag_bridge_system:bridge_sys_inst|capture_buffer:capture_buffer_0|mem_rtl_0 ;
; jtag_bridge_system:bridge_sys_inst|capture_buffer:capture_buffer_0|mem_rtl_0_bypass[16] ; jtag_bridge_system:bridge_sys_inst|capture_buffer:capture_buffer_0|mem_rtl_0 ;
; jtag_bridge_system:bridge_sys_inst|capture_buffer:capture_buffer_0|mem_rtl_0_bypass[17] ; jtag_bridge_system:bridge_sys_inst|capture_buffer:capture_buffer_0|mem_rtl_0 ;
; jtag_bridge_system:bridge_sys_inst|capture_buffer:capture_buffer_0|mem_rtl_0_bypass[18] ; jtag_bridge_system:bridge_sys_inst|capture_buffer:capture_buffer_0|mem_rtl_0 ;
; jtag_bridge_system:bridge_sys_inst|capture_buffer:capture_buffer_0|mem_rtl_0_bypass[19] ; jtag_bridge_system:bridge_sys_inst|capture_buffer:capture_buffer_0|mem_rtl_0 ;
; jtag_bridge_system:bridge_sys_inst|capture_buffer:capture_buffer_0|mem_rtl_0_bypass[20] ; jtag_bridge_system:bridge_sys_inst|capture_buffer:capture_buffer_0|mem_rtl_0 ;
; jtag_bridge_system:bridge_sys_inst|capture_buffer:capture_buffer_0|mem_rtl_0_bypass[21] ; jtag_bridge_system:bridge_sys_inst|capture_buffer:capture_buffer_0|mem_rtl_0 ;
; jtag_bridge_system:bridge_sys_inst|capture_buffer:capture_buffer_0|mem_rtl_0_bypass[22] ; jtag_bridge_system:bridge_sys_inst|capture_buffer:capture_buffer_0|mem_rtl_0 ;
; jtag_bridge_system:bridge_sys_inst|capture_buffer:capture_buffer_0|mem_rtl_0_bypass[23] ; jtag_bridge_system:bridge_sys_inst|capture_buffer:capture_buffer_0|mem_rtl_0 ;
; jtag_bridge_system:bridge_sys_inst|capture_buffer:capture_buffer_0|mem_rtl_0_bypass[24] ; jtag_bridge_system:bridge_sys_inst|capture_buffer:capture_buffer_0|mem_rtl_0 ;
; jtag_bridge_system:bridge_sys_inst|capture_buffer:capture_buffer_0|mem_rtl_0_bypass[25] ; jtag_bridge_system:bridge_sys_inst|capture_buffer:capture_buffer_0|mem_rtl_0 ;
; jtag_bridge_system:bridge_sys_inst|capture_buffer:capture_buffer_0|mem_rtl_0_bypass[26] ; jtag_bridge_system:bridge_sys_inst|capture_buffer:capture_buffer_0|mem_rtl_0 ;
; jtag_bridge_system:bridge_sys_inst|capture_buffer:capture_buffer_0|mem_rtl_0_bypass[27] ; jtag_bridge_system:bridge_sys_inst|capture_buffer:capture_buffer_0|mem_rtl_0 ;
; jtag_bridge_system:bridge_sys_inst|capture_buffer:capture_buffer_0|mem_rtl_0_bypass[28] ; jtag_bridge_system:bridge_sys_inst|capture_buffer:capture_buffer_0|mem_rtl_0 ;
; jtag_bridge_system:bridge_sys_inst|capture_buffer:capture_buffer_0|mem_rtl_0_bypass[29] ; jtag_bridge_system:bridge_sys_inst|capture_buffer:capture_buffer_0|mem_rtl_0 ;
; jtag_bridge_system:bridge_sys_inst|capture_buffer:capture_buffer_0|mem_rtl_0_bypass[30] ; jtag_bridge_system:bridge_sys_inst|capture_buffer:capture_buffer_0|mem_rtl_0 ;
; jtag_bridge_system:bridge_sys_inst|capture_buffer:capture_buffer_0|mem_rtl_0_bypass[31] ; jtag_bridge_system:bridge_sys_inst|capture_buffer:capture_buffer_0|mem_rtl_0 ;
; jtag_bridge_system:bridge_sys_inst|capture_buffer:capture_buffer_0|mem_rtl_0_bypass[32] ; jtag_bridge_system:bridge_sys_inst|capture_buffer:capture_buffer_0|mem_rtl_0 ;
; jtag_bridge_system:bridge_sys_inst|capture_buffer:capture_buffer_0|mem_rtl_0_bypass[33] ; jtag_bridge_system:bridge_sys_inst|capture_buffer:capture_buffer_0|mem_rtl_0 ;
; jtag_bridge_system:bridge_sys_inst|capture_buffer:capture_buffer_0|mem_rtl_0_bypass[34] ; jtag_bridge_system:bridge_sys_inst|capture_buffer:capture_buffer_0|mem_rtl_0 ;
; jtag_bridge_system:bridge_sys_inst|capture_buffer:capture_buffer_0|mem_rtl_0_bypass[35] ; jtag_bridge_system:bridge_sys_inst|capture_buffer:capture_buffer_0|mem_rtl_0 ;
; jtag_bridge_system:bridge_sys_inst|capture_buffer:capture_buffer_0|mem_rtl_0_bypass[36] ; jtag_bridge_system:bridge_sys_inst|capture_buffer:capture_buffer_0|mem_rtl_0 ;
; jtag_bridge_system:bridge_sys_inst|capture_buffer:capture_buffer_0|mem_rtl_0_bypass[37] ; jtag_bridge_system:bridge_sys_inst|capture_buffer:capture_buffer_0|mem_rtl_0 ;
; jtag_bridge_system:bridge_sys_inst|capture_buffer:capture_buffer_0|mem_rtl_0_bypass[38] ; jtag_bridge_system:bridge_sys_inst|capture_buffer:capture_buffer_0|mem_rtl_0 ;
; jtag_bridge_system:bridge_sys_inst|capture_buffer:capture_buffer_0|mem_rtl_0_bypass[39] ; jtag_bridge_system:bridge_sys_inst|capture_buffer:capture_buffer_0|mem_rtl_0 ;
; jtag_bridge_system:bridge_sys_inst|capture_buffer:capture_buffer_0|mem_rtl_0_bypass[40] ; jtag_bridge_system:bridge_sys_inst|capture_buffer:capture_buffer_0|mem_rtl_0 ;
; jtag_bridge_system:bridge_sys_inst|capture_buffer:capture_buffer_0|mem_rtl_0_bypass[41] ; jtag_bridge_system:bridge_sys_inst|capture_buffer:capture_buffer_0|mem_rtl_0 ;
; jtag_bridge_system:bridge_sys_inst|capture_buffer:capture_buffer_0|mem_rtl_0_bypass[42] ; jtag_bridge_system:bridge_sys_inst|capture_buffer:capture_buffer_0|mem_rtl_0 ;
+-----------------------------------------------------------------------------------------+------------------------------------------------------------------------------+


+---------------------------------------------------------------------------------------------------------------------------------------------------------------------------------------------------------------------------------------------------------------------------------------------------------------------------------------------------------------------------------------------+
; Multiplexer Restructuring Statistics (Restructuring Performed)                                                                                                                                                                                                                                                                                                                              ;
+--------------------+-----------+---------------+----------------------+------------------------+------------+-------------------------------------------------------------------------------------------------------------------------------------------------------------------------------------------------------------------------------------------------------------------------------+
; Multiplexer Inputs ; Bus Width ; Baseline Area ; Area if Restructured ; Saving if Restructured ; Registered ; Example Multiplexer Output                                                                                                                                                                                                                                                    ;
+--------------------+-----------+---------------+----------------------+------------------------+------------+-------------------------------------------------------------------------------------------------------------------------------------------------------------------------------------------------------------------------------------------------------------------------------+
; 3:1                ; 18 bits   ; 36 LEs        ; 18 LEs               ; 18 LEs                 ; Yes        ; |top|jtag_bridge_system:bridge_sys_inst|jtag_bridge_system_master_0:master_0|altera_avalon_st_jtag_interface:jtag_phy_embedded_in_jtag_master|altera_jtag_dc_streaming:normal.jtag_dc_streaming|altera_jtag_streaming:jtag_streaming|dr_control[8]                            ;
; 3:1                ; 2 bits    ; 4 LEs         ; 2 LEs                ; 2 LEs                  ; Yes        ; |top|jtag_bridge_system:bridge_sys_inst|jtag_bridge_system_master_0:master_0|altera_avalon_st_jtag_interface:jtag_phy_embedded_in_jtag_master|altera_jtag_dc_streaming:normal.jtag_dc_streaming|altera_jtag_streaming:jtag_streaming|dr_debug[1]                              ;
; 3:1                ; 4 bits    ; 8 LEs         ; 4 LEs                ; 4 LEs                  ; Yes        ; |top|jtag_bridge_system:bridge_sys_inst|jtag_bridge_system_master_0:master_0|altera_avalon_st_jtag_interface:jtag_phy_embedded_in_jtag_master|altera_jtag_dc_streaming:normal.jtag_dc_streaming|altera_jtag_streaming:jtag_streaming|header_out_bit_counter[0]                ;
; 3:1                ; 8 bits    ; 16 LEs        ; 0 LEs                ; 16 LEs                 ; Yes        ; |top|jtag_bridge_system:bridge_sys_inst|jtag_bridge_system_master_0:master_0|altera_avalon_st_jtag_interface:jtag_phy_embedded_in_jtag_master|altera_jtag_dc_streaming:normal.jtag_dc_streaming|altera_jtag_streaming:jtag_streaming|bypass_bit_counter[2]                    ;
; 3:1                ; 3 bits    ; 6 LEs         ; 3 LEs                ; 3 LEs                  ; Yes        ; |top|jtag_bridge_system:bridge_sys_inst|jtag_bridge_system_master_0:master_0|altera_avalon_st_jtag_interface:jtag_phy_embedded_in_jtag_master|altera_jtag_dc_streaming:normal.jtag_dc_streaming|altera_jtag_streaming:jtag_streaming|read_data_bit_counter[2]                 ;
; 3:1                ; 3 bits    ; 6 LEs         ; 3 LEs                ; 3 LEs                  ; Yes        ; |top|jtag_bridge_system:bridge_sys_inst|jtag_bridge_system_master_0:master_0|altera_avalon_st_jtag_interface:jtag_phy_embedded_in_jtag_master|altera_jtag_dc_streaming:normal.jtag_dc_streaming|altera_jtag_streaming:jtag_streaming|write_data_bit_counter[0]                ;
; 3:1                ; 4 bits    ; 8 LEs         ; 4 LEs                ; 4 LEs                  ; Yes        ; |top|jtag_bridge_system:bridge_sys_inst|jtag_bridge_system_master_0:master_0|altera_avalon_st_jtag_interface:jtag_phy_embedded_in_jtag_master|altera_jtag_dc_streaming:normal.jtag_dc_streaming|altera_jtag_streaming:jtag_streaming|header_in_bit_counter[1]                 ;
; 4:1                ; 2 bits    ; 4 LEs         ; 4 LEs                ; 0 LEs                  ; Yes        ; |top|jtag_bridge_system:bridge_sys_inst|capture_buffer:capture_buffer_0|capturing                                                                                                                                                                                             ;
; 4:1                ; 13 bits   ; 26 LEs        ; 0 LEs                ; 26 LEs                 ; Yes        ; |top|jtag_bridge_system:bridge_sys_inst|capture_buffer:capture_buffer_0|writePtr[8]                                                                                                                                                                                           ;
; 3:1                ; 2 bits    ; 4 LEs         ; 2 LEs                ; 2 LEs                  ; Yes        ; |top|jtag_bridge_system:bridge_sys_inst|jtag_bridge_system_master_0:master_0|altera_avalon_st_jtag_interface:jtag_phy_embedded_in_jtag_master|altera_jtag_dc_streaming:normal.jtag_dc_streaming|altera_jtag_streaming:jtag_streaming|scan_length_byte_counter[7]              ;
; 3:1                ; 10 bits   ; 20 LEs        ; 0 LEs                ; 20 LEs                 ; Yes        ; |top|jtag_bridge_system:bridge_sys_inst|jtag_bridge_system_master_0:master_0|altera_avalon_st_jtag_interface:jtag_phy_embedded_in_jtag_master|altera_jtag_dc_streaming:normal.jtag_dc_streaming|altera_jtag_streaming:jtag_streaming|scan_length_byte_counter[8]              ;
; 4:1                ; 7 bits    ; 14 LEs        ; 14 LEs               ; 0 LEs                  ; Yes        ; |top|jtag_bridge_system:bridge_sys_inst|jtag_bridge_system_master_0:master_0|altera_avalon_st_jtag_interface:jtag_phy_embedded_in_jtag_master|altera_jtag_dc_streaming:normal.jtag_dc_streaming|altera_jtag_streaming:jtag_streaming|valid_write_data_length_byte_counter[6]  ;
; 4:1                ; 12 bits   ; 24 LEs        ; 12 LEs               ; 12 LEs                 ; Yes        ; |top|jtag_bridge_system:bridge_sys_inst|jtag_bridge_system_master_0:master_0|altera_avalon_st_jtag_interface:jtag_phy_embedded_in_jtag_master|altera_jtag_dc_streaming:normal.jtag_dc_streaming|altera_jtag_streaming:jtag_streaming|valid_write_data_length_byte_counter[13] ;
; 4:1                ; 7 bits    ; 14 LEs        ; 7 LEs                ; 7 LEs                  ; Yes        ; |top|jtag_bridge_system:bridge_sys_inst|jtag_bridge_system_master_0:master_0|altera_avalon_st_jtag_interface:jtag_phy_embedded_in_jtag_master|altera_jtag_dc_streaming:normal.jtag_dc_streaming|altera_jtag_streaming:jtag_streaming|scan_length_byte_counter[2]              ;
; 5:1                ; 8 bits    ; 24 LEs        ; 0 LEs                ; 24 LEs                 ; Yes        ; |top|jtag_bridge_system:bridge_sys_inst|jtag_bridge_system_master_0:master_0|altera_avalon_packets_to_master:transacto|packets_to_master:p2m|address[26]                                                                                                                      ;
; 5:1                ; 8 bits    ; 24 LEs        ; 0 LEs                ; 24 LEs                 ; Yes        ; |top|jtag_bridge_system:bridge_sys_inst|jtag_bridge_system_master_0:master_0|altera_avalon_packets_to_master:transacto|packets_to_master:p2m|address[21]                                                                                                                      ;
; 6:1                ; 8 bits    ; 32 LEs        ; 16 LEs               ; 16 LEs                 ; Yes        ; |top|jtag_bridge_system:bridge_sys_inst|jtag_bridge_system_master_0:master_0|altera_avalon_packets_to_master:transacto|packets_to_master:p2m|counter[14]                                                                                                                      ;
; 6:1                ; 8 bits    ; 32 LEs        ; 16 LEs               ; 16 LEs                 ; Yes        ; |top|jtag_bridge_system:bridge_sys_inst|jtag_bridge_system_master_0:master_0|altera_avalon_packets_to_master:transacto|packets_to_master:p2m|counter[1]                                                                                                                       ;
; 7:1                ; 7 bits    ; 28 LEs        ; 28 LEs               ; 0 LEs                  ; Yes        ; |top|jtag_bridge_system:bridge_sys_inst|jtag_bridge_system_master_0:master_0|altera_avalon_st_packets_to_bytes:p2b|out_data[2]                                                                                                                                                ;
; 5:1                ; 3 bits    ; 9 LEs         ; 6 LEs                ; 3 LEs                  ; Yes        ; |top|jtag_bridge_system:bridge_sys_inst|jtag_bridge_system_master_0:master_0|altera_avalon_st_jtag_interface:jtag_phy_embedded_in_jtag_master|altera_jtag_dc_streaming:normal.jtag_dc_streaming|altera_jtag_streaming:jtag_streaming|padded_bit_counter[2]                    ;
; 5:1                ; 5 bits    ; 15 LEs        ; 10 LEs               ; 5 LEs                  ; Yes        ; |top|jtag_bridge_system:bridge_sys_inst|jtag_bridge_system_master_0:master_0|altera_avalon_st_jtag_interface:jtag_phy_embedded_in_jtag_master|altera_jtag_dc_streaming:normal.jtag_dc_streaming|altera_jtag_streaming:jtag_streaming|padded_bit_counter[7]                    ;
; 9:1                ; 2 bits    ; 12 LEs        ; 4 LEs                ; 8 LEs                  ; Yes        ; |top|jtag_bridge_system:bridge_sys_inst|jtag_bridge_system_master_0:master_0|altera_avalon_packets_to_master:transacto|packets_to_master:p2m|current_byte[1]                                                                                                                  ;
; 13:1               ; 7 bits    ; 56 LEs        ; 28 LEs               ; 28 LEs                 ; Yes        ; |top|jtag_bridge_system:bridge_sys_inst|jtag_bridge_system_master_0:master_0|altera_avalon_packets_to_master:transacto|packets_to_master:p2m|out_data[3]                                                                                                                      ;
; 12:1               ; 5 bits    ; 40 LEs        ; 25 LEs               ; 15 LEs                 ; Yes        ; |top|jtag_bridge_system:bridge_sys_inst|jtag_bridge_system_master_0:master_0|altera_avalon_st_jtag_interface:jtag_phy_embedded_in_jtag_master|altera_jtag_dc_streaming:normal.jtag_dc_streaming|altera_jtag_streaming:jtag_streaming|dr_data_out[1]                           ;
; 3:1                ; 4 bits    ; 8 LEs         ; 8 LEs                ; 0 LEs                  ; No         ; |top|jtag_bridge_system:bridge_sys_inst|jtag_bridge_system_master_0:master_0|altera_avalon_st_jtag_interface:jtag_phy_embedded_in_jtag_master|altera_jtag_dc_streaming:normal.jtag_dc_streaming|altera_jtag_streaming:jtag_streaming|decoded_read_data_length[14]             ;
; 3:1                ; 4 bits    ; 8 LEs         ; 8 LEs                ; 0 LEs                  ; No         ; |top|jtag_bridge_system:bridge_sys_inst|jtag_bridge_system_master_0:master_0|altera_avalon_st_jtag_interface:jtag_phy_embedded_in_jtag_master|altera_jtag_dc_streaming:normal.jtag_dc_streaming|altera_jtag_streaming:jtag_streaming|decoded_read_data_length[7]              ;
; 3:1                ; 4 bits    ; 8 LEs         ; 8 LEs                ; 0 LEs                  ; No         ; |top|jtag_bridge_system:bridge_sys_inst|jtag_bridge_system_master_0:master_0|altera_avalon_st_jtag_interface:jtag_phy_embedded_in_jtag_master|altera_jtag_dc_streaming:normal.jtag_dc_streaming|altera_jtag_streaming:jtag_streaming|decoded_write_data_length[14]            ;
; 3:1                ; 4 bits    ; 8 LEs         ; 8 LEs                ; 0 LEs                  ; No         ; |top|jtag_bridge_system:bridge_sys_inst|jtag_bridge_system_master_0:master_0|altera_avalon_st_jtag_interface:jtag_phy_embedded_in_jtag_master|altera_jtag_dc_streaming:normal.jtag_dc_streaming|altera_jtag_streaming:jtag_streaming|decoded_write_data_length[7]             ;
; 5:1                ; 7 bits    ; 21 LEs        ; 14 LEs               ; 7 LEs                  ; No         ; |top|jtag_bridge_system:bridge_sys_inst|jtag_bridge_system_master_0:master_0|altera_avalon_packets_to_master:transacto|packets_to_master:p2m|Selector57                                                                                                                       ;
; 5:1                ; 6 bits    ; 18 LEs        ; 12 LEs               ; 6 LEs                  ; No         ; |top|jtag_bridge_system:bridge_sys_inst|jtag_bridge_system_master_0:master_0|altera_avalon_packets_to_master:transacto|packets_to_master:p2m|Selector64                                                                                                                       ;
; 5:1                ; 2 bits    ; 6 LEs         ; 4 LEs                ; 2 LEs                  ; No         ; |top|jtag_bridge_system:bridge_sys_inst|jtag_bridge_system_master_0:master_0|altera_avalon_st_jtag_interface:jtag_phy_embedded_in_jtag_master|altera_jtag_dc_streaming:normal.jtag_dc_streaming|altera_jtag_streaming:jtag_streaming|read_state                               ;
; 6:1                ; 2 bits    ; 8 LEs         ; 6 LEs                ; 2 LEs                  ; No         ; |top|jtag_bridge_system:bridge_sys_inst|jtag_bridge_system_master_0:master_0|altera_avalon_st_jtag_interface:jtag_phy_embedded_in_jtag_master|altera_jtag_dc_streaming:normal.jtag_dc_streaming|altera_jtag_streaming:jtag_streaming|write_state                              ;
; 6:1                ; 2 bits    ; 8 LEs         ; 4 LEs                ; 4 LEs                  ; No         ; |top|jtag_bridge_system:bridge_sys_inst|jtag_bridge_system_master_0:master_0|altera_avalon_st_jtag_interface:jtag_phy_embedded_in_jtag_master|altera_jtag_dc_streaming:normal.jtag_dc_streaming|altera_jtag_streaming:jtag_streaming|write_state                              ;
; 13:1               ; 2 bits    ; 16 LEs        ; 8 LEs                ; 8 LEs                  ; No         ; |top|jtag_bridge_system:bridge_sys_inst|jtag_bridge_system_master_0:master_0|altera_avalon_packets_to_master:transacto|packets_to_master:p2m|state                                                                                                                            ;
; 14:1               ; 2 bits    ; 18 LEs        ; 8 LEs                ; 10 LEs                 ; No         ; |top|jtag_bridge_system:bridge_sys_inst|jtag_bridge_system_master_0:master_0|altera_avalon_packets_to_master:transacto|packets_to_master:p2m|state                                                                                                                            ;
+--------------------+-----------+---------------+----------------------+------------------------+------------+-------------------------------------------------------------------------------------------------------------------------------------------------------------------------------------------------------------------------------------------------------------------------------+


+----------------------------------------------------------------------------------+
; Source assignments for ringsManager:rings_inst|oscilatorRing:\genRings:0:oscRing ;
+------------------------------+-------+------+------------------------------------+
; Assignment                   ; Value ; From ; To                                 ;
+------------------------------+-------+------+------------------------------------+
; IGNORE_LCELL_BUFFERS         ; off   ; -    ; step[0]                            ;
; REMOVE_REDUNDANT_LOGIC_CELLS ; off   ; -    ; step[0]                            ;
; IGNORE_LCELL_BUFFERS         ; off   ; -    ; step[1]                            ;
; REMOVE_REDUNDANT_LOGIC_CELLS ; off   ; -    ; step[1]                            ;
; IGNORE_LCELL_BUFFERS         ; off   ; -    ; step[2]                            ;
; REMOVE_REDUNDANT_LOGIC_CELLS ; off   ; -    ; step[2]                            ;
+------------------------------+-------+------+------------------------------------+


+----------------------------------------------------------------------------------+
; Source assignments for ringsManager:rings_inst|oscilatorRing:\genRings:1:oscRing ;
+------------------------------+-------+------+------------------------------------+
; Assignment                   ; Value ; From ; To                                 ;
+------------------------------+-------+------+------------------------------------+
; IGNORE_LCELL_BUFFERS         ; off   ; -    ; step[0]                            ;
; REMOVE_REDUNDANT_LOGIC_CELLS ; off   ; -    ; step[0]                            ;
; IGNORE_LCELL_BUFFERS         ; off   ; -    ; step[1]                            ;
; REMOVE_REDUNDANT_LOGIC_CELLS ; off   ; -    ; step[1]                            ;
; IGNORE_LCELL_BUFFERS         ; off   ; -    ; step[2]                            ;
; REMOVE_REDUNDANT_LOGIC_CELLS ; off   ; -    ; step[2]                            ;
+------------------------------+-------+------+------------------------------------+


+----------------------------------------------------------------------------------+
; Source assignments for ringsManager:rings_inst|oscilatorRing:\genRings:2:oscRing ;
+------------------------------+-------+------+------------------------------------+
; Assignment                   ; Value ; From ; To                                 ;
+------------------------------+-------+------+------------------------------------+
; IGNORE_LCELL_BUFFERS         ; off   ; -    ; step[0]                            ;
; REMOVE_REDUNDANT_LOGIC_CELLS ; off   ; -    ; step[0]                            ;
; IGNORE_LCELL_BUFFERS         ; off   ; -    ; step[1]                            ;
; REMOVE_REDUNDANT_LOGIC_CELLS ; off   ; -    ; step[1]                            ;
; IGNORE_LCELL_BUFFERS         ; off   ; -    ; step[2]                            ;
; REMOVE_REDUNDANT_LOGIC_CELLS ; off   ; -    ; step[2]                            ;
+------------------------------+-------+------+------------------------------------+


+--------------------------------------------------------------------------------------------------------------------------------------------------------------------------------------------------------------------------------------------------------+
; Source assignments for jtag_bridge_system:bridge_sys_inst|jtag_bridge_system_master_0:master_0|altera_avalon_st_jtag_interface:jtag_phy_embedded_in_jtag_master|altera_jtag_dc_streaming:normal.jtag_dc_streaming|altera_std_synchronizer:synchronizer ;
+-----------------------------+------------------------+------+------------------------------------------------------------------------------------------------------------------------------------------------------------------------------------------+
; Assignment                  ; Value                  ; From ; To                                                                                                                                                                                       ;
+-----------------------------+------------------------+------+------------------------------------------------------------------------------------------------------------------------------------------------------------------------------------------+
; ADV_NETLIST_OPT_ALLOWED     ; NEVER_ALLOW            ; -    ; dreg[0]                                                                                                                                                                                  ;
; SYNCHRONIZER_IDENTIFICATION ; FORCED_IF_ASYNCHRONOUS ; -    ; dreg[0]                                                                                                                                                                                  ;
; DONT_MERGE_REGISTER         ; ON                     ; -    ; dreg[0]                                                                                                                                                                                  ;
; PRESERVE_REGISTER           ; ON                     ; -    ; dreg[0]                                                                                                                                                                                  ;
; ADV_NETLIST_OPT_ALLOWED     ; NEVER_ALLOW            ; -    ; din_s1                                                                                                                                                                                   ;
; SYNCHRONIZER_IDENTIFICATION ; FORCED_IF_ASYNCHRONOUS ; -    ; din_s1                                                                                                                                                                                   ;
; DONT_MERGE_REGISTER         ; ON                     ; -    ; din_s1                                                                                                                                                                                   ;
; PRESERVE_REGISTER           ; ON                     ; -    ; din_s1                                                                                                                                                                                   ;
; ADV_NETLIST_OPT_ALLOWED     ; NEVER_ALLOW            ; -    ; dreg[1]                                                                                                                                                                                  ;
; SYNCHRONIZER_IDENTIFICATION ; FORCED_IF_ASYNCHRONOUS ; -    ; dreg[1]                                                                                                                                                                                  ;
; DONT_MERGE_REGISTER         ; ON                     ; -    ; dreg[1]                                                                                                                                                                                  ;
; PRESERVE_REGISTER           ; ON                     ; -    ; dreg[1]                                                                                                                                                                                  ;
+-----------------------------+------------------------+------+------------------------------------------------------------------------------------------------------------------------------------------------------------------------------------------+


+--------------------------------------------------------------------------------------------------------------------------------------------------------------------------------------------------------------------------------------------------------+
; Source assignments for jtag_bridge_system:bridge_sys_inst|jtag_bridge_system_master_0:master_0|altera_avalon_st_jtag_interface:jtag_phy_embedded_in_jtag_master|altera_jtag_dc_streaming:normal.jtag_dc_streaming|altera_jtag_streaming:jtag_streaming ;
+---------------+-------+------+-------------------------------------------------------------------------------------------------------------------------------------------------------------------------------------------------------------------------+
; Assignment    ; Value ; From ; To                                                                                                                                                                                                                      ;
+---------------+-------+------+-------------------------------------------------------------------------------------------------------------------------------------------------------------------------------------------------------------------------+
; GLOBAL_SIGNAL ; OFF   ; -    ; clock_sense_reset_n                                                                                                                                                                                                     ;
+---------------+-------+------+-------------------------------------------------------------------------------------------------------------------------------------------------------------------------------------------------------------------------+


+----------------------------------------------------------------------------------------------------------------------------------------------------------------------------------------------------------------------------------------------------------------------------------------------------------+
; Source assignments for jtag_bridge_system:bridge_sys_inst|jtag_bridge_system_master_0:master_0|altera_avalon_st_jtag_interface:jtag_phy_embedded_in_jtag_master|altera_jtag_dc_streaming:normal.jtag_dc_streaming|altera_jtag_streaming:jtag_streaming|altera_std_synchronizer:clock_sensor_synchronizer ;
+-----------------------------+------------------------+------+--------------------------------------------------------------------------------------------------------------------------------------------------------------------------------------------------------------------------------------------+
; Assignment                  ; Value                  ; From ; To                                                                                                                                                                                                                                         ;
+-----------------------------+------------------------+------+--------------------------------------------------------------------------------------------------------------------------------------------------------------------------------------------------------------------------------------------+
; ADV_NETLIST_OPT_ALLOWED     ; NEVER_ALLOW            ; -    ; dreg[0]                                                                                                                                                                                                                                    ;
; SYNCHRONIZER_IDENTIFICATION ; FORCED_IF_ASYNCHRONOUS ; -    ; dreg[0]                                                                                                                                                                                                                                    ;
; DONT_MERGE_REGISTER         ; ON                     ; -    ; dreg[0]                                                                                                                                                                                                                                    ;
; PRESERVE_REGISTER           ; ON                     ; -    ; dreg[0]                                                                                                                                                                                                                                    ;
; ADV_NETLIST_OPT_ALLOWED     ; NEVER_ALLOW            ; -    ; din_s1                                                                                                                                                                                                                                     ;
; SYNCHRONIZER_IDENTIFICATION ; FORCED_IF_ASYNCHRONOUS ; -    ; din_s1                                                                                                                                                                                                                                     ;
; DONT_MERGE_REGISTER         ; ON                     ; -    ; din_s1                                                                                                                                                                                                                                     ;
; PRESERVE_REGISTER           ; ON                     ; -    ; din_s1                                                                                                                                                                                                                                     ;
; ADV_NETLIST_OPT_ALLOWED     ; NEVER_ALLOW            ; -    ; dreg[1]                                                                                                                                                                                                                                    ;
; SYNCHRONIZER_IDENTIFICATION ; FORCED_IF_ASYNCHRONOUS ; -    ; dreg[1]                                                                                                                                                                                                                                    ;
; DONT_MERGE_REGISTER         ; ON                     ; -    ; dreg[1]                                                                                                                                                                                                                                    ;
; PRESERVE_REGISTER           ; ON                     ; -    ; dreg[1]                                                                                                                                                                                                                                    ;
+-----------------------------+------------------------+------+--------------------------------------------------------------------------------------------------------------------------------------------------------------------------------------------------------------------------------------------+


+-------------------------------------------------------------------------------------------------------------------------------------------------------------------------------------------------------------------------------------------------------------------------------------------------------------+
; Source assignments for jtag_bridge_system:bridge_sys_inst|jtag_bridge_system_master_0:master_0|altera_avalon_st_jtag_interface:jtag_phy_embedded_in_jtag_master|altera_jtag_dc_streaming:normal.jtag_dc_streaming|altera_jtag_streaming:jtag_streaming|altera_std_synchronizer:reset_to_sample_synchronizer ;
+-----------------------------+------------------------+------+-----------------------------------------------------------------------------------------------------------------------------------------------------------------------------------------------------------------------------------------------+
; Assignment                  ; Value                  ; From ; To                                                                                                                                                                                                                                            ;
+-----------------------------+------------------------+------+-----------------------------------------------------------------------------------------------------------------------------------------------------------------------------------------------------------------------------------------------+
; ADV_NETLIST_OPT_ALLOWED     ; NEVER_ALLOW            ; -    ; dreg[0]                                                                                                                                                                                                                                       ;
; SYNCHRONIZER_IDENTIFICATION ; FORCED_IF_ASYNCHRONOUS ; -    ; dreg[0]                                                                                                                                                                                                                                       ;
; DONT_MERGE_REGISTER         ; ON                     ; -    ; dreg[0]                                                                                                                                                                                                                                       ;
; PRESERVE_REGISTER           ; ON                     ; -    ; dreg[0]                                                                                                                                                                                                                                       ;
; ADV_NETLIST_OPT_ALLOWED     ; NEVER_ALLOW            ; -    ; din_s1                                                                                                                                                                                                                                        ;
; SYNCHRONIZER_IDENTIFICATION ; FORCED_IF_ASYNCHRONOUS ; -    ; din_s1                                                                                                                                                                                                                                        ;
; DONT_MERGE_REGISTER         ; ON                     ; -    ; din_s1                                                                                                                                                                                                                                        ;
; PRESERVE_REGISTER           ; ON                     ; -    ; din_s1                                                                                                                                                                                                                                        ;
; ADV_NETLIST_OPT_ALLOWED     ; NEVER_ALLOW            ; -    ; dreg[1]                                                                                                                                                                                                                                       ;
; SYNCHRONIZER_IDENTIFICATION ; FORCED_IF_ASYNCHRONOUS ; -    ; dreg[1]                                                                                                                                                                                                                                       ;
; DONT_MERGE_REGISTER         ; ON                     ; -    ; dreg[1]                                                                                                                                                                                                                                       ;
; PRESERVE_REGISTER           ; ON                     ; -    ; dreg[1]                                                                                                                                                                                                                                       ;
+-----------------------------+------------------------+------+-----------------------------------------------------------------------------------------------------------------------------------------------------------------------------------------------------------------------------------------------+


+------------------------------------------------------------------------------------------------------------------------------------------------------------------------------------------------------------------------------------------------------------------------------------------------------------------+
; Source assignments for jtag_bridge_system:bridge_sys_inst|jtag_bridge_system_master_0:master_0|altera_avalon_st_jtag_interface:jtag_phy_embedded_in_jtag_master|altera_jtag_dc_streaming:normal.jtag_dc_streaming|altera_jtag_streaming:jtag_streaming|altera_std_synchronizer:clock_to_sample_div2_synchronizer ;
+-----------------------------+------------------------+------+----------------------------------------------------------------------------------------------------------------------------------------------------------------------------------------------------------------------------------------------------+
; Assignment                  ; Value                  ; From ; To                                                                                                                                                                                                                                                 ;
+-----------------------------+------------------------+------+----------------------------------------------------------------------------------------------------------------------------------------------------------------------------------------------------------------------------------------------------+
; ADV_NETLIST_OPT_ALLOWED     ; NEVER_ALLOW            ; -    ; dreg[0]                                                                                                                                                                                                                                            ;
; SYNCHRONIZER_IDENTIFICATION ; FORCED_IF_ASYNCHRONOUS ; -    ; dreg[0]                                                                                                                                                                                                                                            ;
; DONT_MERGE_REGISTER         ; ON                     ; -    ; dreg[0]                                                                                                                                                                                                                                            ;
; PRESERVE_REGISTER           ; ON                     ; -    ; dreg[0]                                                                                                                                                                                                                                            ;
; ADV_NETLIST_OPT_ALLOWED     ; NEVER_ALLOW            ; -    ; din_s1                                                                                                                                                                                                                                             ;
; SYNCHRONIZER_IDENTIFICATION ; FORCED_IF_ASYNCHRONOUS ; -    ; din_s1                                                                                                                                                                                                                                             ;
; DONT_MERGE_REGISTER         ; ON                     ; -    ; din_s1                                                                                                                                                                                                                                             ;
; PRESERVE_REGISTER           ; ON                     ; -    ; din_s1                                                                                                                                                                                                                                             ;
; ADV_NETLIST_OPT_ALLOWED     ; NEVER_ALLOW            ; -    ; dreg[1]                                                                                                                                                                                                                                            ;
; SYNCHRONIZER_IDENTIFICATION ; FORCED_IF_ASYNCHRONOUS ; -    ; dreg[1]                                                                                                                                                                                                                                            ;
; DONT_MERGE_REGISTER         ; ON                     ; -    ; dreg[1]                                                                                                                                                                                                                                            ;
; PRESERVE_REGISTER           ; ON                     ; -    ; dreg[1]                                                                                                                                                                                                                                            ;
+-----------------------------+------------------------+------+----------------------------------------------------------------------------------------------------------------------------------------------------------------------------------------------------------------------------------------------------+


+-----------------------------------------------------------------------------------------------------------------------------------------------------------------------------------------------------------------------------------------------------------------------------------------------------------------+
; Source assignments for jtag_bridge_system:bridge_sys_inst|jtag_bridge_system_master_0:master_0|altera_avalon_st_jtag_interface:jtag_phy_embedded_in_jtag_master|altera_jtag_dc_streaming:normal.jtag_dc_streaming|altera_jtag_streaming:jtag_streaming|altera_std_synchronizer:clock_sense_reset_n_synchronizer ;
+-----------------------------+------------------------+------+---------------------------------------------------------------------------------------------------------------------------------------------------------------------------------------------------------------------------------------------------+
; Assignment                  ; Value                  ; From ; To                                                                                                                                                                                                                                                ;
+-----------------------------+------------------------+------+---------------------------------------------------------------------------------------------------------------------------------------------------------------------------------------------------------------------------------------------------+
; ADV_NETLIST_OPT_ALLOWED     ; NEVER_ALLOW            ; -    ; dreg[0]                                                                                                                                                                                                                                           ;
; SYNCHRONIZER_IDENTIFICATION ; FORCED_IF_ASYNCHRONOUS ; -    ; dreg[0]                                                                                                                                                                                                                                           ;
; DONT_MERGE_REGISTER         ; ON                     ; -    ; dreg[0]                                                                                                                                                                                                                                           ;
; PRESERVE_REGISTER           ; ON                     ; -    ; dreg[0]                                                                                                                                                                                                                                           ;
; ADV_NETLIST_OPT_ALLOWED     ; NEVER_ALLOW            ; -    ; din_s1                                                                                                                                                                                                                                            ;
; SYNCHRONIZER_IDENTIFICATION ; FORCED_IF_ASYNCHRONOUS ; -    ; din_s1                                                                                                                                                                                                                                            ;
; DONT_MERGE_REGISTER         ; ON                     ; -    ; din_s1                                                                                                                                                                                                                                            ;
; PRESERVE_REGISTER           ; ON                     ; -    ; din_s1                                                                                                                                                                                                                                            ;
; ADV_NETLIST_OPT_ALLOWED     ; NEVER_ALLOW            ; -    ; dreg[6]                                                                                                                                                                                                                                           ;
; SYNCHRONIZER_IDENTIFICATION ; FORCED_IF_ASYNCHRONOUS ; -    ; dreg[6]                                                                                                                                                                                                                                           ;
; DONT_MERGE_REGISTER         ; ON                     ; -    ; dreg[6]                                                                                                                                                                                                                                           ;
; PRESERVE_REGISTER           ; ON                     ; -    ; dreg[6]                                                                                                                                                                                                                                           ;
; ADV_NETLIST_OPT_ALLOWED     ; NEVER_ALLOW            ; -    ; dreg[5]                                                                                                                                                                                                                                           ;
; SYNCHRONIZER_IDENTIFICATION ; FORCED_IF_ASYNCHRONOUS ; -    ; dreg[5]                                                                                                                                                                                                                                           ;
; DONT_MERGE_REGISTER         ; ON                     ; -    ; dreg[5]                                                                                                                                                                                                                                           ;
; PRESERVE_REGISTER           ; ON                     ; -    ; dreg[5]                                                                                                                                                                                                                                           ;
; ADV_NETLIST_OPT_ALLOWED     ; NEVER_ALLOW            ; -    ; dreg[4]                                                                                                                                                                                                                                           ;
; SYNCHRONIZER_IDENTIFICATION ; FORCED_IF_ASYNCHRONOUS ; -    ; dreg[4]                                                                                                                                                                                                                                           ;
; DONT_MERGE_REGISTER         ; ON                     ; -    ; dreg[4]                                                                                                                                                                                                                                           ;
; PRESERVE_REGISTER           ; ON                     ; -    ; dreg[4]                                                                                                                                                                                                                                           ;
; ADV_NETLIST_OPT_ALLOWED     ; NEVER_ALLOW            ; -    ; dreg[3]                                                                                                                                                                                                                                           ;
; SYNCHRONIZER_IDENTIFICATION ; FORCED_IF_ASYNCHRONOUS ; -    ; dreg[3]                                                                                                                                                                                                                                           ;
; DONT_MERGE_REGISTER         ; ON                     ; -    ; dreg[3]                                                                                                                                                                                                                                           ;
; PRESERVE_REGISTER           ; ON                     ; -    ; dreg[3]                                                                                                                                                                                                                                           ;
; ADV_NETLIST_OPT_ALLOWED     ; NEVER_ALLOW            ; -    ; dreg[2]                                                                                                                                                                                                                                           ;
; SYNCHRONIZER_IDENTIFICATION ; FORCED_IF_ASYNCHRONOUS ; -    ; dreg[2]                                                                                                                                                                                                                                           ;
; DONT_MERGE_REGISTER         ; ON                     ; -    ; dreg[2]                                                                                                                                                                                                                                           ;
; PRESERVE_REGISTER           ; ON                     ; -    ; dreg[2]                                                                                                                                                                                                                                           ;
; ADV_NETLIST_OPT_ALLOWED     ; NEVER_ALLOW            ; -    ; dreg[1]                                                                                                                                                                                                                                           ;
; SYNCHRONIZER_IDENTIFICATION ; FORCED_IF_ASYNCHRONOUS ; -    ; dreg[1]                                                                                                                                                                                                                                           ;
; DONT_MERGE_REGISTER         ; ON                     ; -    ; dreg[1]                                                                                                                                                                                                                                           ;
; PRESERVE_REGISTER           ; ON                     ; -    ; dreg[1]                                                                                                                                                                                                                                           ;
+-----------------------------+------------------------+------+---------------------------------------------------------------------------------------------------------------------------------------------------------------------------------------------------------------------------------------------------+


+--------------------------------------------------------------------------------------------------------------------------------------------------------------------------------------------------------------------------------------------------------------------------------------------------------------------+
; Source assignments for jtag_bridge_system:bridge_sys_inst|jtag_bridge_system_master_0:master_0|altera_avalon_st_jtag_interface:jtag_phy_embedded_in_jtag_master|altera_jtag_dc_streaming:normal.jtag_dc_streaming|altera_avalon_st_clock_crosser:sink_crosser|altera_std_synchronizer_nocut:in_to_out_synchronizer ;
+-----------------------------+-------------+------+-----------------------------------------------------------------------------------------------------------------------------------------------------------------------------------------------------------------------------------------------------------------+
; Assignment                  ; Value       ; From ; To                                                                                                                                                                                                                                                              ;
+-----------------------------+-------------+------+-----------------------------------------------------------------------------------------------------------------------------------------------------------------------------------------------------------------------------------------------------------------+
; ADV_NETLIST_OPT_ALLOWED     ; NEVER_ALLOW ; -    ; dreg[0]                                                                                                                                                                                                                                                         ;
; DONT_MERGE_REGISTER         ; ON          ; -    ; dreg[0]                                                                                                                                                                                                                                                         ;
; PRESERVE_REGISTER           ; ON          ; -    ; dreg[0]                                                                                                                                                                                                                                                         ;
; ADV_NETLIST_OPT_ALLOWED     ; NEVER_ALLOW ; -    ; din_s1                                                                                                                                                                                                                                                          ;
; SYNCHRONIZER_IDENTIFICATION ; FORCED      ; -    ; din_s1                                                                                                                                                                                                                                                          ;
; DONT_MERGE_REGISTER         ; ON          ; -    ; din_s1                                                                                                                                                                                                                                                          ;
; PRESERVE_REGISTER           ; ON          ; -    ; din_s1                                                                                                                                                                                                                                                          ;
; ADV_NETLIST_OPT_ALLOWED     ; NEVER_ALLOW ; -    ; dreg[1]                                                                                                                                                                                                                                                         ;
; DONT_MERGE_REGISTER         ; ON          ; -    ; dreg[1]                                                                                                                                                                                                                                                         ;
; PRESERVE_REGISTER           ; ON          ; -    ; dreg[1]                                                                                                                                                                                                                                                         ;
+-----------------------------+-------------+------+-----------------------------------------------------------------------------------------------------------------------------------------------------------------------------------------------------------------------------------------------------------------+


+--------------------------------------------------------------------------------------------------------------------------------------------------------------------------------------------------------------------------------------------------------------------------------------------------------------------+
; Source assignments for jtag_bridge_system:bridge_sys_inst|jtag_bridge_system_master_0:master_0|altera_avalon_st_jtag_interface:jtag_phy_embedded_in_jtag_master|altera_jtag_dc_streaming:normal.jtag_dc_streaming|altera_avalon_st_clock_crosser:sink_crosser|altera_std_synchronizer_nocut:out_to_in_synchronizer ;
+-----------------------------+-------------+------+-----------------------------------------------------------------------------------------------------------------------------------------------------------------------------------------------------------------------------------------------------------------+
; Assignment                  ; Value       ; From ; To                                                                                                                                                                                                                                                              ;
+-----------------------------+-------------+------+-----------------------------------------------------------------------------------------------------------------------------------------------------------------------------------------------------------------------------------------------------------------+
; ADV_NETLIST_OPT_ALLOWED     ; NEVER_ALLOW ; -    ; dreg[0]                                                                                                                                                                                                                                                         ;
; DONT_MERGE_REGISTER         ; ON          ; -    ; dreg[0]                                                                                                                                                                                                                                                         ;
; PRESERVE_REGISTER           ; ON          ; -    ; dreg[0]                                                                                                                                                                                                                                                         ;
; ADV_NETLIST_OPT_ALLOWED     ; NEVER_ALLOW ; -    ; din_s1                                                                                                                                                                                                                                                          ;
; SYNCHRONIZER_IDENTIFICATION ; FORCED      ; -    ; din_s1                                                                                                                                                                                                                                                          ;
; DONT_MERGE_REGISTER         ; ON          ; -    ; din_s1                                                                                                                                                                                                                                                          ;
; PRESERVE_REGISTER           ; ON          ; -    ; din_s1                                                                                                                                                                                                                                                          ;
; ADV_NETLIST_OPT_ALLOWED     ; NEVER_ALLOW ; -    ; dreg[6]                                                                                                                                                                                                                                                         ;
; DONT_MERGE_REGISTER         ; ON          ; -    ; dreg[6]                                                                                                                                                                                                                                                         ;
; PRESERVE_REGISTER           ; ON          ; -    ; dreg[6]                                                                                                                                                                                                                                                         ;
; ADV_NETLIST_OPT_ALLOWED     ; NEVER_ALLOW ; -    ; dreg[5]                                                                                                                                                                                                                                                         ;
; DONT_MERGE_REGISTER         ; ON          ; -    ; dreg[5]                                                                                                                                                                                                                                                         ;
; PRESERVE_REGISTER           ; ON          ; -    ; dreg[5]                                                                                                                                                                                                                                                         ;
; ADV_NETLIST_OPT_ALLOWED     ; NEVER_ALLOW ; -    ; dreg[4]                                                                                                                                                                                                                                                         ;
; DONT_MERGE_REGISTER         ; ON          ; -    ; dreg[4]                                                                                                                                                                                                                                                         ;
; PRESERVE_REGISTER           ; ON          ; -    ; dreg[4]                                                                                                                                                                                                                                                         ;
; ADV_NETLIST_OPT_ALLOWED     ; NEVER_ALLOW ; -    ; dreg[3]                                                                                                                                                                                                                                                         ;
; DONT_MERGE_REGISTER         ; ON          ; -    ; dreg[3]                                                                                                                                                                                                                                                         ;
; PRESERVE_REGISTER           ; ON          ; -    ; dreg[3]                                                                                                                                                                                                                                                         ;
; ADV_NETLIST_OPT_ALLOWED     ; NEVER_ALLOW ; -    ; dreg[2]                                                                                                                                                                                                                                                         ;
; DONT_MERGE_REGISTER         ; ON          ; -    ; dreg[2]                                                                                                                                                                                                                                                         ;
; PRESERVE_REGISTER           ; ON          ; -    ; dreg[2]                                                                                                                                                                                                                                                         ;
; ADV_NETLIST_OPT_ALLOWED     ; NEVER_ALLOW ; -    ; dreg[1]                                                                                                                                                                                                                                                         ;
; DONT_MERGE_REGISTER         ; ON          ; -    ; dreg[1]                                                                                                                                                                                                                                                         ;
; PRESERVE_REGISTER           ; ON          ; -    ; dreg[1]                                                                                                                                                                                                                                                         ;
+-----------------------------+-------------+------+-----------------------------------------------------------------------------------------------------------------------------------------------------------------------------------------------------------------------------------------------------------------+


+----------------------------------------------------------------------------------------------------------------------------------------------------------------------------------------------------------------------------------------------------------+
; Source assignments for jtag_bridge_system:bridge_sys_inst|jtag_bridge_system_master_0:master_0|altera_avalon_st_jtag_interface:jtag_phy_embedded_in_jtag_master|altera_jtag_dc_streaming:normal.jtag_dc_streaming|altera_jtag_src_crosser:source_crosser ;
+-------------------+-------+------+-----------------------------------------------------------------------------------------------------------------------------------------------------------------------------------------------------------------------+
; Assignment        ; Value ; From ; To                                                                                                                                                                                                                    ;
+-------------------+-------+------+-----------------------------------------------------------------------------------------------------------------------------------------------------------------------------------------------------------------------+
; PRESERVE_REGISTER ; ON    ; -    ; src_data[7]                                                                                                                                                                                                           ;
; PRESERVE_REGISTER ; ON    ; -    ; src_data[6]                                                                                                                                                                                                           ;
; PRESERVE_REGISTER ; ON    ; -    ; src_data[5]                                                                                                                                                                                                           ;
; PRESERVE_REGISTER ; ON    ; -    ; src_data[4]                                                                                                                                                                                                           ;
; PRESERVE_REGISTER ; ON    ; -    ; src_data[3]                                                                                                                                                                                                           ;
; PRESERVE_REGISTER ; ON    ; -    ; src_data[2]                                                                                                                                                                                                           ;
; PRESERVE_REGISTER ; ON    ; -    ; src_data[1]                                                                                                                                                                                                           ;
; PRESERVE_REGISTER ; ON    ; -    ; src_data[0]                                                                                                                                                                                                           ;
; PRESERVE_REGISTER ; ON    ; -    ; src_data[0]~reg0                                                                                                                                                                                                      ;
; PRESERVE_REGISTER ; ON    ; -    ; src_data[7]~reg0                                                                                                                                                                                                      ;
; PRESERVE_REGISTER ; ON    ; -    ; src_data[6]~reg0                                                                                                                                                                                                      ;
; PRESERVE_REGISTER ; ON    ; -    ; src_data[5]~reg0                                                                                                                                                                                                      ;
; PRESERVE_REGISTER ; ON    ; -    ; src_data[4]~reg0                                                                                                                                                                                                      ;
; PRESERVE_REGISTER ; ON    ; -    ; src_data[3]~reg0                                                                                                                                                                                                      ;
; PRESERVE_REGISTER ; ON    ; -    ; src_data[2]~reg0                                                                                                                                                                                                      ;
; PRESERVE_REGISTER ; ON    ; -    ; src_data[1]~reg0                                                                                                                                                                                                      ;
+-------------------+-------+------+-----------------------------------------------------------------------------------------------------------------------------------------------------------------------------------------------------------------------+


+------------------------------------------------------------------------------------------------------------------------------------------------------------------------------------------------------------------------------------------------------------------------------------------------------------------------------------------+
; Source assignments for jtag_bridge_system:bridge_sys_inst|jtag_bridge_system_master_0:master_0|altera_avalon_st_jtag_interface:jtag_phy_embedded_in_jtag_master|altera_jtag_dc_streaming:normal.jtag_dc_streaming|altera_jtag_src_crosser:source_crosser|altera_jtag_control_signal_crosser:crosser|altera_std_synchronizer:synchronizer ;
+-----------------------------+------------------------+------+----------------------------------------------------------------------------------------------------------------------------------------------------------------------------------------------------------------------------------------------------------------------------+
; Assignment                  ; Value                  ; From ; To                                                                                                                                                                                                                                                                         ;
+-----------------------------+------------------------+------+----------------------------------------------------------------------------------------------------------------------------------------------------------------------------------------------------------------------------------------------------------------------------+
; ADV_NETLIST_OPT_ALLOWED     ; NEVER_ALLOW            ; -    ; dreg[0]                                                                                                                                                                                                                                                                    ;
; SYNCHRONIZER_IDENTIFICATION ; FORCED_IF_ASYNCHRONOUS ; -    ; dreg[0]                                                                                                                                                                                                                                                                    ;
; DONT_MERGE_REGISTER         ; ON                     ; -    ; dreg[0]                                                                                                                                                                                                                                                                    ;
; PRESERVE_REGISTER           ; ON                     ; -    ; dreg[0]                                                                                                                                                                                                                                                                    ;
; ADV_NETLIST_OPT_ALLOWED     ; NEVER_ALLOW            ; -    ; din_s1                                                                                                                                                                                                                                                                     ;
; SYNCHRONIZER_IDENTIFICATION ; FORCED_IF_ASYNCHRONOUS ; -    ; din_s1                                                                                                                                                                                                                                                                     ;
; DONT_MERGE_REGISTER         ; ON                     ; -    ; din_s1                                                                                                                                                                                                                                                                     ;
; PRESERVE_REGISTER           ; ON                     ; -    ; din_s1                                                                                                                                                                                                                                                                     ;
; ADV_NETLIST_OPT_ALLOWED     ; NEVER_ALLOW            ; -    ; dreg[6]                                                                                                                                                                                                                                                                    ;
; SYNCHRONIZER_IDENTIFICATION ; FORCED_IF_ASYNCHRONOUS ; -    ; dreg[6]                                                                                                                                                                                                                                                                    ;
; DONT_MERGE_REGISTER         ; ON                     ; -    ; dreg[6]                                                                                                                                                                                                                                                                    ;
; PRESERVE_REGISTER           ; ON                     ; -    ; dreg[6]                                                                                                                                                                                                                                                                    ;
; ADV_NETLIST_OPT_ALLOWED     ; NEVER_ALLOW            ; -    ; dreg[5]                                                                                                                                                                                                                                                                    ;
; SYNCHRONIZER_IDENTIFICATION ; FORCED_IF_ASYNCHRONOUS ; -    ; dreg[5]                                                                                                                                                                                                                                                                    ;
; DONT_MERGE_REGISTER         ; ON                     ; -    ; dreg[5]                                                                                                                                                                                                                                                                    ;
; PRESERVE_REGISTER           ; ON                     ; -    ; dreg[5]                                                                                                                                                                                                                                                                    ;
; ADV_NETLIST_OPT_ALLOWED     ; NEVER_ALLOW            ; -    ; dreg[4]                                                                                                                                                                                                                                                                    ;
; SYNCHRONIZER_IDENTIFICATION ; FORCED_IF_ASYNCHRONOUS ; -    ; dreg[4]                                                                                                                                                                                                                                                                    ;
; DONT_MERGE_REGISTER         ; ON                     ; -    ; dreg[4]                                                                                                                                                                                                                                                                    ;
; PRESERVE_REGISTER           ; ON                     ; -    ; dreg[4]                                                                                                                                                                                                                                                                    ;
; ADV_NETLIST_OPT_ALLOWED     ; NEVER_ALLOW            ; -    ; dreg[3]                                                                                                                                                                                                                                                                    ;
; SYNCHRONIZER_IDENTIFICATION ; FORCED_IF_ASYNCHRONOUS ; -    ; dreg[3]                                                                                                                                                                                                                                                                    ;
; DONT_MERGE_REGISTER         ; ON                     ; -    ; dreg[3]                                                                                                                                                                                                                                                                    ;
; PRESERVE_REGISTER           ; ON                     ; -    ; dreg[3]                                                                                                                                                                                                                                                                    ;
; ADV_NETLIST_OPT_ALLOWED     ; NEVER_ALLOW            ; -    ; dreg[2]                                                                                                                                                                                                                                                                    ;
; SYNCHRONIZER_IDENTIFICATION ; FORCED_IF_ASYNCHRONOUS ; -    ; dreg[2]                                                                                                                                                                                                                                                                    ;
; DONT_MERGE_REGISTER         ; ON                     ; -    ; dreg[2]                                                                                                                                                                                                                                                                    ;
; PRESERVE_REGISTER           ; ON                     ; -    ; dreg[2]                                                                                                                                                                                                                                                                    ;
; ADV_NETLIST_OPT_ALLOWED     ; NEVER_ALLOW            ; -    ; dreg[1]                                                                                                                                                                                                                                                                    ;
; SYNCHRONIZER_IDENTIFICATION ; FORCED_IF_ASYNCHRONOUS ; -    ; dreg[1]                                                                                                                                                                                                                                                                    ;
; DONT_MERGE_REGISTER         ; ON                     ; -    ; dreg[1]                                                                                                                                                                                                                                                                    ;
; PRESERVE_REGISTER           ; ON                     ; -    ; dreg[1]                                                                                                                                                                                                                                                                    ;
+-----------------------------+------------------------+------+----------------------------------------------------------------------------------------------------------------------------------------------------------------------------------------------------------------------------------------------------------------------------+


+----------------------------------------------------------------------------------------------------------------------------------------------------------------------------------+
; Source assignments for jtag_bridge_system:bridge_sys_inst|jtag_bridge_system_master_0:master_0|altera_reset_controller:rst_controller|altera_reset_synchronizer:alt_rst_sync_uq1 ;
+-------------------+-------+------+-----------------------------------------------------------------------------------------------------------------------------------------------+
; Assignment        ; Value ; From ; To                                                                                                                                            ;
+-------------------+-------+------+-----------------------------------------------------------------------------------------------------------------------------------------------+
; PRESERVE_REGISTER ; on    ; -    ; altera_reset_synchronizer_int_chain[1]                                                                                                        ;
; PRESERVE_REGISTER ; on    ; -    ; altera_reset_synchronizer_int_chain[0]                                                                                                        ;
+-------------------+-------+------+-----------------------------------------------------------------------------------------------------------------------------------------------+


+--------------------------------------------------------------------------------------------------------------------------------------------------------------------------------------+
; Source assignments for jtag_bridge_system:bridge_sys_inst|jtag_bridge_system_master_0:master_0|altera_reset_controller:rst_controller|altera_reset_synchronizer:alt_rst_req_sync_uq1 ;
+-------------------+-------+------+---------------------------------------------------------------------------------------------------------------------------------------------------+
; Assignment        ; Value ; From ; To                                                                                                                                                ;
+-------------------+-------+------+---------------------------------------------------------------------------------------------------------------------------------------------------+
; PRESERVE_REGISTER ; on    ; -    ; altera_reset_synchronizer_int_chain[0]                                                                                                            ;
; PRESERVE_REGISTER ; on    ; -    ; altera_reset_synchronizer_int_chain[1]                                                                                                            ;
+-------------------+-------+------+---------------------------------------------------------------------------------------------------------------------------------------------------+


+---------------------------------------------------------------------------------------------------------------------------------------------+
; Source assignments for jtag_bridge_system:bridge_sys_inst|altera_reset_controller:rst_controller|altera_reset_synchronizer:alt_rst_sync_uq1 ;
+-------------------+-------+------+----------------------------------------------------------------------------------------------------------+
; Assignment        ; Value ; From ; To                                                                                                       ;
+-------------------+-------+------+----------------------------------------------------------------------------------------------------------+
; PRESERVE_REGISTER ; on    ; -    ; altera_reset_synchronizer_int_chain[1]                                                                   ;
; PRESERVE_REGISTER ; on    ; -    ; altera_reset_synchronizer_int_chain[0]                                                                   ;
+-------------------+-------+------+----------------------------------------------------------------------------------------------------------+


+-------------------------------------------------------------------------------------------------------------------------------------------------+
; Source assignments for jtag_bridge_system:bridge_sys_inst|altera_reset_controller:rst_controller|altera_reset_synchronizer:alt_rst_req_sync_uq1 ;
+-------------------+-------+------+--------------------------------------------------------------------------------------------------------------+
; Assignment        ; Value ; From ; To                                                                                                           ;
+-------------------+-------+------+--------------------------------------------------------------------------------------------------------------+
; PRESERVE_REGISTER ; on    ; -    ; altera_reset_synchronizer_int_chain[0]                                                                       ;
; PRESERVE_REGISTER ; on    ; -    ; altera_reset_synchronizer_int_chain[1]                                                                       ;
+-------------------+-------+------+--------------------------------------------------------------------------------------------------------------+


+-------------------------------------------------------------------------------------------------------------------------------------------------------------------------------+
; Source assignments for jtag_bridge_system:bridge_sys_inst|jtag_bridge_system_master_0:master_0|altera_avalon_sc_fifo:fifo|altsyncram:mem_rtl_0|altsyncram_g0n1:auto_generated ;
+---------------------------------+--------------------+------+-----------------------------------------------------------------------------------------------------------------+
; Assignment                      ; Value              ; From ; To                                                                                                              ;
+---------------------------------+--------------------+------+-----------------------------------------------------------------------------------------------------------------+
; OPTIMIZE_POWER_DURING_SYNTHESIS ; NORMAL_COMPILATION ; -    ; -                                                                                                               ;
+---------------------------------+--------------------+------+-----------------------------------------------------------------------------------------------------------------+


+-----------------------------------------------------------------------------------------------------------------------------------------------+
; Source assignments for jtag_bridge_system:bridge_sys_inst|capture_buffer:capture_buffer_0|altsyncram:mem_rtl_0|altsyncram_flo1:auto_generated ;
+---------------------------------+--------------------+------+---------------------------------------------------------------------------------+
; Assignment                      ; Value              ; From ; To                                                                              ;
+---------------------------------+--------------------+------+---------------------------------------------------------------------------------+
; OPTIMIZE_POWER_DURING_SYNTHESIS ; NORMAL_COMPILATION ; -    ; -                                                                               ;
+---------------------------------+--------------------+------+---------------------------------------------------------------------------------+


+----------------------------------------------------------------------+
; Parameter Settings for User Entity Instance: ringsManager:rings_inst ;
+----------------+-------+---------------------------------------------+
; Parameter Name ; Value ; Type                                        ;
+----------------+-------+---------------------------------------------+
; nrings         ; 3     ; Signed Integer                              ;
+----------------+-------+---------------------------------------------+
Note: In order to hide this table in the UI and the text report file, please set the "Show Parameter Settings in Synthesis Report" option in "Analysis and Synthesis Settings -> More Settings" to "Off".


+--------------------------------------------------------------------------------------------------------+
; Parameter Settings for User Entity Instance: ringsManager:rings_inst|oscilatorRing:\genRings:0:oscRing ;
+----------------+-------+-------------------------------------------------------------------------------+
; Parameter Name ; Value ; Type                                                                          ;
+----------------+-------+-------------------------------------------------------------------------------+
; nnots          ; 3     ; Signed Integer                                                                ;
+----------------+-------+-------------------------------------------------------------------------------+
Note: In order to hide this table in the UI and the text report file, please set the "Show Parameter Settings in Synthesis Report" option in "Analysis and Synthesis Settings -> More Settings" to "Off".


+--------------------------------------------------------------------------------------------------------+
; Parameter Settings for User Entity Instance: ringsManager:rings_inst|oscilatorRing:\genRings:1:oscRing ;
+----------------+-------+-------------------------------------------------------------------------------+
; Parameter Name ; Value ; Type                                                                          ;
+----------------+-------+-------------------------------------------------------------------------------+
; nnots          ; 3     ; Signed Integer                                                                ;
+----------------+-------+-------------------------------------------------------------------------------+
Note: In order to hide this table in the UI and the text report file, please set the "Show Parameter Settings in Synthesis Report" option in "Analysis and Synthesis Settings -> More Settings" to "Off".


+--------------------------------------------------------------------------------------------------------+
; Parameter Settings for User Entity Instance: ringsManager:rings_inst|oscilatorRing:\genRings:2:oscRing ;
+----------------+-------+-------------------------------------------------------------------------------+
; Parameter Name ; Value ; Type                                                                          ;
+----------------+-------+-------------------------------------------------------------------------------+
; nnots          ; 3     ; Signed Integer                                                                ;
+----------------+-------+-------------------------------------------------------------------------------+
Note: In order to hide this table in the UI and the text report file, please set the "Show Parameter Settings in Synthesis Report" option in "Analysis and Synthesis Settings -> More Settings" to "Off".


+-----------------------------------------------------------------------------------------------------------------+
; Parameter Settings for User Entity Instance: jtag_bridge_system:bridge_sys_inst|capture_buffer:capture_buffer_0 ;
+------------------+-------+--------------------------------------------------------------------------------------+
; Parameter Name   ; Value ; Type                                                                                 ;
+------------------+-------+--------------------------------------------------------------------------------------+
; buffer_addr_bits ; 13    ; Signed Integer                                                                       ;
+------------------+-------+--------------------------------------------------------------------------------------+
Note: In order to hide this table in the UI and the text report file, please set the "Show Parameter Settings in Synthesis Report" option in "Analysis and Synthesis Settings -> More Settings" to "Off".


+----------------------------------------------------------------------------------------------------------------------+
; Parameter Settings for User Entity Instance: jtag_bridge_system:bridge_sys_inst|jtag_bridge_system_master_0:master_0 ;
+----------------+-------+---------------------------------------------------------------------------------------------+
; Parameter Name ; Value ; Type                                                                                        ;
+----------------+-------+---------------------------------------------------------------------------------------------+
; USE_PLI        ; 0     ; Signed Integer                                                                              ;
; PLI_PORT       ; 50000 ; Signed Integer                                                                              ;
; FIFO_DEPTHS    ; 2     ; Signed Integer                                                                              ;
+----------------+-------+---------------------------------------------------------------------------------------------+
Note: In order to hide this table in the UI and the text report file, please set the "Show Parameter Settings in Synthesis Report" option in "Analysis and Synthesis Settings -> More Settings" to "Off".


+---------------------------------------------------------------------------------------------------------------------------------------------------------------------------------------+
; Parameter Settings for User Entity Instance: jtag_bridge_system:bridge_sys_inst|jtag_bridge_system_master_0:master_0|altera_avalon_st_jtag_interface:jtag_phy_embedded_in_jtag_master ;
+----------------------+-------+--------------------------------------------------------------------------------------------------------------------------------------------------------+
; Parameter Name       ; Value ; Type                                                                                                                                                   ;
+----------------------+-------+--------------------------------------------------------------------------------------------------------------------------------------------------------+
; PURPOSE              ; 1     ; Signed Integer                                                                                                                                         ;
; UPSTREAM_FIFO_SIZE   ; 0     ; Signed Integer                                                                                                                                         ;
; DOWNSTREAM_FIFO_SIZE ; 64    ; Signed Integer                                                                                                                                         ;
; MGMT_CHANNEL_WIDTH   ; -1    ; Signed Integer                                                                                                                                         ;
; EXPORT_JTAG          ; 0     ; Signed Integer                                                                                                                                         ;
; USE_PLI              ; 0     ; Signed Integer                                                                                                                                         ;
; PLI_PORT             ; 50000 ; Signed Integer                                                                                                                                         ;
+----------------------+-------+--------------------------------------------------------------------------------------------------------------------------------------------------------+
Note: In order to hide this table in the UI and the text report file, please set the "Show Parameter Settings in Synthesis Report" option in "Analysis and Synthesis Settings -> More Settings" to "Off".


+-----------------------------------------------------------------------------------------------------------------------------------------------------------------------------------------------------------------+
; Parameter Settings for User Entity Instance: jtag_bridge_system:bridge_sys_inst|jtag_bridge_system_master_0:master_0|altera_avalon_st_jtag_interface:jtag_phy_embedded_in_jtag_master|altera_jtag_sld_node:node ;
+----------------+-------+----------------------------------------------------------------------------------------------------------------------------------------------------------------------------------------+
; Parameter Name ; Value ; Type                                                                                                                                                                                   ;
+----------------+-------+----------------------------------------------------------------------------------------------------------------------------------------------------------------------------------------+
; TCK_FREQ_MHZ   ; 20    ; Signed Integer                                                                                                                                                                         ;
+----------------+-------+----------------------------------------------------------------------------------------------------------------------------------------------------------------------------------------+
Note: In order to hide this table in the UI and the text report file, please set the "Show Parameter Settings in Synthesis Report" option in "Analysis and Synthesis Settings -> More Settings" to "Off".


+-------------------------------------------------------------------------------------------------------------------------------------------------------------------------------------------------------------------------------------------------------------------+
; Parameter Settings for User Entity Instance: jtag_bridge_system:bridge_sys_inst|jtag_bridge_system_master_0:master_0|altera_avalon_st_jtag_interface:jtag_phy_embedded_in_jtag_master|altera_jtag_sld_node:node|sld_virtual_jtag_basic:sld_virtual_jtag_component ;
+-------------------------+------------------------+----------------------------------------------------------------------------------------------------------------------------------------------------------------------------------------------------------------+
; Parameter Name          ; Value                  ; Type                                                                                                                                                                                                           ;
+-------------------------+------------------------+----------------------------------------------------------------------------------------------------------------------------------------------------------------------------------------------------------------+
; sld_mfg_id              ; 110                    ; Signed Integer                                                                                                                                                                                                 ;
; sld_type_id             ; 132                    ; Signed Integer                                                                                                                                                                                                 ;
; sld_version             ; 1                      ; Signed Integer                                                                                                                                                                                                 ;
; sld_instance_index      ; 0                      ; Signed Integer                                                                                                                                                                                                 ;
; sld_auto_instance_index ; YES                    ; String                                                                                                                                                                                                         ;
; sld_ir_width            ; 3                      ; Signed Integer                                                                                                                                                                                                 ;
; sld_sim_n_scan          ; 0                      ; Signed Integer                                                                                                                                                                                                 ;
; sld_sim_action          ;                        ; String                                                                                                                                                                                                         ;
; sld_sim_total_length    ; 0                      ; Signed Integer                                                                                                                                                                                                 ;
; lpm_type                ; sld_virtual_jtag_basic ; String                                                                                                                                                                                                         ;
; lpm_hint                ; UNUSED                 ; String                                                                                                                                                                                                         ;
+-------------------------+------------------------+----------------------------------------------------------------------------------------------------------------------------------------------------------------------------------------------------------------+
Note: In order to hide this table in the UI and the text report file, please set the "Show Parameter Settings in Synthesis Report" option in "Analysis and Synthesis Settings -> More Settings" to "Off".


+-----------------------------------------------------------------------------------------------------------------------------------------------------------------------------------------------------------------------------------------+
; Parameter Settings for User Entity Instance: jtag_bridge_system:bridge_sys_inst|jtag_bridge_system_master_0:master_0|altera_avalon_st_jtag_interface:jtag_phy_embedded_in_jtag_master|altera_jtag_dc_streaming:normal.jtag_dc_streaming ;
+----------------------+-------+----------------------------------------------------------------------------------------------------------------------------------------------------------------------------------------------------------+
; Parameter Name       ; Value ; Type                                                                                                                                                                                                     ;
+----------------------+-------+----------------------------------------------------------------------------------------------------------------------------------------------------------------------------------------------------------+
; PURPOSE              ; 1     ; Signed Integer                                                                                                                                                                                           ;
; UPSTREAM_FIFO_SIZE   ; 0     ; Signed Integer                                                                                                                                                                                           ;
; DOWNSTREAM_FIFO_SIZE ; 64    ; Signed Integer                                                                                                                                                                                           ;
; MGMT_CHANNEL_WIDTH   ; -1    ; Signed Integer                                                                                                                                                                                           ;
+----------------------+-------+----------------------------------------------------------------------------------------------------------------------------------------------------------------------------------------------------------+
Note: In order to hide this table in the UI and the text report file, please set the "Show Parameter Settings in Synthesis Report" option in "Analysis and Synthesis Settings -> More Settings" to "Off".


+------------------------------------------------------------------------------------------------------------------------------------------------------------------------------------------------------------------------------------------------------------------------------+
; Parameter Settings for User Entity Instance: jtag_bridge_system:bridge_sys_inst|jtag_bridge_system_master_0:master_0|altera_avalon_st_jtag_interface:jtag_phy_embedded_in_jtag_master|altera_jtag_dc_streaming:normal.jtag_dc_streaming|altera_std_synchronizer:synchronizer ;
+----------------+-------+-----------------------------------------------------------------------------------------------------------------------------------------------------------------------------------------------------------------------------------------------------+
; Parameter Name ; Value ; Type                                                                                                                                                                                                                                                ;
+----------------+-------+-----------------------------------------------------------------------------------------------------------------------------------------------------------------------------------------------------------------------------------------------------+
; depth          ; 3     ; Signed Integer                                                                                                                                                                                                                                      ;
+----------------+-------+-----------------------------------------------------------------------------------------------------------------------------------------------------------------------------------------------------------------------------------------------------+
Note: In order to hide this table in the UI and the text report file, please set the "Show Parameter Settings in Synthesis Report" option in "Analysis and Synthesis Settings -> More Settings" to "Off".


+------------------------------------------------------------------------------------------------------------------------------------------------------------------------------------------------------------------------------------------------------------------------------+
; Parameter Settings for User Entity Instance: jtag_bridge_system:bridge_sys_inst|jtag_bridge_system_master_0:master_0|altera_avalon_st_jtag_interface:jtag_phy_embedded_in_jtag_master|altera_jtag_dc_streaming:normal.jtag_dc_streaming|altera_jtag_streaming:jtag_streaming ;
+----------------------+-------+-----------------------------------------------------------------------------------------------------------------------------------------------------------------------------------------------------------------------------------------------+
; Parameter Name       ; Value ; Type                                                                                                                                                                                                                                          ;
+----------------------+-------+-----------------------------------------------------------------------------------------------------------------------------------------------------------------------------------------------------------------------------------------------+
; PURPOSE              ; 1     ; Signed Integer                                                                                                                                                                                                                                ;
; UPSTREAM_FIFO_SIZE   ; 0     ; Signed Integer                                                                                                                                                                                                                                ;
; DOWNSTREAM_FIFO_SIZE ; 64    ; Signed Integer                                                                                                                                                                                                                                ;
; MGMT_CHANNEL_WIDTH   ; -1    ; Signed Integer                                                                                                                                                                                                                                ;
+----------------------+-------+-----------------------------------------------------------------------------------------------------------------------------------------------------------------------------------------------------------------------------------------------+
Note: In order to hide this table in the UI and the text report file, please set the "Show Parameter Settings in Synthesis Report" option in "Analysis and Synthesis Settings -> More Settings" to "Off".


+--------------------------------------------------------------------------------------------------------------------------------------------------------------------------------------------------------------------------------------------------------------------------------------------------------------------------------+
; Parameter Settings for User Entity Instance: jtag_bridge_system:bridge_sys_inst|jtag_bridge_system_master_0:master_0|altera_avalon_st_jtag_interface:jtag_phy_embedded_in_jtag_master|altera_jtag_dc_streaming:normal.jtag_dc_streaming|altera_jtag_streaming:jtag_streaming|altera_std_synchronizer:clock_sensor_synchronizer ;
+----------------+-------+-------------------------------------------------------------------------------------------------------------------------------------------------------------------------------------------------------------------------------------------------------------------------------------------------------+
; Parameter Name ; Value ; Type                                                                                                                                                                                                                                                                                                  ;
+----------------+-------+-------------------------------------------------------------------------------------------------------------------------------------------------------------------------------------------------------------------------------------------------------------------------------------------------------+
; depth          ; 3     ; Signed Integer                                                                                                                                                                                                                                                                                        ;
+----------------+-------+-------------------------------------------------------------------------------------------------------------------------------------------------------------------------------------------------------------------------------------------------------------------------------------------------------+
Note: In order to hide this table in the UI and the text report file, please set the "Show Parameter Settings in Synthesis Report" option in "Analysis and Synthesis Settings -> More Settings" to "Off".


+-----------------------------------------------------------------------------------------------------------------------------------------------------------------------------------------------------------------------------------------------------------------------------------------------------------------------------------+
; Parameter Settings for User Entity Instance: jtag_bridge_system:bridge_sys_inst|jtag_bridge_system_master_0:master_0|altera_avalon_st_jtag_interface:jtag_phy_embedded_in_jtag_master|altera_jtag_dc_streaming:normal.jtag_dc_streaming|altera_jtag_streaming:jtag_streaming|altera_std_synchronizer:reset_to_sample_synchronizer ;
+----------------+-------+----------------------------------------------------------------------------------------------------------------------------------------------------------------------------------------------------------------------------------------------------------------------------------------------------------+
; Parameter Name ; Value ; Type                                                                                                                                                                                                                                                                                                     ;
+----------------+-------+----------------------------------------------------------------------------------------------------------------------------------------------------------------------------------------------------------------------------------------------------------------------------------------------------------+
; depth          ; 3     ; Signed Integer                                                                                                                                                                                                                                                                                           ;
+----------------+-------+----------------------------------------------------------------------------------------------------------------------------------------------------------------------------------------------------------------------------------------------------------------------------------------------------------+
Note: In order to hide this table in the UI and the text report file, please set the "Show Parameter Settings in Synthesis Report" option in "Analysis and Synthesis Settings -> More Settings" to "Off".


+----------------------------------------------------------------------------------------------------------------------------------------------------------------------------------------------------------------------------------------------------------------------------------------------------------------------------------------+
; Parameter Settings for User Entity Instance: jtag_bridge_system:bridge_sys_inst|jtag_bridge_system_master_0:master_0|altera_avalon_st_jtag_interface:jtag_phy_embedded_in_jtag_master|altera_jtag_dc_streaming:normal.jtag_dc_streaming|altera_jtag_streaming:jtag_streaming|altera_std_synchronizer:clock_to_sample_div2_synchronizer ;
+----------------+-------+---------------------------------------------------------------------------------------------------------------------------------------------------------------------------------------------------------------------------------------------------------------------------------------------------------------+
; Parameter Name ; Value ; Type                                                                                                                                                                                                                                                                                                          ;
+----------------+-------+---------------------------------------------------------------------------------------------------------------------------------------------------------------------------------------------------------------------------------------------------------------------------------------------------------------+
; depth          ; 3     ; Signed Integer                                                                                                                                                                                                                                                                                                ;
+----------------+-------+---------------------------------------------------------------------------------------------------------------------------------------------------------------------------------------------------------------------------------------------------------------------------------------------------------------+
Note: In order to hide this table in the UI and the text report file, please set the "Show Parameter Settings in Synthesis Report" option in "Analysis and Synthesis Settings -> More Settings" to "Off".


+---------------------------------------------------------------------------------------------------------------------------------------------------------------------------------------------------------------------------------------------------------------------------------------------------------------------------------------+
; Parameter Settings for User Entity Instance: jtag_bridge_system:bridge_sys_inst|jtag_bridge_system_master_0:master_0|altera_avalon_st_jtag_interface:jtag_phy_embedded_in_jtag_master|altera_jtag_dc_streaming:normal.jtag_dc_streaming|altera_jtag_streaming:jtag_streaming|altera_std_synchronizer:clock_sense_reset_n_synchronizer ;
+----------------+-------+--------------------------------------------------------------------------------------------------------------------------------------------------------------------------------------------------------------------------------------------------------------------------------------------------------------+
; Parameter Name ; Value ; Type                                                                                                                                                                                                                                                                                                         ;
+----------------+-------+--------------------------------------------------------------------------------------------------------------------------------------------------------------------------------------------------------------------------------------------------------------------------------------------------------------+
; depth          ; 8     ; Signed Integer                                                                                                                                                                                                                                                                                               ;
+----------------+-------+--------------------------------------------------------------------------------------------------------------------------------------------------------------------------------------------------------------------------------------------------------------------------------------------------------------+
Note: In order to hide this table in the UI and the text report file, please set the "Show Parameter Settings in Synthesis Report" option in "Analysis and Synthesis Settings -> More Settings" to "Off".


+-------------------------------------------------------------------------------------------------------------------------------------------------------------------------------------------------------------------------------------------------------------------------------------+
; Parameter Settings for User Entity Instance: jtag_bridge_system:bridge_sys_inst|jtag_bridge_system_master_0:master_0|altera_avalon_st_jtag_interface:jtag_phy_embedded_in_jtag_master|altera_jtag_dc_streaming:normal.jtag_dc_streaming|altera_avalon_st_clock_crosser:sink_crosser ;
+---------------------+-------+-------------------------------------------------------------------------------------------------------------------------------------------------------------------------------------------------------------------------------------------------------+
; Parameter Name      ; Value ; Type                                                                                                                                                                                                                                                  ;
+---------------------+-------+-------------------------------------------------------------------------------------------------------------------------------------------------------------------------------------------------------------------------------------------------------+
; SYMBOLS_PER_BEAT    ; 1     ; Signed Integer                                                                                                                                                                                                                                        ;
; BITS_PER_SYMBOL     ; 8     ; Signed Integer                                                                                                                                                                                                                                        ;
; FORWARD_SYNC_DEPTH  ; 3     ; Signed Integer                                                                                                                                                                                                                                        ;
; BACKWARD_SYNC_DEPTH ; 8     ; Signed Integer                                                                                                                                                                                                                                        ;
; USE_OUTPUT_PIPELINE ; 1     ; Signed Integer                                                                                                                                                                                                                                        ;
+---------------------+-------+-------------------------------------------------------------------------------------------------------------------------------------------------------------------------------------------------------------------------------------------------------+
Note: In order to hide this table in the UI and the text report file, please set the "Show Parameter Settings in Synthesis Report" option in "Analysis and Synthesis Settings -> More Settings" to "Off".


+------------------------------------------------------------------------------------------------------------------------------------------------------------------------------------------------------------------------------------------------------------------------------------------------------------------------------------------+
; Parameter Settings for User Entity Instance: jtag_bridge_system:bridge_sys_inst|jtag_bridge_system_master_0:master_0|altera_avalon_st_jtag_interface:jtag_phy_embedded_in_jtag_master|altera_jtag_dc_streaming:normal.jtag_dc_streaming|altera_avalon_st_clock_crosser:sink_crosser|altera_std_synchronizer_nocut:in_to_out_synchronizer ;
+----------------+-------+-----------------------------------------------------------------------------------------------------------------------------------------------------------------------------------------------------------------------------------------------------------------------------------------------------------------+
; Parameter Name ; Value ; Type                                                                                                                                                                                                                                                                                                            ;
+----------------+-------+-----------------------------------------------------------------------------------------------------------------------------------------------------------------------------------------------------------------------------------------------------------------------------------------------------------------+
; depth          ; 3     ; Signed Integer                                                                                                                                                                                                                                                                                                  ;
; rst_value      ; 0     ; Signed Integer                                                                                                                                                                                                                                                                                                  ;
+----------------+-------+-----------------------------------------------------------------------------------------------------------------------------------------------------------------------------------------------------------------------------------------------------------------------------------------------------------------+
Note: In order to hide this table in the UI and the text report file, please set the "Show Parameter Settings in Synthesis Report" option in "Analysis and Synthesis Settings -> More Settings" to "Off".


+------------------------------------------------------------------------------------------------------------------------------------------------------------------------------------------------------------------------------------------------------------------------------------------------------------------------------------------+
; Parameter Settings for User Entity Instance: jtag_bridge_system:bridge_sys_inst|jtag_bridge_system_master_0:master_0|altera_avalon_st_jtag_interface:jtag_phy_embedded_in_jtag_master|altera_jtag_dc_streaming:normal.jtag_dc_streaming|altera_avalon_st_clock_crosser:sink_crosser|altera_std_synchronizer_nocut:out_to_in_synchronizer ;
+----------------+-------+-----------------------------------------------------------------------------------------------------------------------------------------------------------------------------------------------------------------------------------------------------------------------------------------------------------------+
; Parameter Name ; Value ; Type                                                                                                                                                                                                                                                                                                            ;
+----------------+-------+-----------------------------------------------------------------------------------------------------------------------------------------------------------------------------------------------------------------------------------------------------------------------------------------------------------------+
; depth          ; 8     ; Signed Integer                                                                                                                                                                                                                                                                                                  ;
; rst_value      ; 0     ; Signed Integer                                                                                                                                                                                                                                                                                                  ;
+----------------+-------+-----------------------------------------------------------------------------------------------------------------------------------------------------------------------------------------------------------------------------------------------------------------------------------------------------------------+
Note: In order to hide this table in the UI and the text report file, please set the "Show Parameter Settings in Synthesis Report" option in "Analysis and Synthesis Settings -> More Settings" to "Off".


+---------------------------------------------------------------------------------------------------------------------------------------------------------------------------------------------------------------------------------------------------------------------------------------------------------------------------------+
; Parameter Settings for User Entity Instance: jtag_bridge_system:bridge_sys_inst|jtag_bridge_system_master_0:master_0|altera_avalon_st_jtag_interface:jtag_phy_embedded_in_jtag_master|altera_jtag_dc_streaming:normal.jtag_dc_streaming|altera_avalon_st_clock_crosser:sink_crosser|altera_avalon_st_pipeline_base:output_stage ;
+------------------+-------+------------------------------------------------------------------------------------------------------------------------------------------------------------------------------------------------------------------------------------------------------------------------------------------------------+
; Parameter Name   ; Value ; Type                                                                                                                                                                                                                                                                                                 ;
+------------------+-------+------------------------------------------------------------------------------------------------------------------------------------------------------------------------------------------------------------------------------------------------------------------------------------------------------+
; SYMBOLS_PER_BEAT ; 1     ; Signed Integer                                                                                                                                                                                                                                                                                       ;
; BITS_PER_SYMBOL  ; 8     ; Signed Integer                                                                                                                                                                                                                                                                                       ;
; PIPELINE_READY   ; 1     ; Signed Integer                                                                                                                                                                                                                                                                                       ;
+------------------+-------+------------------------------------------------------------------------------------------------------------------------------------------------------------------------------------------------------------------------------------------------------------------------------------------------------+
Note: In order to hide this table in the UI and the text report file, please set the "Show Parameter Settings in Synthesis Report" option in "Analysis and Synthesis Settings -> More Settings" to "Off".


+--------------------------------------------------------------------------------------------------------------------------------------------------------------------------------------------------------------------------------------------------------------------------------+
; Parameter Settings for User Entity Instance: jtag_bridge_system:bridge_sys_inst|jtag_bridge_system_master_0:master_0|altera_avalon_st_jtag_interface:jtag_phy_embedded_in_jtag_master|altera_jtag_dc_streaming:normal.jtag_dc_streaming|altera_jtag_src_crosser:source_crosser ;
+----------------+-------+-------------------------------------------------------------------------------------------------------------------------------------------------------------------------------------------------------------------------------------------------------+
; Parameter Name ; Value ; Type                                                                                                                                                                                                                                                  ;
+----------------+-------+-------------------------------------------------------------------------------------------------------------------------------------------------------------------------------------------------------------------------------------------------------+
; WIDTH          ; 8     ; Signed Integer                                                                                                                                                                                                                                        ;
; SYNC_DEPTH     ; 8     ; Signed Integer                                                                                                                                                                                                                                        ;
+----------------+-------+-------------------------------------------------------------------------------------------------------------------------------------------------------------------------------------------------------------------------------------------------------+
Note: In order to hide this table in the UI and the text report file, please set the "Show Parameter Settings in Synthesis Report" option in "Analysis and Synthesis Settings -> More Settings" to "Off".


+---------------------------------------------------------------------------------------------------------------------------------------------------------------------------------------------------------------------------------------------------------------------------------------------------------------------------+
; Parameter Settings for User Entity Instance: jtag_bridge_system:bridge_sys_inst|jtag_bridge_system_master_0:master_0|altera_avalon_st_jtag_interface:jtag_phy_embedded_in_jtag_master|altera_jtag_dc_streaming:normal.jtag_dc_streaming|altera_jtag_src_crosser:source_crosser|altera_jtag_control_signal_crosser:crosser ;
+----------------+-------+--------------------------------------------------------------------------------------------------------------------------------------------------------------------------------------------------------------------------------------------------------------------------------------------------+
; Parameter Name ; Value ; Type                                                                                                                                                                                                                                                                                             ;
+----------------+-------+--------------------------------------------------------------------------------------------------------------------------------------------------------------------------------------------------------------------------------------------------------------------------------------------------+
; SYNC_DEPTH     ; 8     ; Signed Integer                                                                                                                                                                                                                                                                                   ;
+----------------+-------+--------------------------------------------------------------------------------------------------------------------------------------------------------------------------------------------------------------------------------------------------------------------------------------------------+
Note: In order to hide this table in the UI and the text report file, please set the "Show Parameter Settings in Synthesis Report" option in "Analysis and Synthesis Settings -> More Settings" to "Off".


+----------------------------------------------------------------------------------------------------------------------------------------------------------------------------------------------------------------------------------------------------------------------------------------------------------------------------------------------------------------+
; Parameter Settings for User Entity Instance: jtag_bridge_system:bridge_sys_inst|jtag_bridge_system_master_0:master_0|altera_avalon_st_jtag_interface:jtag_phy_embedded_in_jtag_master|altera_jtag_dc_streaming:normal.jtag_dc_streaming|altera_jtag_src_crosser:source_crosser|altera_jtag_control_signal_crosser:crosser|altera_std_synchronizer:synchronizer ;
+----------------+-------+---------------------------------------------------------------------------------------------------------------------------------------------------------------------------------------------------------------------------------------------------------------------------------------------------------------------------------------+
; Parameter Name ; Value ; Type                                                                                                                                                                                                                                                                                                                                  ;
+----------------+-------+---------------------------------------------------------------------------------------------------------------------------------------------------------------------------------------------------------------------------------------------------------------------------------------------------------------------------------------+
; depth          ; 8     ; Signed Integer                                                                                                                                                                                                                                                                                                                        ;
+----------------+-------+---------------------------------------------------------------------------------------------------------------------------------------------------------------------------------------------------------------------------------------------------------------------------------------------------------------------------------------+
Note: In order to hide this table in the UI and the text report file, please set the "Show Parameter Settings in Synthesis Report" option in "Analysis and Synthesis Settings -> More Settings" to "Off".


+-------------------------------------------------------------------------------------------------------------------------------------------------+
; Parameter Settings for User Entity Instance: jtag_bridge_system:bridge_sys_inst|jtag_bridge_system_master_0:master_0|altera_avalon_sc_fifo:fifo ;
+---------------------+-------+-------------------------------------------------------------------------------------------------------------------+
; Parameter Name      ; Value ; Type                                                                                                              ;
+---------------------+-------+-------------------------------------------------------------------------------------------------------------------+
; SYMBOLS_PER_BEAT    ; 1     ; Signed Integer                                                                                                    ;
; BITS_PER_SYMBOL     ; 8     ; Signed Integer                                                                                                    ;
; FIFO_DEPTH          ; 64    ; Signed Integer                                                                                                    ;
; CHANNEL_WIDTH       ; 0     ; Signed Integer                                                                                                    ;
; ERROR_WIDTH         ; 0     ; Signed Integer                                                                                                    ;
; USE_PACKETS         ; 0     ; Signed Integer                                                                                                    ;
; USE_FILL_LEVEL      ; 0     ; Signed Integer                                                                                                    ;
; USE_STORE_FORWARD   ; 0     ; Signed Integer                                                                                                    ;
; USE_ALMOST_FULL_IF  ; 0     ; Signed Integer                                                                                                    ;
; USE_ALMOST_EMPTY_IF ; 0     ; Signed Integer                                                                                                    ;
; EMPTY_LATENCY       ; 3     ; Signed Integer                                                                                                    ;
; USE_MEMORY_BLOCKS   ; 1     ; Signed Integer                                                                                                    ;
; DATA_WIDTH          ; 8     ; Signed Integer                                                                                                    ;
; EMPTY_WIDTH         ; 0     ; Signed Integer                                                                                                    ;
+---------------------+-------+-------------------------------------------------------------------------------------------------------------------+
Note: In order to hide this table in the UI and the text report file, please set the "Show Parameter Settings in Synthesis Report" option in "Analysis and Synthesis Settings -> More Settings" to "Off".


+------------------------------------------------------------------------------------------------------------------------------------------------------------+
; Parameter Settings for User Entity Instance: jtag_bridge_system:bridge_sys_inst|jtag_bridge_system_master_0:master_0|altera_avalon_st_bytes_to_packets:b2p ;
+----------------+-------+-----------------------------------------------------------------------------------------------------------------------------------+
; Parameter Name ; Value ; Type                                                                                                                              ;
+----------------+-------+-----------------------------------------------------------------------------------------------------------------------------------+
; CHANNEL_WIDTH  ; 8     ; Signed Integer                                                                                                                    ;
; ENCODING       ; 0     ; Signed Integer                                                                                                                    ;
+----------------+-------+-----------------------------------------------------------------------------------------------------------------------------------+
Note: In order to hide this table in the UI and the text report file, please set the "Show Parameter Settings in Synthesis Report" option in "Analysis and Synthesis Settings -> More Settings" to "Off".


+------------------------------------------------------------------------------------------------------------------------------------------------------------+
; Parameter Settings for User Entity Instance: jtag_bridge_system:bridge_sys_inst|jtag_bridge_system_master_0:master_0|altera_avalon_st_packets_to_bytes:p2b ;
+----------------+-------+-----------------------------------------------------------------------------------------------------------------------------------+
; Parameter Name ; Value ; Type                                                                                                                              ;
+----------------+-------+-----------------------------------------------------------------------------------------------------------------------------------+
; CHANNEL_WIDTH  ; 8     ; Signed Integer                                                                                                                    ;
; ENCODING       ; 0     ; Signed Integer                                                                                                                    ;
+----------------+-------+-----------------------------------------------------------------------------------------------------------------------------------+
Note: In order to hide this table in the UI and the text report file, please set the "Show Parameter Settings in Synthesis Report" option in "Analysis and Synthesis Settings -> More Settings" to "Off".


+----------------------------------------------------------------------------------------------------------------------------------------------------------------+
; Parameter Settings for User Entity Instance: jtag_bridge_system:bridge_sys_inst|jtag_bridge_system_master_0:master_0|altera_avalon_packets_to_master:transacto ;
+-----------------------+-------+--------------------------------------------------------------------------------------------------------------------------------+
; Parameter Name        ; Value ; Type                                                                                                                           ;
+-----------------------+-------+--------------------------------------------------------------------------------------------------------------------------------+
; EXPORT_MASTER_SIGNALS ; 0     ; Signed Integer                                                                                                                 ;
; FIFO_DEPTHS           ; 2     ; Signed Integer                                                                                                                 ;
; FIFO_WIDTHU           ; 1     ; Signed Integer                                                                                                                 ;
; FAST_VER              ; 0     ; Signed Integer                                                                                                                 ;
+-----------------------+-------+--------------------------------------------------------------------------------------------------------------------------------+
Note: In order to hide this table in the UI and the text report file, please set the "Show Parameter Settings in Synthesis Report" option in "Analysis and Synthesis Settings -> More Settings" to "Off".


+--------------------------------------------------------------------------------------------------------------------------------------------------------------------------------------+
; Parameter Settings for User Entity Instance: jtag_bridge_system:bridge_sys_inst|jtag_bridge_system_master_0:master_0|altera_avalon_packets_to_master:transacto|packets_to_master:p2m ;
+-----------------------+-------+------------------------------------------------------------------------------------------------------------------------------------------------------+
; Parameter Name        ; Value ; Type                                                                                                                                                 ;
+-----------------------+-------+------------------------------------------------------------------------------------------------------------------------------------------------------+
; EXPORT_MASTER_SIGNALS ; 0     ; Signed Integer                                                                                                                                       ;
+-----------------------+-------+------------------------------------------------------------------------------------------------------------------------------------------------------+
Note: In order to hide this table in the UI and the text report file, please set the "Show Parameter Settings in Synthesis Report" option in "Analysis and Synthesis Settings -> More Settings" to "Off".


+-------------------------------------------------------------------------------------------------------------------------------------------------------------+
; Parameter Settings for User Entity Instance: jtag_bridge_system:bridge_sys_inst|jtag_bridge_system_master_0:master_0|altera_reset_controller:rst_controller ;
+---------------------------+----------+----------------------------------------------------------------------------------------------------------------------+
; Parameter Name            ; Value    ; Type                                                                                                                 ;
+---------------------------+----------+----------------------------------------------------------------------------------------------------------------------+
; NUM_RESET_INPUTS          ; 1        ; Signed Integer                                                                                                       ;
; USE_RESET_REQUEST_IN0     ; 0        ; Signed Integer                                                                                                       ;
; USE_RESET_REQUEST_IN1     ; 0        ; Signed Integer                                                                                                       ;
; USE_RESET_REQUEST_IN2     ; 0        ; Signed Integer                                                                                                       ;
; USE_RESET_REQUEST_IN3     ; 0        ; Signed Integer                                                                                                       ;
; USE_RESET_REQUEST_IN4     ; 0        ; Signed Integer                                                                                                       ;
; USE_RESET_REQUEST_IN5     ; 0        ; Signed Integer                                                                                                       ;
; USE_RESET_REQUEST_IN6     ; 0        ; Signed Integer                                                                                                       ;
; USE_RESET_REQUEST_IN7     ; 0        ; Signed Integer                                                                                                       ;
; USE_RESET_REQUEST_IN8     ; 0        ; Signed Integer                                                                                                       ;
; USE_RESET_REQUEST_IN9     ; 0        ; Signed Integer                                                                                                       ;
; USE_RESET_REQUEST_IN10    ; 0        ; Signed Integer                                                                                                       ;
; USE_RESET_REQUEST_IN11    ; 0        ; Signed Integer                                                                                                       ;
; USE_RESET_REQUEST_IN12    ; 0        ; Signed Integer                                                                                                       ;
; USE_RESET_REQUEST_IN13    ; 0        ; Signed Integer                                                                                                       ;
; USE_RESET_REQUEST_IN14    ; 0        ; Signed Integer                                                                                                       ;
; USE_RESET_REQUEST_IN15    ; 0        ; Signed Integer                                                                                                       ;
; OUTPUT_RESET_SYNC_EDGES   ; deassert ; String                                                                                                               ;
; SYNC_DEPTH                ; 2        ; Signed Integer                                                                                                       ;
; RESET_REQUEST_PRESENT     ; 0        ; Signed Integer                                                                                                       ;
; RESET_REQ_WAIT_TIME       ; 1        ; Signed Integer                                                                                                       ;
; MIN_RST_ASSERTION_TIME    ; 3        ; Signed Integer                                                                                                       ;
; RESET_REQ_EARLY_DSRT_TIME ; 1        ; Signed Integer                                                                                                       ;
; ADAPT_RESET_REQUEST       ; 0        ; Signed Integer                                                                                                       ;
+---------------------------+----------+----------------------------------------------------------------------------------------------------------------------+
Note: In order to hide this table in the UI and the text report file, please set the "Show Parameter Settings in Synthesis Report" option in "Analysis and Synthesis Settings -> More Settings" to "Off".


+--------------------------------------------------------------------------------------------------------------------------------------------------------------------------------------------------------+
; Parameter Settings for User Entity Instance: jtag_bridge_system:bridge_sys_inst|jtag_bridge_system_master_0:master_0|altera_reset_controller:rst_controller|altera_reset_synchronizer:alt_rst_sync_uq1 ;
+----------------+-------+-------------------------------------------------------------------------------------------------------------------------------------------------------------------------------+
; Parameter Name ; Value ; Type                                                                                                                                                                          ;
+----------------+-------+-------------------------------------------------------------------------------------------------------------------------------------------------------------------------------+
; ASYNC_RESET    ; 1     ; Unsigned Binary                                                                                                                                                               ;
; DEPTH          ; 2     ; Signed Integer                                                                                                                                                                ;
+----------------+-------+-------------------------------------------------------------------------------------------------------------------------------------------------------------------------------+
Note: In order to hide this table in the UI and the text report file, please set the "Show Parameter Settings in Synthesis Report" option in "Analysis and Synthesis Settings -> More Settings" to "Off".


+------------------------------------------------------------------------------------------------------------------------------------------------------------------------------------------------------------+
; Parameter Settings for User Entity Instance: jtag_bridge_system:bridge_sys_inst|jtag_bridge_system_master_0:master_0|altera_reset_controller:rst_controller|altera_reset_synchronizer:alt_rst_req_sync_uq1 ;
+----------------+-------+-----------------------------------------------------------------------------------------------------------------------------------------------------------------------------------+
; Parameter Name ; Value ; Type                                                                                                                                                                              ;
+----------------+-------+-----------------------------------------------------------------------------------------------------------------------------------------------------------------------------------+
; ASYNC_RESET    ; 0     ; Signed Integer                                                                                                                                                                    ;
; DEPTH          ; 2     ; Signed Integer                                                                                                                                                                    ;
+----------------+-------+-----------------------------------------------------------------------------------------------------------------------------------------------------------------------------------+
Note: In order to hide this table in the UI and the text report file, please set the "Show Parameter Settings in Synthesis Report" option in "Analysis and Synthesis Settings -> More Settings" to "Off".


+---------------------------------------------------------------------------------------------------------------------------------------------------------------------------------------------------+
; Parameter Settings for User Entity Instance: jtag_bridge_system:bridge_sys_inst|jtag_bridge_system_mm_interconnect_0:mm_interconnect_0|altera_merlin_master_translator:master_0_master_translator ;
+-----------------------------+-------+-------------------------------------------------------------------------------------------------------------------------------------------------------------+
; Parameter Name              ; Value ; Type                                                                                                                                                        ;
+-----------------------------+-------+-------------------------------------------------------------------------------------------------------------------------------------------------------------+
; AV_ADDRESS_W                ; 32    ; Signed Integer                                                                                                                                              ;
; AV_DATA_W                   ; 32    ; Signed Integer                                                                                                                                              ;
; AV_BURSTCOUNT_W             ; 1     ; Signed Integer                                                                                                                                              ;
; AV_BYTEENABLE_W             ; 4     ; Signed Integer                                                                                                                                              ;
; UAV_ADDRESS_W               ; 32    ; Signed Integer                                                                                                                                              ;
; UAV_BURSTCOUNT_W            ; 3     ; Signed Integer                                                                                                                                              ;
; USE_BURSTCOUNT              ; 0     ; Signed Integer                                                                                                                                              ;
; USE_BEGINBURSTTRANSFER      ; 0     ; Signed Integer                                                                                                                                              ;
; USE_BEGINTRANSFER           ; 0     ; Signed Integer                                                                                                                                              ;
; USE_CHIPSELECT              ; 0     ; Signed Integer                                                                                                                                              ;
; USE_READ                    ; 1     ; Signed Integer                                                                                                                                              ;
; USE_READDATAVALID           ; 1     ; Signed Integer                                                                                                                                              ;
; USE_WRITE                   ; 1     ; Signed Integer                                                                                                                                              ;
; USE_WAITREQUEST             ; 1     ; Signed Integer                                                                                                                                              ;
; USE_WRITERESPONSE           ; 0     ; Signed Integer                                                                                                                                              ;
; USE_READRESPONSE            ; 0     ; Signed Integer                                                                                                                                              ;
; AV_REGISTERINCOMINGSIGNALS  ; 0     ; Signed Integer                                                                                                                                              ;
; AV_SYMBOLS_PER_WORD         ; 4     ; Signed Integer                                                                                                                                              ;
; AV_ADDRESS_SYMBOLS          ; 1     ; Signed Integer                                                                                                                                              ;
; AV_CONSTANT_BURST_BEHAVIOR  ; 0     ; Signed Integer                                                                                                                                              ;
; UAV_CONSTANT_BURST_BEHAVIOR ; 0     ; Signed Integer                                                                                                                                              ;
; AV_BURSTCOUNT_SYMBOLS       ; 0     ; Signed Integer                                                                                                                                              ;
; AV_LINEWRAPBURSTS           ; 0     ; Signed Integer                                                                                                                                              ;
+-----------------------------+-------+-------------------------------------------------------------------------------------------------------------------------------------------------------------+
Note: In order to hide this table in the UI and the text report file, please set the "Show Parameter Settings in Synthesis Report" option in "Analysis and Synthesis Settings -> More Settings" to "Off".


+------------------------------------------------------------------------------------------------------------------------------------------------------------------------------------------------------+
; Parameter Settings for User Entity Instance: jtag_bridge_system:bridge_sys_inst|jtag_bridge_system_mm_interconnect_0:mm_interconnect_0|altera_merlin_slave_translator:capture_buffer_0_av_translator ;
+--------------------------------+-------+-------------------------------------------------------------------------------------------------------------------------------------------------------------+
; Parameter Name                 ; Value ; Type                                                                                                                                                        ;
+--------------------------------+-------+-------------------------------------------------------------------------------------------------------------------------------------------------------------+
; AV_ADDRESS_W                   ; 14    ; Signed Integer                                                                                                                                              ;
; AV_DATA_W                      ; 32    ; Signed Integer                                                                                                                                              ;
; AV_BURSTCOUNT_W                ; 1     ; Signed Integer                                                                                                                                              ;
; AV_BYTEENABLE_W                ; 4     ; Signed Integer                                                                                                                                              ;
; UAV_BYTEENABLE_W               ; 4     ; Signed Integer                                                                                                                                              ;
; AV_READLATENCY                 ; 0     ; Signed Integer                                                                                                                                              ;
; AV_READ_WAIT_CYCLES            ; 1     ; Signed Integer                                                                                                                                              ;
; AV_WRITE_WAIT_CYCLES           ; 0     ; Signed Integer                                                                                                                                              ;
; AV_SETUP_WAIT_CYCLES           ; 0     ; Signed Integer                                                                                                                                              ;
; AV_DATA_HOLD_CYCLES            ; 0     ; Signed Integer                                                                                                                                              ;
; USE_READDATAVALID              ; 0     ; Signed Integer                                                                                                                                              ;
; USE_WAITREQUEST                ; 1     ; Signed Integer                                                                                                                                              ;
; USE_READRESPONSE               ; 0     ; Signed Integer                                                                                                                                              ;
; USE_WRITERESPONSE              ; 0     ; Signed Integer                                                                                                                                              ;
; AV_SYMBOLS_PER_WORD            ; 4     ; Signed Integer                                                                                                                                              ;
; AV_ADDRESS_SYMBOLS             ; 0     ; Signed Integer                                                                                                                                              ;
; AV_BURSTCOUNT_SYMBOLS          ; 0     ; Signed Integer                                                                                                                                              ;
; BITS_PER_WORD                  ; 2     ; Signed Integer                                                                                                                                              ;
; UAV_ADDRESS_W                  ; 32    ; Signed Integer                                                                                                                                              ;
; UAV_BURSTCOUNT_W               ; 3     ; Signed Integer                                                                                                                                              ;
; UAV_DATA_W                     ; 32    ; Signed Integer                                                                                                                                              ;
; AV_CONSTANT_BURST_BEHAVIOR     ; 0     ; Signed Integer                                                                                                                                              ;
; UAV_CONSTANT_BURST_BEHAVIOR    ; 0     ; Signed Integer                                                                                                                                              ;
; CHIPSELECT_THROUGH_READLATENCY ; 0     ; Signed Integer                                                                                                                                              ;
; USE_UAV_CLKEN                  ; 0     ; Signed Integer                                                                                                                                              ;
; AV_REQUIRE_UNALIGNED_ADDRESSES ; 0     ; Signed Integer                                                                                                                                              ;
+--------------------------------+-------+-------------------------------------------------------------------------------------------------------------------------------------------------------------+
Note: In order to hide this table in the UI and the text report file, please set the "Show Parameter Settings in Synthesis Report" option in "Analysis and Synthesis Settings -> More Settings" to "Off".


+------------------------------------------------------------------------------------------------------------------------+
; Parameter Settings for User Entity Instance: jtag_bridge_system:bridge_sys_inst|altera_reset_controller:rst_controller ;
+---------------------------+----------+---------------------------------------------------------------------------------+
; Parameter Name            ; Value    ; Type                                                                            ;
+---------------------------+----------+---------------------------------------------------------------------------------+
; NUM_RESET_INPUTS          ; 1        ; Signed Integer                                                                  ;
; USE_RESET_REQUEST_IN0     ; 0        ; Signed Integer                                                                  ;
; USE_RESET_REQUEST_IN1     ; 0        ; Signed Integer                                                                  ;
; USE_RESET_REQUEST_IN2     ; 0        ; Signed Integer                                                                  ;
; USE_RESET_REQUEST_IN3     ; 0        ; Signed Integer                                                                  ;
; USE_RESET_REQUEST_IN4     ; 0        ; Signed Integer                                                                  ;
; USE_RESET_REQUEST_IN5     ; 0        ; Signed Integer                                                                  ;
; USE_RESET_REQUEST_IN6     ; 0        ; Signed Integer                                                                  ;
; USE_RESET_REQUEST_IN7     ; 0        ; Signed Integer                                                                  ;
; USE_RESET_REQUEST_IN8     ; 0        ; Signed Integer                                                                  ;
; USE_RESET_REQUEST_IN9     ; 0        ; Signed Integer                                                                  ;
; USE_RESET_REQUEST_IN10    ; 0        ; Signed Integer                                                                  ;
; USE_RESET_REQUEST_IN11    ; 0        ; Signed Integer                                                                  ;
; USE_RESET_REQUEST_IN12    ; 0        ; Signed Integer                                                                  ;
; USE_RESET_REQUEST_IN13    ; 0        ; Signed Integer                                                                  ;
; USE_RESET_REQUEST_IN14    ; 0        ; Signed Integer                                                                  ;
; USE_RESET_REQUEST_IN15    ; 0        ; Signed Integer                                                                  ;
; OUTPUT_RESET_SYNC_EDGES   ; deassert ; String                                                                          ;
; SYNC_DEPTH                ; 2        ; Signed Integer                                                                  ;
; RESET_REQUEST_PRESENT     ; 0        ; Signed Integer                                                                  ;
; RESET_REQ_WAIT_TIME       ; 1        ; Signed Integer                                                                  ;
; MIN_RST_ASSERTION_TIME    ; 3        ; Signed Integer                                                                  ;
; RESET_REQ_EARLY_DSRT_TIME ; 1        ; Signed Integer                                                                  ;
; ADAPT_RESET_REQUEST       ; 0        ; Signed Integer                                                                  ;
+---------------------------+----------+---------------------------------------------------------------------------------+
Note: In order to hide this table in the UI and the text report file, please set the "Show Parameter Settings in Synthesis Report" option in "Analysis and Synthesis Settings -> More Settings" to "Off".


+-------------------------------------------------------------------------------------------------------------------------------------------------------------------+
; Parameter Settings for User Entity Instance: jtag_bridge_system:bridge_sys_inst|altera_reset_controller:rst_controller|altera_reset_synchronizer:alt_rst_sync_uq1 ;
+----------------+-------+------------------------------------------------------------------------------------------------------------------------------------------+
; Parameter Name ; Value ; Type                                                                                                                                     ;
+----------------+-------+------------------------------------------------------------------------------------------------------------------------------------------+
; ASYNC_RESET    ; 1     ; Unsigned Binary                                                                                                                          ;
; DEPTH          ; 2     ; Signed Integer                                                                                                                           ;
+----------------+-------+------------------------------------------------------------------------------------------------------------------------------------------+
Note: In order to hide this table in the UI and the text report file, please set the "Show Parameter Settings in Synthesis Report" option in "Analysis and Synthesis Settings -> More Settings" to "Off".


+-----------------------------------------------------------------------------------------------------------------------------------------------------------------------+
; Parameter Settings for User Entity Instance: jtag_bridge_system:bridge_sys_inst|altera_reset_controller:rst_controller|altera_reset_synchronizer:alt_rst_req_sync_uq1 ;
+----------------+-------+----------------------------------------------------------------------------------------------------------------------------------------------+
; Parameter Name ; Value ; Type                                                                                                                                         ;
+----------------+-------+----------------------------------------------------------------------------------------------------------------------------------------------+
; ASYNC_RESET    ; 0     ; Signed Integer                                                                                                                               ;
; DEPTH          ; 2     ; Signed Integer                                                                                                                               ;
+----------------+-------+----------------------------------------------------------------------------------------------------------------------------------------------+
Note: In order to hide this table in the UI and the text report file, please set the "Show Parameter Settings in Synthesis Report" option in "Analysis and Synthesis Settings -> More Settings" to "Off".


+--------------------------------------------------------------------------------------------------------------------------------------------------------------------------+
; Parameter Settings for Inferred Entity Instance: jtag_bridge_system:bridge_sys_inst|jtag_bridge_system_master_0:master_0|altera_avalon_sc_fifo:fifo|altsyncram:mem_rtl_0 ;
+------------------------------------+----------------------+--------------------------------------------------------------------------------------------------------------+
; Parameter Name                     ; Value                ; Type                                                                                                         ;
+------------------------------------+----------------------+--------------------------------------------------------------------------------------------------------------+
; BYTE_SIZE_BLOCK                    ; 8                    ; Untyped                                                                                                      ;
; AUTO_CARRY_CHAINS                  ; ON                   ; AUTO_CARRY                                                                                                   ;
; IGNORE_CARRY_BUFFERS               ; OFF                  ; IGNORE_CARRY                                                                                                 ;
; AUTO_CASCADE_CHAINS                ; ON                   ; AUTO_CASCADE                                                                                                 ;
; IGNORE_CASCADE_BUFFERS             ; OFF                  ; IGNORE_CASCADE                                                                                               ;
; WIDTH_BYTEENA                      ; 1                    ; Untyped                                                                                                      ;
; OPERATION_MODE                     ; DUAL_PORT            ; Untyped                                                                                                      ;
; WIDTH_A                            ; 8                    ; Untyped                                                                                                      ;
; WIDTHAD_A                          ; 6                    ; Untyped                                                                                                      ;
; NUMWORDS_A                         ; 64                   ; Untyped                                                                                                      ;
; OUTDATA_REG_A                      ; UNREGISTERED         ; Untyped                                                                                                      ;
; ADDRESS_ACLR_A                     ; NONE                 ; Untyped                                                                                                      ;
; OUTDATA_ACLR_A                     ; NONE                 ; Untyped                                                                                                      ;
; WRCONTROL_ACLR_A                   ; NONE                 ; Untyped                                                                                                      ;
; INDATA_ACLR_A                      ; NONE                 ; Untyped                                                                                                      ;
; BYTEENA_ACLR_A                     ; NONE                 ; Untyped                                                                                                      ;
; WIDTH_B                            ; 8                    ; Untyped                                                                                                      ;
; WIDTHAD_B                          ; 6                    ; Untyped                                                                                                      ;
; NUMWORDS_B                         ; 64                   ; Untyped                                                                                                      ;
; INDATA_REG_B                       ; CLOCK1               ; Untyped                                                                                                      ;
; WRCONTROL_WRADDRESS_REG_B          ; CLOCK1               ; Untyped                                                                                                      ;
; RDCONTROL_REG_B                    ; CLOCK1               ; Untyped                                                                                                      ;
; ADDRESS_REG_B                      ; CLOCK0               ; Untyped                                                                                                      ;
; OUTDATA_REG_B                      ; UNREGISTERED         ; Untyped                                                                                                      ;
; BYTEENA_REG_B                      ; CLOCK1               ; Untyped                                                                                                      ;
; INDATA_ACLR_B                      ; NONE                 ; Untyped                                                                                                      ;
; WRCONTROL_ACLR_B                   ; NONE                 ; Untyped                                                                                                      ;
; ADDRESS_ACLR_B                     ; NONE                 ; Untyped                                                                                                      ;
; OUTDATA_ACLR_B                     ; NONE                 ; Untyped                                                                                                      ;
; RDCONTROL_ACLR_B                   ; NONE                 ; Untyped                                                                                                      ;
; BYTEENA_ACLR_B                     ; NONE                 ; Untyped                                                                                                      ;
; WIDTH_BYTEENA_A                    ; 1                    ; Untyped                                                                                                      ;
; WIDTH_BYTEENA_B                    ; 1                    ; Untyped                                                                                                      ;
; RAM_BLOCK_TYPE                     ; AUTO                 ; Untyped                                                                                                      ;
; BYTE_SIZE                          ; 8                    ; Untyped                                                                                                      ;
; READ_DURING_WRITE_MODE_MIXED_PORTS ; OLD_DATA             ; Untyped                                                                                                      ;
; READ_DURING_WRITE_MODE_PORT_A      ; NEW_DATA_NO_NBE_READ ; Untyped                                                                                                      ;
; READ_DURING_WRITE_MODE_PORT_B      ; NEW_DATA_NO_NBE_READ ; Untyped                                                                                                      ;
; INIT_FILE                          ; UNUSED               ; Untyped                                                                                                      ;
; INIT_FILE_LAYOUT                   ; PORT_A               ; Untyped                                                                                                      ;
; MAXIMUM_DEPTH                      ; 0                    ; Untyped                                                                                                      ;
; CLOCK_ENABLE_INPUT_A               ; NORMAL               ; Untyped                                                                                                      ;
; CLOCK_ENABLE_INPUT_B               ; NORMAL               ; Untyped                                                                                                      ;
; CLOCK_ENABLE_OUTPUT_A              ; NORMAL               ; Untyped                                                                                                      ;
; CLOCK_ENABLE_OUTPUT_B              ; NORMAL               ; Untyped                                                                                                      ;
; CLOCK_ENABLE_CORE_A                ; USE_INPUT_CLKEN      ; Untyped                                                                                                      ;
; CLOCK_ENABLE_CORE_B                ; USE_INPUT_CLKEN      ; Untyped                                                                                                      ;
; ENABLE_ECC                         ; FALSE                ; Untyped                                                                                                      ;
; ECC_PIPELINE_STAGE_ENABLED         ; FALSE                ; Untyped                                                                                                      ;
; WIDTH_ECCSTATUS                    ; 3                    ; Untyped                                                                                                      ;
; DEVICE_FAMILY                      ; Cyclone V            ; Untyped                                                                                                      ;
; CBXI_PARAMETER                     ; altsyncram_g0n1      ; Untyped                                                                                                      ;
+------------------------------------+----------------------+--------------------------------------------------------------------------------------------------------------+
Note: In order to hide this table in the UI and the text report file, please set the "Show Parameter Settings in Synthesis Report" option in "Analysis and Synthesis Settings -> More Settings" to "Off".


+------------------------------------------------------------------------------------------------------------------------------------------+
; Parameter Settings for Inferred Entity Instance: jtag_bridge_system:bridge_sys_inst|capture_buffer:capture_buffer_0|altsyncram:mem_rtl_0 ;
+------------------------------------+-------------------------------------------------------+---------------------------------------------+
; Parameter Name                     ; Value                                                 ; Type                                        ;
+------------------------------------+-------------------------------------------------------+---------------------------------------------+
; BYTE_SIZE_BLOCK                    ; 8                                                     ; Untyped                                     ;
; AUTO_CARRY_CHAINS                  ; ON                                                    ; AUTO_CARRY                                  ;
; IGNORE_CARRY_BUFFERS               ; OFF                                                   ; IGNORE_CARRY                                ;
; AUTO_CASCADE_CHAINS                ; ON                                                    ; AUTO_CASCADE                                ;
; IGNORE_CASCADE_BUFFERS             ; OFF                                                   ; IGNORE_CASCADE                              ;
; WIDTH_BYTEENA                      ; 1                                                     ; Untyped                                     ;
; OPERATION_MODE                     ; DUAL_PORT                                             ; Untyped                                     ;
; WIDTH_A                            ; 8                                                     ; Untyped                                     ;
; WIDTHAD_A                          ; 13                                                    ; Untyped                                     ;
; NUMWORDS_A                         ; 8192                                                  ; Untyped                                     ;
; OUTDATA_REG_A                      ; UNREGISTERED                                          ; Untyped                                     ;
; ADDRESS_ACLR_A                     ; NONE                                                  ; Untyped                                     ;
; OUTDATA_ACLR_A                     ; NONE                                                  ; Untyped                                     ;
; WRCONTROL_ACLR_A                   ; NONE                                                  ; Untyped                                     ;
; INDATA_ACLR_A                      ; NONE                                                  ; Untyped                                     ;
; BYTEENA_ACLR_A                     ; NONE                                                  ; Untyped                                     ;
; WIDTH_B                            ; 8                                                     ; Untyped                                     ;
; WIDTHAD_B                          ; 13                                                    ; Untyped                                     ;
; NUMWORDS_B                         ; 8192                                                  ; Untyped                                     ;
; INDATA_REG_B                       ; CLOCK1                                                ; Untyped                                     ;
; WRCONTROL_WRADDRESS_REG_B          ; CLOCK1                                                ; Untyped                                     ;
; RDCONTROL_REG_B                    ; CLOCK1                                                ; Untyped                                     ;
; ADDRESS_REG_B                      ; CLOCK0                                                ; Untyped                                     ;
; OUTDATA_REG_B                      ; UNREGISTERED                                          ; Untyped                                     ;
; BYTEENA_REG_B                      ; CLOCK1                                                ; Untyped                                     ;
; INDATA_ACLR_B                      ; NONE                                                  ; Untyped                                     ;
; WRCONTROL_ACLR_B                   ; NONE                                                  ; Untyped                                     ;
; ADDRESS_ACLR_B                     ; NONE                                                  ; Untyped                                     ;
; OUTDATA_ACLR_B                     ; NONE                                                  ; Untyped                                     ;
; RDCONTROL_ACLR_B                   ; NONE                                                  ; Untyped                                     ;
; BYTEENA_ACLR_B                     ; NONE                                                  ; Untyped                                     ;
; WIDTH_BYTEENA_A                    ; 1                                                     ; Untyped                                     ;
; WIDTH_BYTEENA_B                    ; 1                                                     ; Untyped                                     ;
; RAM_BLOCK_TYPE                     ; AUTO                                                  ; Untyped                                     ;
; BYTE_SIZE                          ; 8                                                     ; Untyped                                     ;
; READ_DURING_WRITE_MODE_MIXED_PORTS ; DONT_CARE                                             ; Untyped                                     ;
; READ_DURING_WRITE_MODE_PORT_A      ; NEW_DATA_NO_NBE_READ                                  ; Untyped                                     ;
; READ_DURING_WRITE_MODE_PORT_B      ; NEW_DATA_NO_NBE_READ                                  ; Untyped                                     ;
; INIT_FILE                          ; db/oscilatorRing.ram0_capture_buffer_49830562.hdl.mif ; Untyped                                     ;
; INIT_FILE_LAYOUT                   ; PORT_A                                                ; Untyped                                     ;
; MAXIMUM_DEPTH                      ; 0                                                     ; Untyped                                     ;
; CLOCK_ENABLE_INPUT_A               ; NORMAL                                                ; Untyped                                     ;
; CLOCK_ENABLE_INPUT_B               ; NORMAL                                                ; Untyped                                     ;
; CLOCK_ENABLE_OUTPUT_A              ; NORMAL                                                ; Untyped                                     ;
; CLOCK_ENABLE_OUTPUT_B              ; NORMAL                                                ; Untyped                                     ;
; CLOCK_ENABLE_CORE_A                ; USE_INPUT_CLKEN                                       ; Untyped                                     ;
; CLOCK_ENABLE_CORE_B                ; USE_INPUT_CLKEN                                       ; Untyped                                     ;
; ENABLE_ECC                         ; FALSE                                                 ; Untyped                                     ;
; ECC_PIPELINE_STAGE_ENABLED         ; FALSE                                                 ; Untyped                                     ;
; WIDTH_ECCSTATUS                    ; 3                                                     ; Untyped                                     ;
; DEVICE_FAMILY                      ; Cyclone V                                             ; Untyped                                     ;
; CBXI_PARAMETER                     ; altsyncram_flo1                                       ; Untyped                                     ;
+------------------------------------+-------------------------------------------------------+---------------------------------------------+
Note: In order to hide this table in the UI and the text report file, please set the "Show Parameter Settings in Synthesis Report" option in "Analysis and Synthesis Settings -> More Settings" to "Off".


+---------------------------------------------------------------------------------------------------------------------------------------------------------------------+
; altsyncram Parameter Settings by Entity Instance                                                                                                                    ;
+-------------------------------------------+-------------------------------------------------------------------------------------------------------------------------+
; Name                                      ; Value                                                                                                                   ;
+-------------------------------------------+-------------------------------------------------------------------------------------------------------------------------+
; Number of entity instances                ; 2                                                                                                                       ;
; Entity Instance                           ; jtag_bridge_system:bridge_sys_inst|jtag_bridge_system_master_0:master_0|altera_avalon_sc_fifo:fifo|altsyncram:mem_rtl_0 ;
;     -- OPERATION_MODE                     ; DUAL_PORT                                                                                                               ;
;     -- WIDTH_A                            ; 8                                                                                                                       ;
;     -- NUMWORDS_A                         ; 64                                                                                                                      ;
;     -- OUTDATA_REG_A                      ; UNREGISTERED                                                                                                            ;
;     -- WIDTH_B                            ; 8                                                                                                                       ;
;     -- NUMWORDS_B                         ; 64                                                                                                                      ;
;     -- ADDRESS_REG_B                      ; CLOCK0                                                                                                                  ;
;     -- OUTDATA_REG_B                      ; UNREGISTERED                                                                                                            ;
;     -- RAM_BLOCK_TYPE                     ; AUTO                                                                                                                    ;
;     -- READ_DURING_WRITE_MODE_MIXED_PORTS ; OLD_DATA                                                                                                                ;
; Entity Instance                           ; jtag_bridge_system:bridge_sys_inst|capture_buffer:capture_buffer_0|altsyncram:mem_rtl_0                                 ;
;     -- OPERATION_MODE                     ; DUAL_PORT                                                                                                               ;
;     -- WIDTH_A                            ; 8                                                                                                                       ;
;     -- NUMWORDS_A                         ; 8192                                                                                                                    ;
;     -- OUTDATA_REG_A                      ; UNREGISTERED                                                                                                            ;
;     -- WIDTH_B                            ; 8                                                                                                                       ;
;     -- NUMWORDS_B                         ; 8192                                                                                                                    ;
;     -- ADDRESS_REG_B                      ; CLOCK0                                                                                                                  ;
;     -- OUTDATA_REG_B                      ; UNREGISTERED                                                                                                            ;
;     -- RAM_BLOCK_TYPE                     ; AUTO                                                                                                                    ;
;     -- READ_DURING_WRITE_MODE_MIXED_PORTS ; DONT_CARE                                                                                                               ;
+-------------------------------------------+-------------------------------------------------------------------------------------------------------------------------+


+--------------------------------------------------------------------------------------------------------------------------+
; Port Connectivity Checks: "jtag_bridge_system:bridge_sys_inst|altera_reset_controller:rst_controller"                    ;
+----------------+--------+----------+-------------------------------------------------------------------------------------+
; Port           ; Type   ; Severity ; Details                                                                             ;
+----------------+--------+----------+-------------------------------------------------------------------------------------+
; reset_req      ; Output ; Info     ; Connected to dangling logic. Logic that only feeds a dangling port will be removed. ;
; reset_req_in0  ; Input  ; Info     ; Stuck at GND                                                                        ;
; reset_in1      ; Input  ; Info     ; Stuck at GND                                                                        ;
; reset_req_in1  ; Input  ; Info     ; Stuck at GND                                                                        ;
; reset_in2      ; Input  ; Info     ; Stuck at GND                                                                        ;
; reset_req_in2  ; Input  ; Info     ; Stuck at GND                                                                        ;
; reset_in3      ; Input  ; Info     ; Stuck at GND                                                                        ;
; reset_req_in3  ; Input  ; Info     ; Stuck at GND                                                                        ;
; reset_in4      ; Input  ; Info     ; Stuck at GND                                                                        ;
; reset_req_in4  ; Input  ; Info     ; Stuck at GND                                                                        ;
; reset_in5      ; Input  ; Info     ; Stuck at GND                                                                        ;
; reset_req_in5  ; Input  ; Info     ; Stuck at GND                                                                        ;
; reset_in6      ; Input  ; Info     ; Stuck at GND                                                                        ;
; reset_req_in6  ; Input  ; Info     ; Stuck at GND                                                                        ;
; reset_in7      ; Input  ; Info     ; Stuck at GND                                                                        ;
; reset_req_in7  ; Input  ; Info     ; Stuck at GND                                                                        ;
; reset_in8      ; Input  ; Info     ; Stuck at GND                                                                        ;
; reset_req_in8  ; Input  ; Info     ; Stuck at GND                                                                        ;
; reset_in9      ; Input  ; Info     ; Stuck at GND                                                                        ;
; reset_req_in9  ; Input  ; Info     ; Stuck at GND                                                                        ;
; reset_in10     ; Input  ; Info     ; Stuck at GND                                                                        ;
; reset_req_in10 ; Input  ; Info     ; Stuck at GND                                                                        ;
; reset_in11     ; Input  ; Info     ; Stuck at GND                                                                        ;
; reset_req_in11 ; Input  ; Info     ; Stuck at GND                                                                        ;
; reset_in12     ; Input  ; Info     ; Stuck at GND                                                                        ;
; reset_req_in12 ; Input  ; Info     ; Stuck at GND                                                                        ;
; reset_in13     ; Input  ; Info     ; Stuck at GND                                                                        ;
; reset_req_in13 ; Input  ; Info     ; Stuck at GND                                                                        ;
; reset_in14     ; Input  ; Info     ; Stuck at GND                                                                        ;
; reset_req_in14 ; Input  ; Info     ; Stuck at GND                                                                        ;
; reset_in15     ; Input  ; Info     ; Stuck at GND                                                                        ;
; reset_req_in15 ; Input  ; Info     ; Stuck at GND                                                                        ;
+----------------+--------+----------+-------------------------------------------------------------------------------------+


+-------------------------------------------------------------------------------------------------------------------------------------------------------------------------------------+
; Port Connectivity Checks: "jtag_bridge_system:bridge_sys_inst|jtag_bridge_system_mm_interconnect_0:mm_interconnect_0|altera_merlin_slave_translator:capture_buffer_0_av_translator" ;
+------------------------+--------+----------+----------------------------------------------------------------------------------------------------------------------------------------+
; Port                   ; Type   ; Severity ; Details                                                                                                                                ;
+------------------------+--------+----------+----------------------------------------------------------------------------------------------------------------------------------------+
; av_begintransfer       ; Output ; Info     ; Explicitly unconnected                                                                                                                 ;
; av_beginbursttransfer  ; Output ; Info     ; Explicitly unconnected                                                                                                                 ;
; av_burstcount          ; Output ; Info     ; Explicitly unconnected                                                                                                                 ;
; av_byteenable          ; Output ; Info     ; Explicitly unconnected                                                                                                                 ;
; av_readdatavalid       ; Input  ; Info     ; Stuck at GND                                                                                                                           ;
; av_writebyteenable     ; Output ; Info     ; Explicitly unconnected                                                                                                                 ;
; av_lock                ; Output ; Info     ; Explicitly unconnected                                                                                                                 ;
; av_clken               ; Output ; Info     ; Explicitly unconnected                                                                                                                 ;
; uav_clken              ; Input  ; Info     ; Stuck at GND                                                                                                                           ;
; av_debugaccess         ; Output ; Info     ; Explicitly unconnected                                                                                                                 ;
; av_outputenable        ; Output ; Info     ; Explicitly unconnected                                                                                                                 ;
; uav_response           ; Output ; Info     ; Explicitly unconnected                                                                                                                 ;
; av_response            ; Input  ; Info     ; Stuck at GND                                                                                                                           ;
; uav_writeresponsevalid ; Output ; Info     ; Explicitly unconnected                                                                                                                 ;
; av_writeresponsevalid  ; Input  ; Info     ; Stuck at GND                                                                                                                           ;
+------------------------+--------+----------+----------------------------------------------------------------------------------------------------------------------------------------+


+----------------------------------------------------------------------------------------------------------------------------------------------------------------------------------+
; Port Connectivity Checks: "jtag_bridge_system:bridge_sys_inst|jtag_bridge_system_mm_interconnect_0:mm_interconnect_0|altera_merlin_master_translator:master_0_master_translator" ;
+------------------------+--------+----------+-------------------------------------------------------------------------------------------------------------------------------------+
; Port                   ; Type   ; Severity ; Details                                                                                                                             ;
+------------------------+--------+----------+-------------------------------------------------------------------------------------------------------------------------------------+
; av_burstcount          ; Input  ; Info     ; Stuck at VCC                                                                                                                        ;
; av_beginbursttransfer  ; Input  ; Info     ; Stuck at GND                                                                                                                        ;
; av_begintransfer       ; Input  ; Info     ; Stuck at GND                                                                                                                        ;
; av_chipselect          ; Input  ; Info     ; Stuck at GND                                                                                                                        ;
; av_lock                ; Input  ; Info     ; Stuck at GND                                                                                                                        ;
; av_debugaccess         ; Input  ; Info     ; Stuck at GND                                                                                                                        ;
; uav_clken              ; Output ; Info     ; Explicitly unconnected                                                                                                              ;
; av_clken               ; Input  ; Info     ; Stuck at VCC                                                                                                                        ;
; uav_response           ; Input  ; Info     ; Stuck at GND                                                                                                                        ;
; av_response            ; Output ; Info     ; Explicitly unconnected                                                                                                              ;
; uav_writeresponsevalid ; Input  ; Info     ; Stuck at GND                                                                                                                        ;
; av_writeresponsevalid  ; Output ; Info     ; Explicitly unconnected                                                                                                              ;
+------------------------+--------+----------+-------------------------------------------------------------------------------------------------------------------------------------+


+-------------------------------------------------------------------------------------------------------------------------------------------------------------------------------------------+
; Port Connectivity Checks: "jtag_bridge_system:bridge_sys_inst|jtag_bridge_system_master_0:master_0|altera_reset_controller:rst_controller|altera_reset_synchronizer:alt_rst_req_sync_uq1" ;
+----------+-------+----------+-------------------------------------------------------------------------------------------------------------------------------------------------------------+
; Port     ; Type  ; Severity ; Details                                                                                                                                                     ;
+----------+-------+----------+-------------------------------------------------------------------------------------------------------------------------------------------------------------+
; reset_in ; Input ; Info     ; Stuck at GND                                                                                                                                                ;
+----------+-------+----------+-------------------------------------------------------------------------------------------------------------------------------------------------------------+


+--------------------------------------------------------------------------------------------------------------------------------------------+
; Port Connectivity Checks: "jtag_bridge_system:bridge_sys_inst|jtag_bridge_system_master_0:master_0|altera_reset_controller:rst_controller" ;
+----------------+--------+----------+-------------------------------------------------------------------------------------------------------+
; Port           ; Type   ; Severity ; Details                                                                                               ;
+----------------+--------+----------+-------------------------------------------------------------------------------------------------------+
; reset_req      ; Output ; Info     ; Explicitly unconnected                                                                                ;
; reset_req_in0  ; Input  ; Info     ; Stuck at GND                                                                                          ;
; reset_in1      ; Input  ; Info     ; Stuck at GND                                                                                          ;
; reset_req_in1  ; Input  ; Info     ; Stuck at GND                                                                                          ;
; reset_in2      ; Input  ; Info     ; Stuck at GND                                                                                          ;
; reset_req_in2  ; Input  ; Info     ; Stuck at GND                                                                                          ;
; reset_in3      ; Input  ; Info     ; Stuck at GND                                                                                          ;
; reset_req_in3  ; Input  ; Info     ; Stuck at GND                                                                                          ;
; reset_in4      ; Input  ; Info     ; Stuck at GND                                                                                          ;
; reset_req_in4  ; Input  ; Info     ; Stuck at GND                                                                                          ;
; reset_in5      ; Input  ; Info     ; Stuck at GND                                                                                          ;
; reset_req_in5  ; Input  ; Info     ; Stuck at GND                                                                                          ;
; reset_in6      ; Input  ; Info     ; Stuck at GND                                                                                          ;
; reset_req_in6  ; Input  ; Info     ; Stuck at GND                                                                                          ;
; reset_in7      ; Input  ; Info     ; Stuck at GND                                                                                          ;
; reset_req_in7  ; Input  ; Info     ; Stuck at GND                                                                                          ;
; reset_in8      ; Input  ; Info     ; Stuck at GND                                                                                          ;
; reset_req_in8  ; Input  ; Info     ; Stuck at GND                                                                                          ;
; reset_in9      ; Input  ; Info     ; Stuck at GND                                                                                          ;
; reset_req_in9  ; Input  ; Info     ; Stuck at GND                                                                                          ;
; reset_in10     ; Input  ; Info     ; Stuck at GND                                                                                          ;
; reset_req_in10 ; Input  ; Info     ; Stuck at GND                                                                                          ;
; reset_in11     ; Input  ; Info     ; Stuck at GND                                                                                          ;
; reset_req_in11 ; Input  ; Info     ; Stuck at GND                                                                                          ;
; reset_in12     ; Input  ; Info     ; Stuck at GND                                                                                          ;
; reset_req_in12 ; Input  ; Info     ; Stuck at GND                                                                                          ;
; reset_in13     ; Input  ; Info     ; Stuck at GND                                                                                          ;
; reset_req_in13 ; Input  ; Info     ; Stuck at GND                                                                                          ;
; reset_in14     ; Input  ; Info     ; Stuck at GND                                                                                          ;
; reset_req_in14 ; Input  ; Info     ; Stuck at GND                                                                                          ;
; reset_in15     ; Input  ; Info     ; Stuck at GND                                                                                          ;
; reset_req_in15 ; Input  ; Info     ; Stuck at GND                                                                                          ;
+----------------+--------+----------+-------------------------------------------------------------------------------------------------------+


+--------------------------------------------------------------------------------------------------------------------------------+
; Port Connectivity Checks: "jtag_bridge_system:bridge_sys_inst|jtag_bridge_system_master_0:master_0|altera_avalon_sc_fifo:fifo" ;
+-------------------+--------+----------+----------------------------------------------------------------------------------------+
; Port              ; Type   ; Severity ; Details                                                                                ;
+-------------------+--------+----------+----------------------------------------------------------------------------------------+
; csr_address       ; Input  ; Info     ; Stuck at GND                                                                           ;
; csr_read          ; Input  ; Info     ; Stuck at GND                                                                           ;
; csr_write         ; Input  ; Info     ; Stuck at GND                                                                           ;
; csr_readdata      ; Output ; Info     ; Explicitly unconnected                                                                 ;
; csr_writedata     ; Input  ; Info     ; Stuck at GND                                                                           ;
; almost_full_data  ; Output ; Info     ; Explicitly unconnected                                                                 ;
; almost_empty_data ; Output ; Info     ; Explicitly unconnected                                                                 ;
; in_startofpacket  ; Input  ; Info     ; Stuck at GND                                                                           ;
; in_endofpacket    ; Input  ; Info     ; Stuck at GND                                                                           ;
; out_startofpacket ; Output ; Info     ; Explicitly unconnected                                                                 ;
; out_endofpacket   ; Output ; Info     ; Explicitly unconnected                                                                 ;
; in_empty          ; Input  ; Info     ; Stuck at GND                                                                           ;
; out_empty         ; Output ; Info     ; Explicitly unconnected                                                                 ;
; in_error          ; Input  ; Info     ; Stuck at GND                                                                           ;
; out_error         ; Output ; Info     ; Explicitly unconnected                                                                 ;
; in_channel        ; Input  ; Info     ; Stuck at GND                                                                           ;
; out_channel       ; Output ; Info     ; Explicitly unconnected                                                                 ;
+-------------------+--------+----------+----------------------------------------------------------------------------------------+


+----------------------------------------------------------------------------------------------------------------------------------------------------------------------------------------------------------------------------------------------------------------------------------------------------------+
; Port Connectivity Checks: "jtag_bridge_system:bridge_sys_inst|jtag_bridge_system_master_0:master_0|altera_avalon_st_jtag_interface:jtag_phy_embedded_in_jtag_master|altera_jtag_dc_streaming:normal.jtag_dc_streaming|altera_jtag_src_crosser:source_crosser|altera_jtag_control_signal_crosser:crosser" ;
+----------------+-------+----------+----------------------------------------------------------------------------------------------------------------------------------------------------------------------------------------------------------------------------------------------------------------------+
; Port           ; Type  ; Severity ; Details                                                                                                                                                                                                                                                              ;
+----------------+-------+----------+----------------------------------------------------------------------------------------------------------------------------------------------------------------------------------------------------------------------------------------------------------------------+
; sense_pos_edge ; Input ; Info     ; Stuck at VCC                                                                                                                                                                                                                                                         ;
+----------------+-------+----------+----------------------------------------------------------------------------------------------------------------------------------------------------------------------------------------------------------------------------------------------------------------------+


+----------------------------------------------------------------------------------------------------------------------------------------------------------------------------------------------------------------------------------------------------------------------------------------------------------+
; Port Connectivity Checks: "jtag_bridge_system:bridge_sys_inst|jtag_bridge_system_master_0:master_0|altera_avalon_st_jtag_interface:jtag_phy_embedded_in_jtag_master|altera_jtag_dc_streaming:normal.jtag_dc_streaming|altera_jtag_streaming:jtag_streaming|altera_avalon_st_idle_inserter:idle_inserter" ;
+-----------+--------+----------+--------------------------------------------------------------------------------------------------------------------------------------------------------------------------------------------------------------------------------------------------------------------------+
; Port      ; Type   ; Severity ; Details                                                                                                                                                                                                                                                                  ;
+-----------+--------+----------+--------------------------------------------------------------------------------------------------------------------------------------------------------------------------------------------------------------------------------------------------------------------------+
; out_valid ; Output ; Info     ; Explicitly unconnected                                                                                                                                                                                                                                                   ;
+-----------+--------+----------+--------------------------------------------------------------------------------------------------------------------------------------------------------------------------------------------------------------------------------------------------------------------------+


+--------------------------------------------------------------------------------------------------------------------------------------------------------------------------------------------------------------------------------------------------------------------------------------------------------+
; Port Connectivity Checks: "jtag_bridge_system:bridge_sys_inst|jtag_bridge_system_master_0:master_0|altera_avalon_st_jtag_interface:jtag_phy_embedded_in_jtag_master|altera_jtag_dc_streaming:normal.jtag_dc_streaming|altera_jtag_streaming:jtag_streaming|altera_avalon_st_idle_remover:idle_remover" ;
+-----------+--------+----------+------------------------------------------------------------------------------------------------------------------------------------------------------------------------------------------------------------------------------------------------------------------------+
; Port      ; Type   ; Severity ; Details                                                                                                                                                                                                                                                                ;
+-----------+--------+----------+------------------------------------------------------------------------------------------------------------------------------------------------------------------------------------------------------------------------------------------------------------------------+
; in_ready  ; Output ; Info     ; Explicitly unconnected                                                                                                                                                                                                                                                 ;
; out_ready ; Input  ; Info     ; Stuck at VCC                                                                                                                                                                                                                                                           ;
+-----------+--------+----------+------------------------------------------------------------------------------------------------------------------------------------------------------------------------------------------------------------------------------------------------------------------------+


+----------------------------------------------------------------------------------------------------------------------------------------------------------------------------------------------------------------------------------------------------------------------------------------------------------------------+
; Port Connectivity Checks: "jtag_bridge_system:bridge_sys_inst|jtag_bridge_system_master_0:master_0|altera_avalon_st_jtag_interface:jtag_phy_embedded_in_jtag_master|altera_jtag_dc_streaming:normal.jtag_dc_streaming|altera_jtag_streaming:jtag_streaming|altera_std_synchronizer:clock_sense_reset_n_synchronizer" ;
+------+-------+----------+--------------------------------------------------------------------------------------------------------------------------------------------------------------------------------------------------------------------------------------------------------------------------------------------+
; Port ; Type  ; Severity ; Details                                                                                                                                                                                                                                                                                    ;
+------+-------+----------+--------------------------------------------------------------------------------------------------------------------------------------------------------------------------------------------------------------------------------------------------------------------------------------------+
; din  ; Input ; Info     ; Stuck at VCC                                                                                                                                                                                                                                                                               ;
+------+-------+----------+--------------------------------------------------------------------------------------------------------------------------------------------------------------------------------------------------------------------------------------------------------------------------------------------+


+-----------------------------------------------------------------------------------------------------------------------------------------------------------------------------------------------------------------------------------------------------------------------------------------------------------------------+
; Port Connectivity Checks: "jtag_bridge_system:bridge_sys_inst|jtag_bridge_system_master_0:master_0|altera_avalon_st_jtag_interface:jtag_phy_embedded_in_jtag_master|altera_jtag_dc_streaming:normal.jtag_dc_streaming|altera_jtag_streaming:jtag_streaming|altera_std_synchronizer:clock_to_sample_div2_synchronizer" ;
+---------+-------+----------+------------------------------------------------------------------------------------------------------------------------------------------------------------------------------------------------------------------------------------------------------------------------------------------+
; Port    ; Type  ; Severity ; Details                                                                                                                                                                                                                                                                                  ;
+---------+-------+----------+------------------------------------------------------------------------------------------------------------------------------------------------------------------------------------------------------------------------------------------------------------------------------------------+
; reset_n ; Input ; Info     ; Stuck at VCC                                                                                                                                                                                                                                                                             ;
+---------+-------+----------+------------------------------------------------------------------------------------------------------------------------------------------------------------------------------------------------------------------------------------------------------------------------------------------+


+------------------------------------------------------------------------------------------------------------------------------------------------------------------------------------------------------------------------------------------------------------------------------------------------------------------+
; Port Connectivity Checks: "jtag_bridge_system:bridge_sys_inst|jtag_bridge_system_master_0:master_0|altera_avalon_st_jtag_interface:jtag_phy_embedded_in_jtag_master|altera_jtag_dc_streaming:normal.jtag_dc_streaming|altera_jtag_streaming:jtag_streaming|altera_std_synchronizer:reset_to_sample_synchronizer" ;
+---------+-------+----------+-------------------------------------------------------------------------------------------------------------------------------------------------------------------------------------------------------------------------------------------------------------------------------------+
; Port    ; Type  ; Severity ; Details                                                                                                                                                                                                                                                                             ;
+---------+-------+----------+-------------------------------------------------------------------------------------------------------------------------------------------------------------------------------------------------------------------------------------------------------------------------------------+
; reset_n ; Input ; Info     ; Stuck at VCC                                                                                                                                                                                                                                                                        ;
+---------+-------+----------+-------------------------------------------------------------------------------------------------------------------------------------------------------------------------------------------------------------------------------------------------------------------------------------+


+---------------------------------------------------------------------------------------------------------------------------------------------------------------------------------------------------------------------------------------------------------------------------------------------------------------+
; Port Connectivity Checks: "jtag_bridge_system:bridge_sys_inst|jtag_bridge_system_master_0:master_0|altera_avalon_st_jtag_interface:jtag_phy_embedded_in_jtag_master|altera_jtag_dc_streaming:normal.jtag_dc_streaming|altera_jtag_streaming:jtag_streaming|altera_std_synchronizer:clock_sensor_synchronizer" ;
+---------+-------+----------+----------------------------------------------------------------------------------------------------------------------------------------------------------------------------------------------------------------------------------------------------------------------------------+
; Port    ; Type  ; Severity ; Details                                                                                                                                                                                                                                                                          ;
+---------+-------+----------+----------------------------------------------------------------------------------------------------------------------------------------------------------------------------------------------------------------------------------------------------------------------------------+
; reset_n ; Input ; Info     ; Stuck at VCC                                                                                                                                                                                                                                                                     ;
+---------+-------+----------+----------------------------------------------------------------------------------------------------------------------------------------------------------------------------------------------------------------------------------------------------------------------------------+


+-------------------------------------------------------------------------------------------------------------------------------------------------------------------------------------------------------------------------------------------------------------+
; Port Connectivity Checks: "jtag_bridge_system:bridge_sys_inst|jtag_bridge_system_master_0:master_0|altera_avalon_st_jtag_interface:jtag_phy_embedded_in_jtag_master|altera_jtag_dc_streaming:normal.jtag_dc_streaming|altera_std_synchronizer:synchronizer" ;
+------+-------+----------+-----------------------------------------------------------------------------------------------------------------------------------------------------------------------------------------------------------------------------------+
; Port ; Type  ; Severity ; Details                                                                                                                                                                                                                           ;
+------+-------+----------+-----------------------------------------------------------------------------------------------------------------------------------------------------------------------------------------------------------------------------------+
; din  ; Input ; Info     ; Stuck at VCC                                                                                                                                                                                                                      ;
+------+-------+----------+-----------------------------------------------------------------------------------------------------------------------------------------------------------------------------------------------------------------------------------+


+--------------------------------------------------------------------------------------------------------------------------------------------------------------------------------------------------------------------------------------------------+
; Port Connectivity Checks: "jtag_bridge_system:bridge_sys_inst|jtag_bridge_system_master_0:master_0|altera_avalon_st_jtag_interface:jtag_phy_embedded_in_jtag_master|altera_jtag_sld_node:node|sld_virtual_jtag_basic:sld_virtual_jtag_component" ;
+-----------------+--------+----------+------------------------------------------------------------------------------------------------------------------------------------------------------------------------------------------------------------+
; Port            ; Type   ; Severity ; Details                                                                                                                                                                                                    ;
+-----------------+--------+----------+------------------------------------------------------------------------------------------------------------------------------------------------------------------------------------------------------------+
; tms             ; Output ; Warning  ; Declared by entity but not connected by instance. Logic that only feeds a dangling port will be removed.                                                                                                   ;
; jtag_state_tlr  ; Output ; Warning  ; Declared by entity but not connected by instance. Logic that only feeds a dangling port will be removed.                                                                                                   ;
; jtag_state_rti  ; Output ; Warning  ; Declared by entity but not connected by instance. Logic that only feeds a dangling port will be removed.                                                                                                   ;
; jtag_state_sdrs ; Output ; Warning  ; Declared by entity but not connected by instance. Logic that only feeds a dangling port will be removed.                                                                                                   ;
; jtag_state_cdr  ; Output ; Warning  ; Declared by entity but not connected by instance. Logic that only feeds a dangling port will be removed.                                                                                                   ;
; jtag_state_sdr  ; Output ; Warning  ; Declared by entity but not connected by instance. Logic that only feeds a dangling port will be removed.                                                                                                   ;
; jtag_state_e1dr ; Output ; Warning  ; Declared by entity but not connected by instance. Logic that only feeds a dangling port will be removed.                                                                                                   ;
; jtag_state_pdr  ; Output ; Warning  ; Declared by entity but not connected by instance. Logic that only feeds a dangling port will be removed.                                                                                                   ;
; jtag_state_e2dr ; Output ; Warning  ; Declared by entity but not connected by instance. Logic that only feeds a dangling port will be removed.                                                                                                   ;
; jtag_state_udr  ; Output ; Warning  ; Declared by entity but not connected by instance. Logic that only feeds a dangling port will be removed.                                                                                                   ;
; jtag_state_sirs ; Output ; Warning  ; Declared by entity but not connected by instance. Logic that only feeds a dangling port will be removed.                                                                                                   ;
; jtag_state_cir  ; Output ; Warning  ; Declared by entity but not connected by instance. Logic that only feeds a dangling port will be removed.                                                                                                   ;
; jtag_state_sir  ; Output ; Warning  ; Declared by entity but not connected by instance. Logic that only feeds a dangling port will be removed.                                                                                                   ;
; jtag_state_e1ir ; Output ; Warning  ; Declared by entity but not connected by instance. Logic that only feeds a dangling port will be removed.                                                                                                   ;
; jtag_state_pir  ; Output ; Warning  ; Declared by entity but not connected by instance. Logic that only feeds a dangling port will be removed.                                                                                                   ;
; jtag_state_e2ir ; Output ; Warning  ; Declared by entity but not connected by instance. Logic that only feeds a dangling port will be removed.                                                                                                   ;
; jtag_state_uir  ; Output ; Warning  ; Declared by entity but not connected by instance. Logic that only feeds a dangling port will be removed.                                                                                                   ;
+-----------------+--------+----------+------------------------------------------------------------------------------------------------------------------------------------------------------------------------------------------------------------+


+------------------------------------------------------------------------------------------------------------------------------------------------------------------------------------------------+
; Port Connectivity Checks: "jtag_bridge_system:bridge_sys_inst|jtag_bridge_system_master_0:master_0|altera_avalon_st_jtag_interface:jtag_phy_embedded_in_jtag_master|altera_jtag_sld_node:node" ;
+--------------------+--------+----------+-------------------------------------------------------------------------------------------------------------------------------------------------------+
; Port               ; Type   ; Severity ; Details                                                                                                                                               ;
+--------------------+--------+----------+-------------------------------------------------------------------------------------------------------------------------------------------------------+
; ir_out             ; Input  ; Warning  ; Input port expression (1 bits) is smaller than the input port (3 bits) it drives.  Extra input bit(s) "ir_out[2..1]" will be connected to GND.        ;
; ir_out             ; Input  ; Info     ; Stuck at GND                                                                                                                                          ;
; virtual_state_cir  ; Output ; Info     ; Explicitly unconnected                                                                                                                                ;
; virtual_state_e1dr ; Output ; Info     ; Explicitly unconnected                                                                                                                                ;
; virtual_state_e2dr ; Output ; Info     ; Explicitly unconnected                                                                                                                                ;
; virtual_state_pdr  ; Output ; Info     ; Explicitly unconnected                                                                                                                                ;
; virtual_state_uir  ; Output ; Info     ; Explicitly unconnected                                                                                                                                ;
+--------------------+--------+----------+-------------------------------------------------------------------------------------------------------------------------------------------------------+


+----------------------------------------------------------------------------------------------------------------------------------------------------------------------+
; Port Connectivity Checks: "jtag_bridge_system:bridge_sys_inst|jtag_bridge_system_master_0:master_0|altera_avalon_st_jtag_interface:jtag_phy_embedded_in_jtag_master" ;
+-----------------+--------+----------+--------------------------------------------------------------------------------------------------------------------------------+
; Port            ; Type   ; Severity ; Details                                                                                                                        ;
+-----------------+--------+----------+--------------------------------------------------------------------------------------------------------------------------------+
; source_ready    ; Input  ; Info     ; Stuck at VCC                                                                                                                   ;
; mgmt_valid      ; Output ; Info     ; Explicitly unconnected                                                                                                         ;
; mgmt_channel    ; Output ; Info     ; Explicitly unconnected                                                                                                         ;
; mgmt_data       ; Output ; Info     ; Explicitly unconnected                                                                                                         ;
; jtag_tck        ; Input  ; Info     ; Stuck at GND                                                                                                                   ;
; jtag_tms        ; Input  ; Info     ; Stuck at GND                                                                                                                   ;
; jtag_tdi        ; Input  ; Info     ; Stuck at GND                                                                                                                   ;
; jtag_tdo        ; Output ; Info     ; Explicitly unconnected                                                                                                         ;
; jtag_ena        ; Input  ; Info     ; Stuck at GND                                                                                                                   ;
; jtag_usr1       ; Input  ; Info     ; Stuck at GND                                                                                                                   ;
; jtag_clr        ; Input  ; Info     ; Stuck at GND                                                                                                                   ;
; jtag_clrn       ; Input  ; Info     ; Stuck at GND                                                                                                                   ;
; jtag_state_tlr  ; Input  ; Info     ; Stuck at GND                                                                                                                   ;
; jtag_state_rti  ; Input  ; Info     ; Stuck at GND                                                                                                                   ;
; jtag_state_sdrs ; Input  ; Info     ; Stuck at GND                                                                                                                   ;
; jtag_state_cdr  ; Input  ; Info     ; Stuck at GND                                                                                                                   ;
; jtag_state_sdr  ; Input  ; Info     ; Stuck at GND                                                                                                                   ;
; jtag_state_e1dr ; Input  ; Info     ; Stuck at GND                                                                                                                   ;
; jtag_state_pdr  ; Input  ; Info     ; Stuck at GND                                                                                                                   ;
; jtag_state_e2dr ; Input  ; Info     ; Stuck at GND                                                                                                                   ;
; jtag_state_udr  ; Input  ; Info     ; Stuck at GND                                                                                                                   ;
; jtag_state_sirs ; Input  ; Info     ; Stuck at GND                                                                                                                   ;
; jtag_state_cir  ; Input  ; Info     ; Stuck at GND                                                                                                                   ;
; jtag_state_sir  ; Input  ; Info     ; Stuck at GND                                                                                                                   ;
; jtag_state_e1ir ; Input  ; Info     ; Stuck at GND                                                                                                                   ;
; jtag_state_pir  ; Input  ; Info     ; Stuck at GND                                                                                                                   ;
; jtag_state_e2ir ; Input  ; Info     ; Stuck at GND                                                                                                                   ;
; jtag_state_uir  ; Input  ; Info     ; Stuck at GND                                                                                                                   ;
; jtag_ir_in      ; Input  ; Info     ; Stuck at GND                                                                                                                   ;
; jtag_irq        ; Output ; Info     ; Explicitly unconnected                                                                                                         ;
; jtag_ir_out     ; Output ; Info     ; Explicitly unconnected                                                                                                         ;
; debug_reset     ; Output ; Warning  ; Declared by entity but not connected by instance. Logic that only feeds a dangling port will be removed.                       ;
+-----------------+--------+----------+--------------------------------------------------------------------------------------------------------------------------------+


+------------------------------------------------------------------------------------------------------------------------------+
; Port Connectivity Checks: "jtag_bridge_system:bridge_sys_inst|jtag_bridge_system_master_0:master_0"                          ;
+--------------------+--------+----------+-------------------------------------------------------------------------------------+
; Port               ; Type   ; Severity ; Details                                                                             ;
+--------------------+--------+----------+-------------------------------------------------------------------------------------+
; master_reset_reset ; Output ; Info     ; Connected to dangling logic. Logic that only feeds a dangling port will be removed. ;
+--------------------+--------+----------+-------------------------------------------------------------------------------------+


+----------------------------------------------------------------+
; Port Connectivity Checks: "jtag_bridge_system:bridge_sys_inst" ;
+---------------+-------+----------+-----------------------------+
; Port          ; Type  ; Severity ; Details                     ;
+---------------+-------+----------+-----------------------------+
; reset_reset_n ; Input ; Info     ; Stuck at VCC                ;
+---------------+-------+----------+-----------------------------+


+-----------------------------------------------------+
; Post-Synthesis Netlist Statistics for Top Partition ;
+-----------------------+-----------------------------+
; Type                  ; Count                       ;
+-----------------------+-----------------------------+
; arriav_ff             ; 483                         ;
;     CLR               ; 126                         ;
;     ENA               ; 118                         ;
;     ENA CLR           ; 86                          ;
;     ENA CLR SLD       ; 24                          ;
;     ENA SCLR          ; 25                          ;
;     ENA SLD           ; 26                          ;
;     plain             ; 78                          ;
; arriav_lcell_comb     ; 582                         ;
;     arith             ; 124                         ;
;         0 data inputs ; 1                           ;
;         1 data inputs ; 121                         ;
;         2 data inputs ; 2                           ;
;     extend            ; 8                           ;
;         7 data inputs ; 8                           ;
;     normal            ; 450                         ;
;         0 data inputs ; 1                           ;
;         1 data inputs ; 12                          ;
;         2 data inputs ; 41                          ;
;         3 data inputs ; 53                          ;
;         4 data inputs ; 93                          ;
;         5 data inputs ; 91                          ;
;         6 data inputs ; 159                         ;
; boundary_port         ; 30                          ;
; stratixv_ram_block    ; 16                          ;
;                       ;                             ;
; Max LUT depth         ; 4.00                        ;
; Average LUT depth     ; 2.43                        ;
+-----------------------+-----------------------------+


+-------------------------------+
; Elapsed Time Per Partition    ;
+----------------+--------------+
; Partition Name ; Elapsed Time ;
+----------------+--------------+
; Top            ; 00:00:01     ;
+----------------+--------------+


+-------------------------------+
; Analysis & Synthesis Messages ;
+-------------------------------+
Info: *******************************************************************
Info: Running Quartus Prime Analysis & Synthesis
    Info: Version 25.1std.0 Build 1129 10/21/2025 SC Lite Edition
    Info: Processing started: Fri Aug 28 03:38:06 2026
Info: Command: quartus_map --read_settings_files=on --write_settings_files=off oscilatorRing -c oscilatorRing
Warning (18236): Number of processors has not been specified which may cause overloading on shared machines.  Set the global assignment NUM_PARALLEL_PROCESSORS in your QSF to an appropriate value for best performance.
Info (20030): Parallel compilation is enabled and will use 8 of the 8 processors detected
Info (12021): Found 2 design units, including 1 entities, in source file jtag_bridge_system/synthesis/jtag_bridge_system.vhd
    Info (12022): Found design unit 1: jtag_bridge_system-rtl File: /home/rodizio/projects/ringOscilator/code/jtag_bridge_system/synthesis/jtag_bridge_system.vhd Line: 18
    Info (12023): Found entity 1: jtag_bridge_system File: /home/rodizio/projects/ringOscilator/code/jtag_bridge_system/synthesis/jtag_bridge_system.vhd Line: 9
Info (12021): Found 1 design units, including 1 entities, in source file jtag_bridge_system/synthesis/submodules/altera_reset_controller.v
    Info (12023): Found entity 1: altera_reset_controller File: /home/rodizio/projects/ringOscilator/code/jtag_bridge_system/synthesis/submodules/altera_reset_controller.v Line: 42
Info (12021): Found 1 design units, including 1 entities, in source file jtag_bridge_system/synthesis/submodules/altera_reset_synchronizer.v
    Info (12023): Found entity 1: altera_reset_synchronizer File: /home/rodizio/projects/ringOscilator/code/jtag_bridge_system/synthesis/submodules/altera_reset_synchronizer.v Line: 24
Info (12021): Found 1 design units, including 1 entities, in source file jtag_bridge_system/synthesis/submodules/jtag_bridge_system_mm_interconnect_0.v
    Info (12023): Found entity 1: jtag_bridge_system_mm_interconnect_0 File: /home/rodizio/projects/ringOscilator/code/jtag_bridge_system/synthesis/submodules/jtag_bridge_system_mm_interconnect_0.v Line: 9
Info (12021): Found 1 design units, including 1 entities, in source file jtag_bridge_system/synthesis/submodules/altera_merlin_slave_translator.sv
    Info (12023): Found entity 1: altera_merlin_slave_translator File: /home/rodizio/projects/ringOscilator/code/jtag_bridge_system/synthesis/submodules/altera_merlin_slave_translator.sv Line: 35
Info (12021): Found 1 design units, including 1 entities, in source file jtag_bridge_system/synthesis/submodules/altera_merlin_master_translator.sv
    Info (12023): Found entity 1: altera_merlin_master_translator File: /home/rodizio/projects/ringOscilator/code/jtag_bridge_system/synthesis/submodules/altera_merlin_master_translator.sv Line: 32
Info (12021): Found 1 design units, including 1 entities, in source file jtag_bridge_system/synthesis/submodules/jtag_bridge_system_master_0.v
    Info (12023): Found entity 1: jtag_bridge_system_master_0 File: /home/rodizio/projects/ringOscilator/code/jtag_bridge_system/synthesis/submodules/jtag_bridge_system_master_0.v Line: 9
Info (12021): Found 1 design units, including 1 entities, in source file jtag_bridge_system/synthesis/submodules/jtag_bridge_system_master_0_p2b_adapter.sv
    Info (12023): Found entity 1: jtag_bridge_system_master_0_p2b_adapter File: /home/rodizio/projects/ringOscilator/code/jtag_bridge_system/synthesis/submodules/jtag_bridge_system_master_0_p2b_adapter.sv Line: 55
Info (12021): Found 1 design units, including 1 entities, in source file jtag_bridge_system/synthesis/submodules/jtag_bridge_system_master_0_b2p_adapter.sv
    Info (12023): Found entity 1: jtag_bridge_system_master_0_b2p_adapter File: /home/rodizio/projects/ringOscilator/code/jtag_bridge_system/synthesis/submodules/jtag_bridge_system_master_0_b2p_adapter.sv Line: 55
Info (12021): Found 7 design units, including 7 entities, in source file jtag_bridge_system/synthesis/submodules/altera_avalon_packets_to_master.v
    Info (12023): Found entity 1: altera_avalon_packets_to_master File: /home/rodizio/projects/ringOscilator/code/jtag_bridge_system/synthesis/submodules/altera_avalon_packets_to_master.v Line: 22
    Info (12023): Found entity 2: packets_to_fifo File: /home/rodizio/projects/ringOscilator/code/jtag_bridge_system/synthesis/submodules/altera_avalon_packets_to_master.v Line: 142
    Info (12023): Found entity 3: fifo_buffer_single_clock_fifo File: /home/rodizio/projects/ringOscilator/code/jtag_bridge_system/synthesis/submodules/altera_avalon_packets_to_master.v Line: 512
    Info (12023): Found entity 4: fifo_buffer_scfifo_with_controls File: /home/rodizio/projects/ringOscilator/code/jtag_bridge_system/synthesis/submodules/altera_avalon_packets_to_master.v Line: 573
    Info (12023): Found entity 5: fifo_buffer File: /home/rodizio/projects/ringOscilator/code/jtag_bridge_system/synthesis/submodules/altera_avalon_packets_to_master.v Line: 627
    Info (12023): Found entity 6: fifo_to_packet File: /home/rodizio/projects/ringOscilator/code/jtag_bridge_system/synthesis/submodules/altera_avalon_packets_to_master.v Line: 697
    Info (12023): Found entity 7: packets_to_master File: /home/rodizio/projects/ringOscilator/code/jtag_bridge_system/synthesis/submodules/altera_avalon_packets_to_master.v Line: 851
Info (12021): Found 1 design units, including 1 entities, in source file jtag_bridge_system/synthesis/submodules/altera_avalon_st_packets_to_bytes.v
    Info (12023): Found entity 1: altera_avalon_st_packets_to_bytes File: /home/rodizio/projects/ringOscilator/code/jtag_bridge_system/synthesis/submodules/altera_avalon_st_packets_to_bytes.v Line: 19
Info (12021): Found 1 design units, including 1 entities, in source file jtag_bridge_system/synthesis/submodules/altera_avalon_st_bytes_to_packets.v
    Info (12023): Found entity 1: altera_avalon_st_bytes_to_packets File: /home/rodizio/projects/ringOscilator/code/jtag_bridge_system/synthesis/submodules/altera_avalon_st_bytes_to_packets.v Line: 19
Info (12021): Found 1 design units, including 1 entities, in source file jtag_bridge_system/synthesis/submodules/altera_avalon_sc_fifo.v
    Info (12023): Found entity 1: altera_avalon_sc_fifo File: /home/rodizio/projects/ringOscilator/code/jtag_bridge_system/synthesis/submodules/altera_avalon_sc_fifo.v Line: 21
Info (12021): Found 1 design units, including 1 entities, in source file jtag_bridge_system/synthesis/submodules/jtag_bridge_system_master_0_timing_adt.sv
    Info (12023): Found entity 1: jtag_bridge_system_master_0_timing_adt File: /home/rodizio/projects/ringOscilator/code/jtag_bridge_system/synthesis/submodules/jtag_bridge_system_master_0_timing_adt.sv Line: 60
Info (12021): Found 1 design units, including 1 entities, in source file jtag_bridge_system/synthesis/submodules/altera_avalon_st_jtag_interface.v
    Info (12023): Found entity 1: altera_avalon_st_jtag_interface File: /home/rodizio/projects/ringOscilator/code/jtag_bridge_system/synthesis/submodules/altera_avalon_st_jtag_interface.v Line: 20
Info (12021): Found 3 design units, including 3 entities, in source file jtag_bridge_system/synthesis/submodules/altera_jtag_dc_streaming.v
    Info (12023): Found entity 1: altera_jtag_control_signal_crosser File: /home/rodizio/projects/ringOscilator/code/jtag_bridge_system/synthesis/submodules/altera_jtag_dc_streaming.v Line: 30
    Info (12023): Found entity 2: altera_jtag_src_crosser File: /home/rodizio/projects/ringOscilator/code/jtag_bridge_system/synthesis/submodules/altera_jtag_dc_streaming.v Line: 72
    Info (12023): Found entity 3: altera_jtag_dc_streaming File: /home/rodizio/projects/ringOscilator/code/jtag_bridge_system/synthesis/submodules/altera_jtag_dc_streaming.v Line: 135
Info (12021): Found 1 design units, including 1 entities, in source file jtag_bridge_system/synthesis/submodules/altera_jtag_sld_node.v
    Info (12023): Found entity 1: altera_jtag_sld_node File: /home/rodizio/projects/ringOscilator/code/jtag_bridge_system/synthesis/submodules/altera_jtag_sld_node.v Line: 17
Info (12021): Found 1 design units, including 1 entities, in source file jtag_bridge_system/synthesis/submodules/altera_jtag_streaming.v
    Info (12023): Found entity 1: altera_jtag_streaming File: /home/rodizio/projects/ringOscilator/code/jtag_bridge_system/synthesis/submodules/altera_jtag_streaming.v Line: 18
Info (12021): Found 1 design units, including 1 entities, in source file jtag_bridge_system/synthesis/submodules/altera_avalon_st_clock_crosser.v
    Info (12023): Found entity 1: altera_avalon_st_clock_crosser File: /home/rodizio/projects/ringOscilator/code/jtag_bridge_system/synthesis/submodules/altera_avalon_st_clock_crosser.v Line: 22
Info (12021): Found 1 design units, including 1 entities, in source file jtag_bridge_system/synthesis/submodules/altera_std_synchronizer_nocut.v
    Info (12023): Found entity 1: altera_std_synchronizer_nocut File: /home/rodizio/projects/ringOscilator/code/jtag_bridge_system/synthesis/submodules/altera_std_synchronizer_nocut.v Line: 44
Info (12021): Found 1 design units, including 1 entities, in source file jtag_bridge_system/synthesis/submodules/altera_avalon_st_pipeline_base.v
    Info (12023): Found entity 1: altera_avalon_st_pipeline_base File: /home/rodizio/projects/ringOscilator/code/jtag_bridge_system/synthesis/submodules/altera_avalon_st_pipeline_base.v Line: 22
Info (12021): Found 1 design units, including 1 entities, in source file jtag_bridge_system/synthesis/submodules/altera_avalon_st_idle_remover.v
    Info (12023): Found entity 1: altera_avalon_st_idle_remover File: /home/rodizio/projects/ringOscilator/code/jtag_bridge_system/synthesis/submodules/altera_avalon_st_idle_remover.v Line: 19
Info (12021): Found 1 design units, including 1 entities, in source file jtag_bridge_system/synthesis/submodules/altera_avalon_st_idle_inserter.v
    Info (12023): Found entity 1: altera_avalon_st_idle_inserter File: /home/rodizio/projects/ringOscilator/code/jtag_bridge_system/synthesis/submodules/altera_avalon_st_idle_inserter.v Line: 19
Info (12021): Found 1 design units, including 1 entities, in source file jtag_bridge_system/synthesis/submodules/altera_avalon_st_pipeline_stage.sv
    Info (12023): Found entity 1: altera_avalon_st_pipeline_stage File: /home/rodizio/projects/ringOscilator/code/jtag_bridge_system/synthesis/submodules/altera_avalon_st_pipeline_stage.sv Line: 22
Info (12021): Found 2 design units, including 1 entities, in source file jtag_bridge_system/synthesis/submodules/capture_buffer.vhd
    Info (12022): Found design unit 1: capture_buffer-rtl File: /home/rodizio/projects/ringOscilator/code/jtag_bridge_system/synthesis/submodules/capture_buffer.vhd Line: 53
    Info (12023): Found entity 1: capture_buffer File: /home/rodizio/projects/ringOscilator/code/jtag_bridge_system/synthesis/submodules/capture_buffer.vhd Line: 31
Info (12021): Found 2 design units, including 1 entities, in source file oscilatorRing.vhd
    Info (12022): Found design unit 1: oscilatorRing-behaviour File: /home/rodizio/projects/ringOscilator/code/oscilatorRing.vhd Line: 12
    Info (12023): Found entity 1: oscilatorRing File: /home/rodizio/projects/ringOscilator/code/oscilatorRing.vhd Line: 5
Info (12021): Found 2 design units, including 1 entities, in source file ringsManager.vhd
    Info (12022): Found design unit 1: ringsManager-behaviour File: /home/rodizio/projects/ringOscilator/code/ringsManager.vhd Line: 14
    Info (12023): Found entity 1: ringsManager File: /home/rodizio/projects/ringOscilator/code/ringsManager.vhd Line: 6
Info (12021): Found 2 design units, including 1 entities, in source file top.vhd
    Info (12022): Found design unit 1: top-rtl File: /home/rodizio/projects/ringOscilator/code/top.vhd Line: 18
    Info (12023): Found entity 1: top File: /home/rodizio/projects/ringOscilator/code/top.vhd Line: 12
Info (12021): Found 2 design units, including 1 entities, in source file capture_buffer.vhd
    Info (12022): Found design unit 1: capture_buffer-rtl File: /home/rodizio/projects/ringOscilator/code/capture_buffer.vhd Line: 53
    Info (12023): Found entity 1: capture_buffer File: /home/rodizio/projects/ringOscilator/code/capture_buffer.vhd Line: 31
Info (12127): Elaborating entity "top" for the top level hierarchy
Warning (10540): VHDL Signal Declaration warning at top.vhd(20): used explicit default value for signal "reset" because signal was never assigned a value File: /home/rodizio/projects/ringOscilator/code/top.vhd Line: 20
Info (12128): Elaborating entity "ringsManager" for hierarchy "ringsManager:rings_inst" File: /home/rodizio/projects/ringOscilator/code/top.vhd Line: 44
Info (12128): Elaborating entity "oscilatorRing" for hierarchy "ringsManager:rings_inst|oscilatorRing:\genRings:0:oscRing" File: /home/rodizio/projects/ringOscilator/code/ringsManager.vhd Line: 21
Info (12128): Elaborating entity "jtag_bridge_system" for hierarchy "jtag_bridge_system:bridge_sys_inst" File: /home/rodizio/projects/ringOscilator/code/top.vhd Line: 70
Info (12128): Elaborating entity "capture_buffer" for hierarchy "jtag_bridge_system:bridge_sys_inst|capture_buffer:capture_buffer_0" File: /home/rodizio/projects/ringOscilator/code/jtag_bridge_system/synthesis/jtag_bridge_system.vhd Line: 170
Info (12128): Elaborating entity "jtag_bridge_system_master_0" for hierarchy "jtag_bridge_system:bridge_sys_inst|jtag_bridge_system_master_0:master_0" File: /home/rodizio/projects/ringOscilator/code/jtag_bridge_system/synthesis/jtag_bridge_system.vhd Line: 188
Info (12128): Elaborating entity "altera_avalon_st_jtag_interface" for hierarchy "jtag_bridge_system:bridge_sys_inst|jtag_bridge_system_master_0:master_0|altera_avalon_st_jtag_interface:jtag_phy_embedded_in_jtag_master" File: /home/rodizio/projects/ringOscilator/code/jtag_bridge_system/synthesis/submodules/jtag_bridge_system_master_0.v Line: 145
Info (12128): Elaborating entity "altera_jtag_sld_node" for hierarchy "jtag_bridge_system:bridge_sys_inst|jtag_bridge_system_master_0:master_0|altera_avalon_st_jtag_interface:jtag_phy_embedded_in_jtag_master|altera_jtag_sld_node:node" File: /home/rodizio/projects/ringOscilator/code/jtag_bridge_system/synthesis/submodules/altera_avalon_st_jtag_interface.v Line: 101
Info (12128): Elaborating entity "sld_virtual_jtag_basic" for hierarchy "jtag_bridge_system:bridge_sys_inst|jtag_bridge_system_master_0:master_0|altera_avalon_st_jtag_interface:jtag_phy_embedded_in_jtag_master|altera_jtag_sld_node:node|sld_virtual_jtag_basic:sld_virtual_jtag_component" File: /home/rodizio/projects/ringOscilator/code/jtag_bridge_system/synthesis/submodules/altera_jtag_sld_node.v Line: 105
Info (12130): Elaborated megafunction instantiation "jtag_bridge_system:bridge_sys_inst|jtag_bridge_system_master_0:master_0|altera_avalon_st_jtag_interface:jtag_phy_embedded_in_jtag_master|altera_jtag_sld_node:node|sld_virtual_jtag_basic:sld_virtual_jtag_component" File: /home/rodizio/projects/ringOscilator/code/jtag_bridge_system/synthesis/submodules/altera_jtag_sld_node.v Line: 105
Info (12133): Instantiated megafunction "jtag_bridge_system:bridge_sys_inst|jtag_bridge_system_master_0:master_0|altera_avalon_st_jtag_interface:jtag_phy_embedded_in_jtag_master|altera_jtag_sld_node:node|sld_virtual_jtag_basic:sld_virtual_jtag_component" with the following parameter: File: /home/rodizio/projects/ringOscilator/code/jtag_bridge_system/synthesis/submodules/altera_jtag_sld_node.v Line: 105
    Info (12134): Parameter "sld_mfg_id" = "110"
    Info (12134): Parameter "sld_type_id" = "132"
    Info (12134): Parameter "sld_version" = "1"
    Info (12134): Parameter "sld_auto_instance_index" = "YES"
    Info (12134): Parameter "sld_instance_index" = "0"
    Info (12134): Parameter "sld_ir_width" = "3"
    Info (12134): Parameter "sld_sim_action" = ""
    Info (12134): Parameter "sld_sim_n_scan" = "0"
    Info (12134): Parameter "sld_sim_total_length" = "0"
Info (12128): Elaborating entity "sld_virtual_jtag_impl" for hierarchy "jtag_bridge_system:bridge_sys_inst|jtag_bridge_system_master_0:master_0|altera_avalon_st_jtag_interface:jtag_phy_embedded_in_jtag_master|altera_jtag_sld_node:node|sld_virtual_jtag_basic:sld_virtual_jtag_component|sld_virtual_jtag_impl:sld_virtual_jtag_impl_inst" File: /home/rodizio/altera_lite/25.1std/quartus/libraries/megafunctions/sld_virtual_jtag_basic.v Line: 152
Info (12131): Elaborated megafunction instantiation "jtag_bridge_system:bridge_sys_inst|jtag_bridge_system_master_0:master_0|altera_avalon_st_jtag_interface:jtag_phy_embedded_in_jtag_master|altera_jtag_sld_node:node|sld_virtual_jtag_basic:sld_virtual_jtag_component|sld_virtual_jtag_impl:sld_virtual_jtag_impl_inst", which is child of megafunction instantiation "jtag_bridge_system:bridge_sys_inst|jtag_bridge_system_master_0:master_0|altera_avalon_st_jtag_interface:jtag_phy_embedded_in_jtag_master|altera_jtag_sld_node:node|sld_virtual_jtag_basic:sld_virtual_jtag_component" File: /home/rodizio/altera_lite/25.1std/quartus/libraries/megafunctions/sld_virtual_jtag_basic.v Line: 152
Info (12128): Elaborating entity "sld_jtag_endpoint_adapter" for hierarchy "jtag_bridge_system:bridge_sys_inst|jtag_bridge_system_master_0:master_0|altera_avalon_st_jtag_interface:jtag_phy_embedded_in_jtag_master|altera_jtag_sld_node:node|sld_virtual_jtag_basic:sld_virtual_jtag_component|sld_virtual_jtag_impl:sld_virtual_jtag_impl_inst|sld_jtag_endpoint_adapter:jtag_signal_adapter" File: /home/rodizio/altera_lite/25.1std/quartus/libraries/megafunctions/sld_virtual_jtag_basic.v Line: 415
Info (12128): Elaborating entity "sld_jtag_endpoint_adapter_impl" for hierarchy "jtag_bridge_system:bridge_sys_inst|jtag_bridge_system_master_0:master_0|altera_avalon_st_jtag_interface:jtag_phy_embedded_in_jtag_master|altera_jtag_sld_node:node|sld_virtual_jtag_basic:sld_virtual_jtag_component|sld_virtual_jtag_impl:sld_virtual_jtag_impl_inst|sld_jtag_endpoint_adapter:jtag_signal_adapter|sld_jtag_endpoint_adapter_impl:sld_jtag_endpoint_adapter_impl_inst" File: /home/rodizio/altera_lite/25.1std/quartus/libraries/megafunctions/sld_jtag_endpoint_adapter.vhd Line: 232
Info (12128): Elaborating entity "altera_jtag_dc_streaming" for hierarchy "jtag_bridge_system:bridge_sys_inst|jtag_bridge_system_master_0:master_0|altera_avalon_st_jtag_interface:jtag_phy_embedded_in_jtag_master|altera_jtag_dc_streaming:normal.jtag_dc_streaming" File: /home/rodizio/projects/ringOscilator/code/jtag_bridge_system/synthesis/submodules/altera_avalon_st_jtag_interface.v Line: 143
Info (12128): Elaborating entity "altera_std_synchronizer" for hierarchy "jtag_bridge_system:bridge_sys_inst|jtag_bridge_system_master_0:master_0|altera_avalon_st_jtag_interface:jtag_phy_embedded_in_jtag_master|altera_jtag_dc_streaming:normal.jtag_dc_streaming|altera_std_synchronizer:synchronizer" File: /home/rodizio/projects/ringOscilator/code/jtag_bridge_system/synthesis/submodules/altera_jtag_dc_streaming.v Line: 197
Info (12130): Elaborated megafunction instantiation "jtag_bridge_system:bridge_sys_inst|jtag_bridge_system_master_0:master_0|altera_avalon_st_jtag_interface:jtag_phy_embedded_in_jtag_master|altera_jtag_dc_streaming:normal.jtag_dc_streaming|altera_std_synchronizer:synchronizer" File: /home/rodizio/projects/ringOscilator/code/jtag_bridge_system/synthesis/submodules/altera_jtag_dc_streaming.v Line: 197
Info (12133): Instantiated megafunction "jtag_bridge_system:bridge_sys_inst|jtag_bridge_system_master_0:master_0|altera_avalon_st_jtag_interface:jtag_phy_embedded_in_jtag_master|altera_jtag_dc_streaming:normal.jtag_dc_streaming|altera_std_synchronizer:synchronizer" with the following parameter: File: /home/rodizio/projects/ringOscilator/code/jtag_bridge_system/synthesis/submodules/altera_jtag_dc_streaming.v Line: 197
    Info (12134): Parameter "depth" = "3"
Info (12128): Elaborating entity "altera_jtag_streaming" for hierarchy "jtag_bridge_system:bridge_sys_inst|jtag_bridge_system_master_0:master_0|altera_avalon_st_jtag_interface:jtag_phy_embedded_in_jtag_master|altera_jtag_dc_streaming:normal.jtag_dc_streaming|altera_jtag_streaming:jtag_streaming" File: /home/rodizio/projects/ringOscilator/code/jtag_bridge_system/synthesis/submodules/altera_jtag_dc_streaming.v Line: 226
Info (12128): Elaborating entity "altera_std_synchronizer" for hierarchy "jtag_bridge_system:bridge_sys_inst|jtag_bridge_system_master_0:master_0|altera_avalon_st_jtag_interface:jtag_phy_embedded_in_jtag_master|altera_jtag_dc_streaming:normal.jtag_dc_streaming|altera_jtag_streaming:jtag_streaming|altera_std_synchronizer:clock_sense_reset_n_synchronizer" File: /home/rodizio/projects/ringOscilator/code/jtag_bridge_system/synthesis/submodules/altera_jtag_streaming.v Line: 231
Info (12130): Elaborated megafunction instantiation "jtag_bridge_system:bridge_sys_inst|jtag_bridge_system_master_0:master_0|altera_avalon_st_jtag_interface:jtag_phy_embedded_in_jtag_master|altera_jtag_dc_streaming:normal.jtag_dc_streaming|altera_jtag_streaming:jtag_streaming|altera_std_synchronizer:clock_sense_reset_n_synchronizer" File: /home/rodizio/projects/ringOscilator/code/jtag_bridge_system/synthesis/submodules/altera_jtag_streaming.v Line: 231
Info (12133): Instantiated megafunction "jtag_bridge_system:bridge_sys_inst|jtag_bridge_system_master_0:master_0|altera_avalon_st_jtag_interface:jtag_phy_embedded_in_jtag_master|altera_jtag_dc_streaming:normal.jtag_dc_streaming|altera_jtag_streaming:jtag_streaming|altera_std_synchronizer:clock_sense_reset_n_synchronizer" with the following parameter: File: /home/rodizio/projects/ringOscilator/code/jtag_bridge_system/synthesis/submodules/altera_jtag_streaming.v Line: 231
    Info (12134): Parameter "depth" = "8"
Info (12128): Elaborating entity "altera_avalon_st_idle_remover" for hierarchy "jtag_bridge_system:bridge_sys_inst|jtag_bridge_system_master_0:master_0|altera_avalon_st_jtag_interface:jtag_phy_embedded_in_jtag_master|altera_jtag_dc_streaming:normal.jtag_dc_streaming|altera_jtag_streaming:jtag_streaming|altera_avalon_st_idle_remover:idle_remover" File: /home/rodizio/projects/ringOscilator/code/jtag_bridge_system/synthesis/submodules/altera_jtag_streaming.v Line: 547
Info (12128): Elaborating entity "altera_avalon_st_idle_inserter" for hierarchy "jtag_bridge_system:bridge_sys_inst|jtag_bridge_system_master_0:master_0|altera_avalon_st_jtag_interface:jtag_phy_embedded_in_jtag_master|altera_jtag_dc_streaming:normal.jtag_dc_streaming|altera_jtag_streaming:jtag_streaming|altera_avalon_st_idle_inserter:idle_inserter" File: /home/rodizio/projects/ringOscilator/code/jtag_bridge_system/synthesis/submodules/altera_jtag_streaming.v Line: 564
Info (12128): Elaborating entity "altera_avalon_st_clock_crosser" for hierarchy "jtag_bridge_system:bridge_sys_inst|jtag_bridge_system_master_0:master_0|altera_avalon_st_jtag_interface:jtag_phy_embedded_in_jtag_master|altera_jtag_dc_streaming:normal.jtag_dc_streaming|altera_avalon_st_clock_crosser:sink_crosser" File: /home/rodizio/projects/ringOscilator/code/jtag_bridge_system/synthesis/submodules/altera_jtag_dc_streaming.v Line: 246
Info (12128): Elaborating entity "altera_std_synchronizer_nocut" for hierarchy "jtag_bridge_system:bridge_sys_inst|jtag_bridge_system_master_0:master_0|altera_avalon_st_jtag_interface:jtag_phy_embedded_in_jtag_master|altera_jtag_dc_streaming:normal.jtag_dc_streaming|altera_avalon_st_clock_crosser:sink_crosser|altera_std_synchronizer_nocut:in_to_out_synchronizer" File: /home/rodizio/projects/ringOscilator/code/jtag_bridge_system/synthesis/submodules/altera_avalon_st_clock_crosser.v Line: 105
Info (12128): Elaborating entity "altera_std_synchronizer_nocut" for hierarchy "jtag_bridge_system:bridge_sys_inst|jtag_bridge_system_master_0:master_0|altera_avalon_st_jtag_interface:jtag_phy_embedded_in_jtag_master|altera_jtag_dc_streaming:normal.jtag_dc_streaming|altera_avalon_st_clock_crosser:sink_crosser|altera_std_synchronizer_nocut:out_to_in_synchronizer" File: /home/rodizio/projects/ringOscilator/code/jtag_bridge_system/synthesis/submodules/altera_avalon_st_clock_crosser.v Line: 112
Info (12128): Elaborating entity "altera_avalon_st_pipeline_base" for hierarchy "jtag_bridge_system:bridge_sys_inst|jtag_bridge_system_master_0:master_0|altera_avalon_st_jtag_interface:jtag_phy_embedded_in_jtag_master|altera_jtag_dc_streaming:normal.jtag_dc_streaming|altera_avalon_st_clock_crosser:sink_crosser|altera_avalon_st_pipeline_base:output_stage" File: /home/rodizio/projects/ringOscilator/code/jtag_bridge_system/synthesis/submodules/altera_avalon_st_clock_crosser.v Line: 129
Info (12128): Elaborating entity "altera_jtag_src_crosser" for hierarchy "jtag_bridge_system:bridge_sys_inst|jtag_bridge_system_master_0:master_0|altera_avalon_st_jtag_interface:jtag_phy_embedded_in_jtag_master|altera_jtag_dc_streaming:normal.jtag_dc_streaming|altera_jtag_src_crosser:source_crosser" File: /home/rodizio/projects/ringOscilator/code/jtag_bridge_system/synthesis/submodules/altera_jtag_dc_streaming.v Line: 259
Info (12128): Elaborating entity "altera_jtag_control_signal_crosser" for hierarchy "jtag_bridge_system:bridge_sys_inst|jtag_bridge_system_master_0:master_0|altera_avalon_st_jtag_interface:jtag_phy_embedded_in_jtag_master|altera_jtag_dc_streaming:normal.jtag_dc_streaming|altera_jtag_src_crosser:source_crosser|altera_jtag_control_signal_crosser:crosser" File: /home/rodizio/projects/ringOscilator/code/jtag_bridge_system/synthesis/submodules/altera_jtag_dc_streaming.v Line: 110
Info (12128): Elaborating entity "jtag_bridge_system_master_0_timing_adt" for hierarchy "jtag_bridge_system:bridge_sys_inst|jtag_bridge_system_master_0:master_0|jtag_bridge_system_master_0_timing_adt:timing_adt" File: /home/rodizio/projects/ringOscilator/code/jtag_bridge_system/synthesis/submodules/jtag_bridge_system_master_0.v Line: 155
Warning (10036): Verilog HDL or VHDL warning at jtag_bridge_system_master_0_timing_adt.sv(82): object "in_ready" assigned a value but never read File: /home/rodizio/projects/ringOscilator/code/jtag_bridge_system/synthesis/submodules/jtag_bridge_system_master_0_timing_adt.sv Line: 82
Info (12128): Elaborating entity "altera_avalon_sc_fifo" for hierarchy "jtag_bridge_system:bridge_sys_inst|jtag_bridge_system_master_0:master_0|altera_avalon_sc_fifo:fifo" File: /home/rodizio/projects/ringOscilator/code/jtag_bridge_system/synthesis/submodules/jtag_bridge_system_master_0.v Line: 196
Info (12128): Elaborating entity "altera_avalon_st_bytes_to_packets" for hierarchy "jtag_bridge_system:bridge_sys_inst|jtag_bridge_system_master_0:master_0|altera_avalon_st_bytes_to_packets:b2p" File: /home/rodizio/projects/ringOscilator/code/jtag_bridge_system/synthesis/submodules/jtag_bridge_system_master_0.v Line: 213
Info (12128): Elaborating entity "altera_avalon_st_packets_to_bytes" for hierarchy "jtag_bridge_system:bridge_sys_inst|jtag_bridge_system_master_0:master_0|altera_avalon_st_packets_to_bytes:p2b" File: /home/rodizio/projects/ringOscilator/code/jtag_bridge_system/synthesis/submodules/jtag_bridge_system_master_0.v Line: 230
Info (12128): Elaborating entity "altera_avalon_packets_to_master" for hierarchy "jtag_bridge_system:bridge_sys_inst|jtag_bridge_system_master_0:master_0|altera_avalon_packets_to_master:transacto" File: /home/rodizio/projects/ringOscilator/code/jtag_bridge_system/synthesis/submodules/jtag_bridge_system_master_0.v Line: 257
Info (12128): Elaborating entity "packets_to_master" for hierarchy "jtag_bridge_system:bridge_sys_inst|jtag_bridge_system_master_0:master_0|altera_avalon_packets_to_master:transacto|packets_to_master:p2m" File: /home/rodizio/projects/ringOscilator/code/jtag_bridge_system/synthesis/submodules/altera_avalon_packets_to_master.v Line: 137
Info (12128): Elaborating entity "jtag_bridge_system_master_0_b2p_adapter" for hierarchy "jtag_bridge_system:bridge_sys_inst|jtag_bridge_system_master_0:master_0|jtag_bridge_system_master_0_b2p_adapter:b2p_adapter" File: /home/rodizio/projects/ringOscilator/code/jtag_bridge_system/synthesis/submodules/jtag_bridge_system_master_0.v Line: 273
Warning (10036): Verilog HDL or VHDL warning at jtag_bridge_system_master_0_b2p_adapter.sv(78): object "out_channel" assigned a value but never read File: /home/rodizio/projects/ringOscilator/code/jtag_bridge_system/synthesis/submodules/jtag_bridge_system_master_0_b2p_adapter.sv Line: 78
Warning (10230): Verilog HDL assignment warning at jtag_bridge_system_master_0_b2p_adapter.sv(90): truncated value with size 8 to match size of target (1) File: /home/rodizio/projects/ringOscilator/code/jtag_bridge_system/synthesis/submodules/jtag_bridge_system_master_0_b2p_adapter.sv Line: 90
Info (12128): Elaborating entity "jtag_bridge_system_master_0_p2b_adapter" for hierarchy "jtag_bridge_system:bridge_sys_inst|jtag_bridge_system_master_0:master_0|jtag_bridge_system_master_0_p2b_adapter:p2b_adapter" File: /home/rodizio/projects/ringOscilator/code/jtag_bridge_system/synthesis/submodules/jtag_bridge_system_master_0.v Line: 289
Info (12128): Elaborating entity "altera_reset_controller" for hierarchy "jtag_bridge_system:bridge_sys_inst|jtag_bridge_system_master_0:master_0|altera_reset_controller:rst_controller" File: /home/rodizio/projects/ringOscilator/code/jtag_bridge_system/synthesis/submodules/jtag_bridge_system_master_0.v Line: 352
Info (12128): Elaborating entity "altera_reset_synchronizer" for hierarchy "jtag_bridge_system:bridge_sys_inst|jtag_bridge_system_master_0:master_0|altera_reset_controller:rst_controller|altera_reset_synchronizer:alt_rst_sync_uq1" File: /home/rodizio/projects/ringOscilator/code/jtag_bridge_system/synthesis/submodules/altera_reset_controller.v Line: 208
Info (12128): Elaborating entity "altera_reset_synchronizer" for hierarchy "jtag_bridge_system:bridge_sys_inst|jtag_bridge_system_master_0:master_0|altera_reset_controller:rst_controller|altera_reset_synchronizer:alt_rst_req_sync_uq1" File: /home/rodizio/projects/ringOscilator/code/jtag_bridge_system/synthesis/submodules/altera_reset_controller.v Line: 220
Info (12128): Elaborating entity "jtag_bridge_system_mm_interconnect_0" for hierarchy "jtag_bridge_system:bridge_sys_inst|jtag_bridge_system_mm_interconnect_0:mm_interconnect_0" File: /home/rodizio/projects/ringOscilator/code/jtag_bridge_system/synthesis/jtag_bridge_system.vhd Line: 208
Info (12128): Elaborating entity "altera_merlin_master_translator" for hierarchy "jtag_bridge_system:bridge_sys_inst|jtag_bridge_system_mm_interconnect_0:mm_interconnect_0|altera_merlin_master_translator:master_0_master_translator" File: /home/rodizio/projects/ringOscilator/code/jtag_bridge_system/synthesis/submodules/jtag_bridge_system_mm_interconnect_0.v Line: 100
Info (12128): Elaborating entity "altera_merlin_slave_translator" for hierarchy "jtag_bridge_system:bridge_sys_inst|jtag_bridge_system_mm_interconnect_0:mm_interconnect_0|altera_merlin_slave_translator:capture_buffer_0_av_translator" File: /home/rodizio/projects/ringOscilator/code/jtag_bridge_system/synthesis/submodules/jtag_bridge_system_mm_interconnect_0.v Line: 164
Info (11170): Starting IP generation for the debug fabric: alt_sld_fab.
Info (11172): 2026.08.28.03:38:15 Progress: Loading sldcc8331da/alt_sld_fab_wrapper_hw.tcl
Info (11172): Alt_sld_fab.alt_sld_fab: SLD fabric agents which did not specify prefer_host were connected to JTAG
Info (11172): Alt_sld_fab: Generating "alt_sld_fab" for QUARTUS_SYNTH
Info (11172): Alt_sld_fab: "alt_sld_fab" instantiated alt_sld_fab "alt_sld_fab"
Info (11172): Presplit: "alt_sld_fab" instantiated altera_super_splitter "presplit"
Info (11172): Splitter: "alt_sld_fab" instantiated altera_sld_splitter "splitter"
Info (11172): Sldfabric: "alt_sld_fab" instantiated altera_sld_jtag_hub "sldfabric"
Info (11172): Ident: "alt_sld_fab" instantiated altera_connection_identification_hub "ident"
Info (11172): Alt_sld_fab: Done "alt_sld_fab" with 6 modules, 6 files
Info (11171): Finished IP generation for the debug fabric: alt_sld_fab.
Info (12021): Found 1 design units, including 1 entities, in source file db/ip/sldcc8331da/alt_sld_fab.v
    Info (12023): Found entity 1: alt_sld_fab File: /home/rodizio/projects/ringOscilator/code/db/ip/sldcc8331da/alt_sld_fab.v Line: 9
Info (12021): Found 1 design units, including 1 entities, in source file db/ip/sldcc8331da/submodules/alt_sld_fab_alt_sld_fab.v
    Info (12023): Found entity 1: alt_sld_fab_alt_sld_fab File: /home/rodizio/projects/ringOscilator/code/db/ip/sldcc8331da/submodules/alt_sld_fab_alt_sld_fab.v Line: 9
Info (12021): Found 1 design units, including 1 entities, in source file db/ip/sldcc8331da/submodules/alt_sld_fab_alt_sld_fab_ident.sv
    Info (12023): Found entity 1: alt_sld_fab_alt_sld_fab_ident File: /home/rodizio/projects/ringOscilator/code/db/ip/sldcc8331da/submodules/alt_sld_fab_alt_sld_fab_ident.sv Line: 33
Info (12021): Found 1 design units, including 1 entities, in source file db/ip/sldcc8331da/submodules/alt_sld_fab_alt_sld_fab_presplit.sv
    Info (12023): Found entity 1: alt_sld_fab_alt_sld_fab_presplit File: /home/rodizio/projects/ringOscilator/code/db/ip/sldcc8331da/submodules/alt_sld_fab_alt_sld_fab_presplit.sv Line: 3
Info (12021): Found 2 design units, including 1 entities, in source file db/ip/sldcc8331da/submodules/alt_sld_fab_alt_sld_fab_sldfabric.vhd
    Info (12022): Found design unit 1: alt_sld_fab_alt_sld_fab_sldfabric-rtl File: /home/rodizio/projects/ringOscilator/code/db/ip/sldcc8331da/submodules/alt_sld_fab_alt_sld_fab_sldfabric.vhd Line: 102
    Info (12023): Found entity 1: alt_sld_fab_alt_sld_fab_sldfabric File: /home/rodizio/projects/ringOscilator/code/db/ip/sldcc8331da/submodules/alt_sld_fab_alt_sld_fab_sldfabric.vhd Line: 11
Info (12021): Found 1 design units, including 1 entities, in source file db/ip/sldcc8331da/submodules/alt_sld_fab_alt_sld_fab_splitter.sv
    Info (12023): Found entity 1: alt_sld_fab_alt_sld_fab_splitter File: /home/rodizio/projects/ringOscilator/code/db/ip/sldcc8331da/submodules/alt_sld_fab_alt_sld_fab_splitter.sv Line: 3
Warning (276020): Inferred RAM node "jtag_bridge_system:bridge_sys_inst|capture_buffer:capture_buffer_0|mem_rtl_0" from synchronous design logic.  Pass-through logic has been added to match the read-during-write behavior of the original design.
Info (19000): Inferred 2 megafunctions from design logic
    Info (276029): Inferred altsyncram megafunction from the following design logic: "jtag_bridge_system:bridge_sys_inst|jtag_bridge_system_master_0:master_0|altera_avalon_sc_fifo:fifo|mem_rtl_0" 
        Info (286033): Parameter OPERATION_MODE set to DUAL_PORT
        Info (286033): Parameter WIDTH_A set to 8
        Info (286033): Parameter WIDTHAD_A set to 6
        Info (286033): Parameter NUMWORDS_A set to 64
        Info (286033): Parameter WIDTH_B set to 8
        Info (286033): Parameter WIDTHAD_B set to 6
        Info (286033): Parameter NUMWORDS_B set to 64
        Info (286033): Parameter ADDRESS_ACLR_A set to NONE
        Info (286033): Parameter OUTDATA_REG_B set to UNREGISTERED
        Info (286033): Parameter ADDRESS_ACLR_B set to NONE
        Info (286033): Parameter OUTDATA_ACLR_B set to NONE
        Info (286033): Parameter ADDRESS_REG_B set to CLOCK0
        Info (286033): Parameter INDATA_ACLR_A set to NONE
        Info (286033): Parameter WRCONTROL_ACLR_A set to NONE
        Info (286033): Parameter READ_DURING_WRITE_MODE_MIXED_PORTS set to OLD_DATA
    Info (276029): Inferred altsyncram megafunction from the following design logic: "jtag_bridge_system:bridge_sys_inst|capture_buffer:capture_buffer_0|mem_rtl_0" 
        Info (286033): Parameter OPERATION_MODE set to DUAL_PORT
        Info (286033): Parameter WIDTH_A set to 8
        Info (286033): Parameter WIDTHAD_A set to 13
        Info (286033): Parameter NUMWORDS_A set to 8192
        Info (286033): Parameter WIDTH_B set to 8
        Info (286033): Parameter WIDTHAD_B set to 13
        Info (286033): Parameter NUMWORDS_B set to 8192
        Info (286033): Parameter ADDRESS_ACLR_A set to NONE
        Info (286033): Parameter OUTDATA_REG_B set to UNREGISTERED
        Info (286033): Parameter ADDRESS_ACLR_B set to NONE
        Info (286033): Parameter OUTDATA_ACLR_B set to NONE
        Info (286033): Parameter ADDRESS_REG_B set to CLOCK0
        Info (286033): Parameter INDATA_ACLR_A set to NONE
        Info (286033): Parameter WRCONTROL_ACLR_A set to NONE
        Info (286033): Parameter INIT_FILE set to db/oscilatorRing.ram0_capture_buffer_49830562.hdl.mif
Info (12130): Elaborated megafunction instantiation "jtag_bridge_system:bridge_sys_inst|jtag_bridge_system_master_0:master_0|altera_avalon_sc_fifo:fifo|altsyncram:mem_rtl_0"
Info (12133): Instantiated megafunction "jtag_bridge_system:bridge_sys_inst|jtag_bridge_system_master_0:master_0|altera_avalon_sc_fifo:fifo|altsyncram:mem_rtl_0" with the following parameter:
    Info (12134): Parameter "OPERATION_MODE" = "DUAL_PORT"
    Info (12134): Parameter "WIDTH_A" = "8"
    Info (12134): Parameter "WIDTHAD_A" = "6"
    Info (12134): Parameter "NUMWORDS_A" = "64"
    Info (12134): Parameter "WIDTH_B" = "8"
    Info (12134): Parameter "WIDTHAD_B" = "6"
    Info (12134): Parameter "NUMWORDS_B" = "64"
    Info (12134): Parameter "ADDRESS_ACLR_A" = "NONE"
    Info (12134): Parameter "OUTDATA_REG_B" = "UNREGISTERED"
    Info (12134): Parameter "ADDRESS_ACLR_B" = "NONE"
    Info (12134): Parameter "OUTDATA_ACLR_B" = "NONE"
    Info (12134): Parameter "ADDRESS_REG_B" = "CLOCK0"
    Info (12134): Parameter "INDATA_ACLR_A" = "NONE"
    Info (12134): Parameter "WRCONTROL_ACLR_A" = "NONE"
    Info (12134): Parameter "READ_DURING_WRITE_MODE_MIXED_PORTS" = "OLD_DATA"
Info (12021): Found 1 design units, including 1 entities, in source file db/altsyncram_g0n1.tdf
    Info (12023): Found entity 1: altsyncram_g0n1 File: /home/rodizio/projects/ringOscilator/code/db/altsyncram_g0n1.tdf Line: 28
Info (12130): Elaborated megafunction instantiation "jtag_bridge_system:bridge_sys_inst|capture_buffer:capture_buffer_0|altsyncram:mem_rtl_0"
Info (12133): Instantiated megafunction "jtag_bridge_system:bridge_sys_inst|capture_buffer:capture_buffer_0|altsyncram:mem_rtl_0" with the following parameter:
    Info (12134): Parameter "OPERATION_MODE" = "DUAL_PORT"
    Info (12134): Parameter "WIDTH_A" = "8"
    Info (12134): Parameter "WIDTHAD_A" = "13"
    Info (12134): Parameter "NUMWORDS_A" = "8192"
    Info (12134): Parameter "WIDTH_B" = "8"
    Info (12134): Parameter "WIDTHAD_B" = "13"
    Info (12134): Parameter "NUMWORDS_B" = "8192"
    Info (12134): Parameter "ADDRESS_ACLR_A" = "NONE"
    Info (12134): Parameter "OUTDATA_REG_B" = "UNREGISTERED"
    Info (12134): Parameter "ADDRESS_ACLR_B" = "NONE"
    Info (12134): Parameter "OUTDATA_ACLR_B" = "NONE"
    Info (12134): Parameter "ADDRESS_REG_B" = "CLOCK0"
    Info (12134): Parameter "INDATA_ACLR_A" = "NONE"
    Info (12134): Parameter "WRCONTROL_ACLR_A" = "NONE"
    Info (12134): Parameter "INIT_FILE" = "db/oscilatorRing.ram0_capture_buffer_49830562.hdl.mif"
Info (12021): Found 1 design units, including 1 entities, in source file db/altsyncram_flo1.tdf
    Info (12023): Found entity 1: altsyncram_flo1 File: /home/rodizio/projects/ringOscilator/code/db/altsyncram_flo1.tdf Line: 28
Warning (12241): 3 hierarchies have connectivity warnings - see the Connectivity Checks report folder
Info (286031): Timing-Driven Synthesis is running on partition "Top"
Info (17049): 23 registers lost all their fanouts during netlist optimizations.
Info (17016): Found the following redundant logic cells in design
    Info (17048): Logic cell "ringsManager:rings_inst|oscilatorRing:\genRings:0:oscRing|step[2]" File: /home/rodizio/projects/ringOscilator/code/oscilatorRing.vhd Line: 13
    Info (17048): Logic cell "ringsManager:rings_inst|oscilatorRing:\genRings:1:oscRing|step[2]" File: /home/rodizio/projects/ringOscilator/code/oscilatorRing.vhd Line: 13
    Info (17048): Logic cell "ringsManager:rings_inst|oscilatorRing:\genRings:2:oscRing|step[2]" File: /home/rodizio/projects/ringOscilator/code/oscilatorRing.vhd Line: 13
    Info (17048): Logic cell "ringsManager:rings_inst|oscilatorRing:\genRings:0:oscRing|step[1]" File: /home/rodizio/projects/ringOscilator/code/oscilatorRing.vhd Line: 13
    Info (17048): Logic cell "ringsManager:rings_inst|oscilatorRing:\genRings:1:oscRing|step[1]" File: /home/rodizio/projects/ringOscilator/code/oscilatorRing.vhd Line: 13
    Info (17048): Logic cell "ringsManager:rings_inst|oscilatorRing:\genRings:2:oscRing|step[1]" File: /home/rodizio/projects/ringOscilator/code/oscilatorRing.vhd Line: 13
    Info (17048): Logic cell "ringsManager:rings_inst|oscilatorRing:\genRings:0:oscRing|step[0]" File: /home/rodizio/projects/ringOscilator/code/oscilatorRing.vhd Line: 13
    Info (17048): Logic cell "ringsManager:rings_inst|oscilatorRing:\genRings:1:oscRing|step[0]" File: /home/rodizio/projects/ringOscilator/code/oscilatorRing.vhd Line: 13
    Info (17048): Logic cell "ringsManager:rings_inst|oscilatorRing:\genRings:2:oscRing|step[0]" File: /home/rodizio/projects/ringOscilator/code/oscilatorRing.vhd Line: 13
Info (16010): Generating hard_block partition "hard_block:auto_generated_inst"
    Info (16011): Adding 9 node(s), including 0 DDIO, 0 PLL, 0 transceiver and 0 LCELL
Info (21057): Implemented 979 device resources after synthesis - the final resource count might be different
    Info (21058): Implemented 4 input pins
    Info (21059): Implemented 1 output pins
    Info (21061): Implemented 957 logic cells
    Info (21064): Implemented 16 RAM segments
Info: Quartus Prime Analysis & Synthesis was successful. 0 errors, 7 warnings
    Info: Peak virtual memory: 786 megabytes
    Info: Processing ended: Fri Aug 28 03:38:22 2026
    Info: Elapsed time: 00:00:16
    Info: Total CPU time (on all processors): 00:00:28


