Fitter report for oscilatorRing
Fri Aug 28 03:38:39 2026
Quartus Prime Version 25.1std.0 Build 1129 10/21/2025 SC Lite Edition


---------------------
; Table of Contents ;
---------------------
  1. Legal Notice
  2. Fitter Summary
  3. Fitter Settings
  4. Parallel Compilation
  5. Fitter Netlist Optimizations
  6. Incremental Compilation Preservation Summary
  7. Incremental Compilation Partition Settings
  8. Incremental Compilation Placement Preservation
  9. Pin-Out File
 10. Fitter Resource Usage Summary
 11. Fitter Partition Statistics
 12. Input Pins
 13. I/O Bank Usage
 14. All Package Pins
 15. I/O Assignment Warnings
 16. Fitter Resource Utilization by Entity
 17. Delay Chain Summary
 18. Pad To Core Delay Chain Fanout
 19. Control Signals
 20. Global & Other Fast Signals
 21. Fitter RAM Summary
 22. Routing Usage Summary
 23. I/O Rules Summary
 24. I/O Rules Details
 25. I/O Rules Matrix
 26. Fitter Device Options
 27. Operating Settings and Conditions
 28. Estimated Delay Added for Hold Timing Summary
 29. Estimated Delay Added for Hold Timing Details
 30. Fitter Messages
 31. Fitter Suppressed Messages



----------------
; Legal Notice ;
----------------
Copyright (C) 2025  Altera Corporation. All rights reserved.
Your use of Altera Corporation's design tools, logic functions 
and other software and tools, and any partner logic 
functions, and any output files from any of the foregoing 
(including device programming or simulation files), and any 
associated documentation or information are expressly subject 
to the terms and conditions of the Altera Program License 
Subscription Agreement, the Altera Quartus Prime License Agreement,
the Altera IP License Agreement, or other applicable license
agreement, including, without limitation, that your use is for
the sole purpose of programming logic devices manufactured by
Altera and sold by Altera or its authorized distributors.  Please
refer to the Altera Software License Subscription Agreements 
on the Quartus Prime software download page.



+-----------------------------------------------------------------------------------+
; Fitter Summary                                                                    ;
+---------------------------------+-------------------------------------------------+
; Fitter Status                   ; Successful - Fri Aug 28 03:38:39 2026           ;
; Quartus Prime Version           ; 25.1std.0 Build 1129 10/21/2025 SC Lite Edition ;
; Revision Name                   ; oscilatorRing                                   ;
; Top-level Entity Name           ; top                                             ;
; Family                          ; Cyclone V                                       ;
; Device                          ; 5CEBA4F23C7                                     ;
; Timing Models                   ; Final                                           ;
; Logic utilization (in ALMs)     ; 430 / 18,480 ( 2 % )                            ;
; Total registers                 ; 604                                             ;
; Total pins                      ; 1 / 224 ( < 1 % )                               ;
; Total virtual pins              ; 0                                               ;
; Total block memory bits         ; 66,048 / 3,153,920 ( 2 % )                      ;
; Total RAM Blocks                ; 9 / 308 ( 3 % )                                 ;
; Total DSP Blocks                ; 0 / 66 ( 0 % )                                  ;
; Total HSSI RX PCSs              ; 0                                               ;
; Total HSSI PMA RX Deserializers ; 0                                               ;
; Total HSSI TX PCSs              ; 0                                               ;
; Total HSSI PMA TX Serializers   ; 0                                               ;
; Total PLLs                      ; 0 / 4 ( 0 % )                                   ;
; Total DLLs                      ; 0 / 4 ( 0 % )                                   ;
+---------------------------------+-------------------------------------------------+


+----------------------------------------------------------------------------------------------------------------------------------------------------+
; Fitter Settings                                                                                                                                    ;
+--------------------------------------------------------------------+---------------------------------------+---------------------------------------+
; Option                                                             ; Setting                               ; Default Value                         ;
+--------------------------------------------------------------------+---------------------------------------+---------------------------------------+
; Device                                                             ; 5CEBA4F23C7                           ;                                       ;
; Minimum Core Junction Temperature                                  ; 0                                     ;                                       ;
; Maximum Core Junction Temperature                                  ; 85                                    ;                                       ;
; Use smart compilation                                              ; Off                                   ; Off                                   ;
; Enable parallel Assembler and Timing Analyzer during compilation   ; On                                    ; On                                    ;
; Enable compact report table                                        ; Off                                   ; Off                                   ;
; Router Timing Optimization Level                                   ; Normal                                ; Normal                                ;
; Perform Clocking Topology Analysis During Routing                  ; Off                                   ; Off                                   ;
; Placement Effort Multiplier                                        ; 1.0                                   ; 1.0                                   ;
; Device initialization clock source                                 ; INIT_INTOSC                           ; INIT_INTOSC                           ;
; Optimize Hold Timing                                               ; All Paths                             ; All Paths                             ;
; Optimize Multi-Corner Timing                                       ; On                                    ; On                                    ;
; Auto RAM to MLAB Conversion                                        ; On                                    ; On                                    ;
; Equivalent RAM and MLAB Power Up                                   ; Auto                                  ; Auto                                  ;
; Equivalent RAM and MLAB Paused Read Capabilities                   ; Care                                  ; Care                                  ;
; Power Optimization During Fitting                                  ; Normal compilation                    ; Normal compilation                    ;
; SSN Optimization                                                   ; Off                                   ; Off                                   ;
; Optimize Timing                                                    ; Normal compilation                    ; Normal compilation                    ;
; Optimize Timing for ECOs                                           ; Off                                   ; Off                                   ;
; Regenerate Full Fit Report During ECO Compiles                     ; Off                                   ; Off                                   ;
; Optimize IOC Register Placement for Timing                         ; Normal                                ; Normal                                ;
; Final Placement Optimizations                                      ; Automatically                         ; Automatically                         ;
; Fitter Aggressive Routability Optimizations                        ; Automatically                         ; Automatically                         ;
; Fitter Initial Placement Seed                                      ; 1                                     ; 1                                     ;
; Periphery to Core Placement and Routing Optimization               ; Off                                   ; Off                                   ;
; Weak Pull-Up Resistor                                              ; Off                                   ; Off                                   ;
; Enable Bus-Hold Circuitry                                          ; Off                                   ; Off                                   ;
; Auto Packed Registers                                              ; Auto                                  ; Auto                                  ;
; Auto Delay Chains                                                  ; On                                    ; On                                    ;
; Auto Delay Chains for High Fanout Input Pins                       ; Off                                   ; Off                                   ;
; Treat Bidirectional Pin as Output Pin                              ; Off                                   ; Off                                   ;
; Perform Physical Synthesis for Combinational Logic for Fitting     ; Off                                   ; Off                                   ;
; Perform Physical Synthesis for Combinational Logic for Performance ; Off                                   ; Off                                   ;
; Perform Register Duplication for Performance                       ; Off                                   ; Off                                   ;
; Perform Register Retiming for Performance                          ; Off                                   ; Off                                   ;
; Perform Asynchronous Signal Pipelining                             ; Off                                   ; Off                                   ;
; Fitter Effort                                                      ; Auto Fit                              ; Auto Fit                              ;
; Physical Synthesis Effort Level                                    ; Normal                                ; Normal                                ;
; Logic Cell Insertion - Logic Duplication                           ; Auto                                  ; Auto                                  ;
; Auto Register Duplication                                          ; Auto                                  ; Auto                                  ;
; Auto Global Clock                                                  ; On                                    ; On                                    ;
; Auto Global Register Control Signals                               ; On                                    ; On                                    ;
; Reserve all unused pins                                            ; As input tri-stated with weak pull-up ; As input tri-stated with weak pull-up ;
; Synchronizer Identification                                        ; Auto                                  ; Auto                                  ;
; Enable Beneficial Skew Optimization                                ; On                                    ; On                                    ;
; Optimize Design for Metastability                                  ; On                                    ; On                                    ;
; Active Serial clock source                                         ; FREQ_100MHz                           ; FREQ_100MHz                           ;
; Force Fitter to Avoid Periphery Placement Warnings                 ; Off                                   ; Off                                   ;
; Clamping Diode                                                     ; Off                                   ; Off                                   ;
; Enable input tri-state on active configuration pins in user mode   ; Off                                   ; Off                                   ;
; Advanced Physical Optimization                                     ; On                                    ; On                                    ;
+--------------------------------------------------------------------+---------------------------------------+---------------------------------------+


+------------------------------------------+
; Parallel Compilation                     ;
+----------------------------+-------------+
; Processors                 ; Number      ;
+----------------------------+-------------+
; Number detected on machine ; 12          ;
; Maximum allowed            ; 8           ;
;                            ;             ;
; Average used               ; 1.21        ;
; Maximum used               ; 8           ;
;                            ;             ;
; Usage by Processor         ; % Time Used ;
;     Processor 1            ; 100.0%      ;
;     Processor 2            ;   3.7%      ;
;     Processor 3            ;   3.5%      ;
;     Processor 4            ;   3.4%      ;
;     Processor 5            ;   2.5%      ;
;     Processor 6            ;   2.5%      ;
;     Processor 7            ;   2.5%      ;
;     Processor 8            ;   2.5%      ;
+----------------------------+-------------+


+----------------------------------------------------------------------------------------------------------------------------------------------------------------------------------------------------------------------------------------------------------------------------------------------------------------------------------------------------------------------------------------------------------------------------------------------------------------------------------------------------------------------------------------------------------------------------------------------------------------------------------------------------------------------------------------------------------------------------------------------------------------------------------------------------------------------------------------------------------------------------------------------------------+
; Fitter Netlist Optimizations                                                                                                                                                                                                                                                                                                                                                                                                                                                                                                                                                                                                                                                                                                                                                                                                                                                                             ;
+----------------------------------------------------------------------------------------------------------------------------------------------------------------------------------------------------------------------------------------------------------------------------------------------------------------------------------------------------------+-----------------+---------------------------------------------------+----------------------------+-----------+----------------+--------------------------------------------------------------------------------------------------------------------------------------------------------------------------------------------------------------------------------------------------------------------------------------------------------------------------------------------------------------------+------------------+-----------------------+
; Node                                                                                                                                                                                                                                                                                                                                                     ; Action          ; Operation                                         ; Reason                     ; Node Port ; Node Port Name ; Destination Node                                                                                                                                                                                                                                                                                                                                                   ; Destination Port ; Destination Port Name ;
+----------------------------------------------------------------------------------------------------------------------------------------------------------------------------------------------------------------------------------------------------------------------------------------------------------------------------------------------------------+-----------------+---------------------------------------------------+----------------------------+-----------+----------------+--------------------------------------------------------------------------------------------------------------------------------------------------------------------------------------------------------------------------------------------------------------------------------------------------------------------------------------------------------------------+------------------+-----------------------+
; clk~inputCLKENA0                                                                                                                                                                                                                                                                                                                                         ; Created         ; Placement                                         ; Fitter Periphery Placement ;           ;                ;                                                                                                                                                                                                                                                                                                                                                                    ;                  ;                       ;
; jtag_bridge_system:bridge_sys_inst|jtag_bridge_system_master_0:master_0|altera_avalon_sc_fifo:fifo|out_payload[0]                                                                                                                                                                                                                                        ; Packed Register ; Register Packing                                  ; Timing optimization        ; Q         ;                ; jtag_bridge_system:bridge_sys_inst|jtag_bridge_system_master_0:master_0|altera_avalon_sc_fifo:fifo|altsyncram:mem_rtl_0|altsyncram_g0n1:auto_generated|ram_block1a0                                                                                                                                                                                                ; PORTBDATAOUT     ;                       ;
; jtag_bridge_system:bridge_sys_inst|jtag_bridge_system_master_0:master_0|altera_avalon_sc_fifo:fifo|out_payload[1]                                                                                                                                                                                                                                        ; Packed Register ; Register Packing                                  ; Timing optimization        ; Q         ;                ; jtag_bridge_system:bridge_sys_inst|jtag_bridge_system_master_0:master_0|altera_avalon_sc_fifo:fifo|altsyncram:mem_rtl_0|altsyncram_g0n1:auto_generated|ram_block1a1                                                                                                                                                                                                ; PORTBDATAOUT     ;                       ;
; jtag_bridge_system:bridge_sys_inst|jtag_bridge_system_master_0:master_0|altera_avalon_sc_fifo:fifo|out_payload[2]                                                                                                                                                                                                                                        ; Packed Register ; Register Packing                                  ; Timing optimization        ; Q         ;                ; jtag_bridge_system:bridge_sys_inst|jtag_bridge_system_master_0:master_0|altera_avalon_sc_fifo:fifo|altsyncram:mem_rtl_0|altsyncram_g0n1:auto_generated|ram_block1a2                                                                                                                                                                                                ; PORTBDATAOUT     ;                       ;
; jtag_bridge_system:bridge_sys_inst|jtag_bridge_system_master_0:master_0|altera_avalon_sc_fifo:fifo|out_payload[3]                                                                                                                                                                                                                                        ; Packed Register ; Register Packing                                  ; Timing optimization        ; Q         ;                ; jtag_bridge_system:bridge_sys_inst|jtag_bridge_system_master_0:master_0|altera_avalon_sc_fifo:fifo|altsyncram:mem_rtl_0|altsyncram_g0n1:auto_generated|ram_block1a3                                                                                                                                                                                                ; PORTBDATAOUT     ;                       ;
; jtag_bridge_system:bridge_sys_inst|jtag_bridge_system_master_0:master_0|altera_avalon_sc_fifo:fifo|out_payload[4]                                                                                                                                                                                                                                        ; Packed Register ; Register Packing                                  ; Timing optimization        ; Q         ;                ; jtag_bridge_system:bridge_sys_inst|jtag_bridge_system_master_0:master_0|altera_avalon_sc_fifo:fifo|altsyncram:mem_rtl_0|altsyncram_g0n1:auto_generated|ram_block1a4                                                                                                                                                                                                ; PORTBDATAOUT     ;                       ;
; jtag_bridge_system:bridge_sys_inst|jtag_bridge_system_master_0:master_0|altera_avalon_sc_fifo:fifo|out_payload[5]                                                                                                                                                                                                                                        ; Packed Register ; Register Packing                                  ; Timing optimization        ; Q         ;                ; jtag_bridge_system:bridge_sys_inst|jtag_bridge_system_master_0:master_0|altera_avalon_sc_fifo:fifo|altsyncram:mem_rtl_0|altsyncram_g0n1:auto_generated|ram_block1a5                                                                                                                                                                                                ; PORTBDATAOUT     ;                       ;
; jtag_bridge_system:bridge_sys_inst|jtag_bridge_system_master_0:master_0|altera_avalon_sc_fifo:fifo|out_payload[6]                                                                                                                                                                                                                                        ; Packed Register ; Register Packing                                  ; Timing optimization        ; Q         ;                ; jtag_bridge_system:bridge_sys_inst|jtag_bridge_system_master_0:master_0|altera_avalon_sc_fifo:fifo|altsyncram:mem_rtl_0|altsyncram_g0n1:auto_generated|ram_block1a6                                                                                                                                                                                                ; PORTBDATAOUT     ;                       ;
; jtag_bridge_system:bridge_sys_inst|jtag_bridge_system_master_0:master_0|altera_avalon_sc_fifo:fifo|out_payload[7]                                                                                                                                                                                                                                        ; Packed Register ; Register Packing                                  ; Timing optimization        ; Q         ;                ; jtag_bridge_system:bridge_sys_inst|jtag_bridge_system_master_0:master_0|altera_avalon_sc_fifo:fifo|altsyncram:mem_rtl_0|altsyncram_g0n1:auto_generated|ram_block1a7                                                                                                                                                                                                ; PORTBDATAOUT     ;                       ;
; jtag_bridge_system:bridge_sys_inst|capture_buffer:capture_buffer_0|done                                                                                                                                                                                                                                                                                  ; Duplicated      ; Router Logic Cell Insertion and Logic Duplication ; Routability optimization   ;           ;                ; jtag_bridge_system:bridge_sys_inst|capture_buffer:capture_buffer_0|done~DUPLICATE                                                                                                                                                                                                                                                                                  ;                  ;                       ;
; jtag_bridge_system:bridge_sys_inst|capture_buffer:capture_buffer_0|writePtr[3]                                                                                                                                                                                                                                                                           ; Duplicated      ; Router Logic Cell Insertion and Logic Duplication ; Routability optimization   ;           ;                ; jtag_bridge_system:bridge_sys_inst|capture_buffer:capture_buffer_0|writePtr[3]~DUPLICATE                                                                                                                                                                                                                                                                           ;                  ;                       ;
; jtag_bridge_system:bridge_sys_inst|capture_buffer:capture_buffer_0|writePtr[4]                                                                                                                                                                                                                                                                           ; Duplicated      ; Router Logic Cell Insertion and Logic Duplication ; Routability optimization   ;           ;                ; jtag_bridge_system:bridge_sys_inst|capture_buffer:capture_buffer_0|writePtr[4]~DUPLICATE                                                                                                                                                                                                                                                                           ;                  ;                       ;
; jtag_bridge_system:bridge_sys_inst|capture_buffer:capture_buffer_0|writePtr[5]                                                                                                                                                                                                                                                                           ; Duplicated      ; Router Logic Cell Insertion and Logic Duplication ; Routability optimization   ;           ;                ; jtag_bridge_system:bridge_sys_inst|capture_buffer:capture_buffer_0|writePtr[5]~DUPLICATE                                                                                                                                                                                                                                                                           ;                  ;                       ;
; jtag_bridge_system:bridge_sys_inst|capture_buffer:capture_buffer_0|writePtr[10]                                                                                                                                                                                                                                                                          ; Duplicated      ; Router Logic Cell Insertion and Logic Duplication ; Routability optimization   ;           ;                ; jtag_bridge_system:bridge_sys_inst|capture_buffer:capture_buffer_0|writePtr[10]~DUPLICATE                                                                                                                                                                                                                                                                          ;                  ;                       ;
; jtag_bridge_system:bridge_sys_inst|jtag_bridge_system_master_0:master_0|altera_avalon_packets_to_master:transacto|packets_to_master:p2m|counter[1]                                                                                                                                                                                                       ; Duplicated      ; Router Logic Cell Insertion and Logic Duplication ; Routability optimization   ;           ;                ; jtag_bridge_system:bridge_sys_inst|jtag_bridge_system_master_0:master_0|altera_avalon_packets_to_master:transacto|packets_to_master:p2m|counter[1]~DUPLICATE                                                                                                                                                                                                       ;                  ;                       ;
; jtag_bridge_system:bridge_sys_inst|jtag_bridge_system_master_0:master_0|altera_avalon_packets_to_master:transacto|packets_to_master:p2m|counter[2]                                                                                                                                                                                                       ; Duplicated      ; Router Logic Cell Insertion and Logic Duplication ; Routability optimization   ;           ;                ; jtag_bridge_system:bridge_sys_inst|jtag_bridge_system_master_0:master_0|altera_avalon_packets_to_master:transacto|packets_to_master:p2m|counter[2]~DUPLICATE                                                                                                                                                                                                       ;                  ;                       ;
; jtag_bridge_system:bridge_sys_inst|jtag_bridge_system_master_0:master_0|altera_avalon_packets_to_master:transacto|packets_to_master:p2m|counter[4]                                                                                                                                                                                                       ; Duplicated      ; Router Logic Cell Insertion and Logic Duplication ; Routability optimization   ;           ;                ; jtag_bridge_system:bridge_sys_inst|jtag_bridge_system_master_0:master_0|altera_avalon_packets_to_master:transacto|packets_to_master:p2m|counter[4]~DUPLICATE                                                                                                                                                                                                       ;                  ;                       ;
; jtag_bridge_system:bridge_sys_inst|jtag_bridge_system_master_0:master_0|altera_avalon_packets_to_master:transacto|packets_to_master:p2m|counter[5]                                                                                                                                                                                                       ; Duplicated      ; Router Logic Cell Insertion and Logic Duplication ; Routability optimization   ;           ;                ; jtag_bridge_system:bridge_sys_inst|jtag_bridge_system_master_0:master_0|altera_avalon_packets_to_master:transacto|packets_to_master:p2m|counter[5]~DUPLICATE                                                                                                                                                                                                       ;                  ;                       ;
; jtag_bridge_system:bridge_sys_inst|jtag_bridge_system_master_0:master_0|altera_avalon_packets_to_master:transacto|packets_to_master:p2m|counter[13]                                                                                                                                                                                                      ; Duplicated      ; Router Logic Cell Insertion and Logic Duplication ; Routability optimization   ;           ;                ; jtag_bridge_system:bridge_sys_inst|jtag_bridge_system_master_0:master_0|altera_avalon_packets_to_master:transacto|packets_to_master:p2m|counter[13]~DUPLICATE                                                                                                                                                                                                      ;                  ;                       ;
; jtag_bridge_system:bridge_sys_inst|jtag_bridge_system_master_0:master_0|altera_avalon_packets_to_master:transacto|packets_to_master:p2m|current_byte[0]                                                                                                                                                                                                  ; Duplicated      ; Router Logic Cell Insertion and Logic Duplication ; Routability optimization   ;           ;                ; jtag_bridge_system:bridge_sys_inst|jtag_bridge_system_master_0:master_0|altera_avalon_packets_to_master:transacto|packets_to_master:p2m|current_byte[0]~DUPLICATE                                                                                                                                                                                                  ;                  ;                       ;
; jtag_bridge_system:bridge_sys_inst|jtag_bridge_system_master_0:master_0|altera_avalon_packets_to_master:transacto|packets_to_master:p2m|current_byte[1]                                                                                                                                                                                                  ; Duplicated      ; Router Logic Cell Insertion and Logic Duplication ; Routability optimization   ;           ;                ; jtag_bridge_system:bridge_sys_inst|jtag_bridge_system_master_0:master_0|altera_avalon_packets_to_master:transacto|packets_to_master:p2m|current_byte[1]~DUPLICATE                                                                                                                                                                                                  ;                  ;                       ;
; jtag_bridge_system:bridge_sys_inst|jtag_bridge_system_master_0:master_0|altera_avalon_packets_to_master:transacto|packets_to_master:p2m|out_data[4]                                                                                                                                                                                                      ; Duplicated      ; Router Logic Cell Insertion and Logic Duplication ; Routability optimization   ;           ;                ; jtag_bridge_system:bridge_sys_inst|jtag_bridge_system_master_0:master_0|altera_avalon_packets_to_master:transacto|packets_to_master:p2m|out_data[4]~DUPLICATE                                                                                                                                                                                                      ;                  ;                       ;
; jtag_bridge_system:bridge_sys_inst|jtag_bridge_system_master_0:master_0|altera_avalon_packets_to_master:transacto|packets_to_master:p2m|out_startofpacket                                                                                                                                                                                                ; Duplicated      ; Router Logic Cell Insertion and Logic Duplication ; Routability optimization   ;           ;                ; jtag_bridge_system:bridge_sys_inst|jtag_bridge_system_master_0:master_0|altera_avalon_packets_to_master:transacto|packets_to_master:p2m|out_startofpacket~DUPLICATE                                                                                                                                                                                                ;                  ;                       ;
; jtag_bridge_system:bridge_sys_inst|jtag_bridge_system_master_0:master_0|altera_avalon_packets_to_master:transacto|packets_to_master:p2m|state.WRITE_WAIT                                                                                                                                                                                                 ; Duplicated      ; Router Logic Cell Insertion and Logic Duplication ; Routability optimization   ;           ;                ; jtag_bridge_system:bridge_sys_inst|jtag_bridge_system_master_0:master_0|altera_avalon_packets_to_master:transacto|packets_to_master:p2m|state.WRITE_WAIT~DUPLICATE                                                                                                                                                                                                 ;                  ;                       ;
; jtag_bridge_system:bridge_sys_inst|jtag_bridge_system_master_0:master_0|altera_avalon_sc_fifo:fifo|wr_ptr[0]                                                                                                                                                                                                                                             ; Duplicated      ; Router Logic Cell Insertion and Logic Duplication ; Routability optimization   ;           ;                ; jtag_bridge_system:bridge_sys_inst|jtag_bridge_system_master_0:master_0|altera_avalon_sc_fifo:fifo|wr_ptr[0]~DUPLICATE                                                                                                                                                                                                                                             ;                  ;                       ;
; jtag_bridge_system:bridge_sys_inst|jtag_bridge_system_master_0:master_0|altera_avalon_st_bytes_to_packets:b2p|received_channel                                                                                                                                                                                                                           ; Duplicated      ; Router Logic Cell Insertion and Logic Duplication ; Routability optimization   ;           ;                ; jtag_bridge_system:bridge_sys_inst|jtag_bridge_system_master_0:master_0|altera_avalon_st_bytes_to_packets:b2p|received_channel~DUPLICATE                                                                                                                                                                                                                           ;                  ;                       ;
; jtag_bridge_system:bridge_sys_inst|jtag_bridge_system_master_0:master_0|altera_avalon_st_bytes_to_packets:b2p|received_esc                                                                                                                                                                                                                               ; Duplicated      ; Router Logic Cell Insertion and Logic Duplication ; Routability optimization   ;           ;                ; jtag_bridge_system:bridge_sys_inst|jtag_bridge_system_master_0:master_0|altera_avalon_st_bytes_to_packets:b2p|received_esc~DUPLICATE                                                                                                                                                                                                                               ;                  ;                       ;
; jtag_bridge_system:bridge_sys_inst|jtag_bridge_system_master_0:master_0|altera_avalon_st_jtag_interface:jtag_phy_embedded_in_jtag_master|altera_jtag_dc_streaming:normal.jtag_dc_streaming|altera_avalon_st_clock_crosser:sink_crosser|in_data_toggle                                                                                                    ; Duplicated      ; Router Logic Cell Insertion and Logic Duplication ; Routability optimization   ;           ;                ; jtag_bridge_system:bridge_sys_inst|jtag_bridge_system_master_0:master_0|altera_avalon_st_jtag_interface:jtag_phy_embedded_in_jtag_master|altera_jtag_dc_streaming:normal.jtag_dc_streaming|altera_avalon_st_clock_crosser:sink_crosser|in_data_toggle~DUPLICATE                                                                                                    ;                  ;                       ;
; jtag_bridge_system:bridge_sys_inst|jtag_bridge_system_master_0:master_0|altera_avalon_st_jtag_interface:jtag_phy_embedded_in_jtag_master|altera_jtag_dc_streaming:normal.jtag_dc_streaming|altera_jtag_streaming:jtag_streaming|dr_control[2]                                                                                                            ; Duplicated      ; Router Logic Cell Insertion and Logic Duplication ; Routability optimization   ;           ;                ; jtag_bridge_system:bridge_sys_inst|jtag_bridge_system_master_0:master_0|altera_avalon_st_jtag_interface:jtag_phy_embedded_in_jtag_master|altera_jtag_dc_streaming:normal.jtag_dc_streaming|altera_jtag_streaming:jtag_streaming|dr_control[2]~DUPLICATE                                                                                                            ;                  ;                       ;
; jtag_bridge_system:bridge_sys_inst|jtag_bridge_system_master_0:master_0|altera_avalon_st_jtag_interface:jtag_phy_embedded_in_jtag_master|altera_jtag_dc_streaming:normal.jtag_dc_streaming|altera_jtag_streaming:jtag_streaming|header_in_bit_counter[0]                                                                                                 ; Duplicated      ; Router Logic Cell Insertion and Logic Duplication ; Routability optimization   ;           ;                ; jtag_bridge_system:bridge_sys_inst|jtag_bridge_system_master_0:master_0|altera_avalon_st_jtag_interface:jtag_phy_embedded_in_jtag_master|altera_jtag_dc_streaming:normal.jtag_dc_streaming|altera_jtag_streaming:jtag_streaming|header_in_bit_counter[0]~DUPLICATE                                                                                                 ;                  ;                       ;
; jtag_bridge_system:bridge_sys_inst|jtag_bridge_system_master_0:master_0|altera_avalon_st_jtag_interface:jtag_phy_embedded_in_jtag_master|altera_jtag_dc_streaming:normal.jtag_dc_streaming|altera_jtag_streaming:jtag_streaming|header_in_bit_counter[1]                                                                                                 ; Duplicated      ; Router Logic Cell Insertion and Logic Duplication ; Routability optimization   ;           ;                ; jtag_bridge_system:bridge_sys_inst|jtag_bridge_system_master_0:master_0|altera_avalon_st_jtag_interface:jtag_phy_embedded_in_jtag_master|altera_jtag_dc_streaming:normal.jtag_dc_streaming|altera_jtag_streaming:jtag_streaming|header_in_bit_counter[1]~DUPLICATE                                                                                                 ;                  ;                       ;
; jtag_bridge_system:bridge_sys_inst|jtag_bridge_system_master_0:master_0|altera_avalon_st_jtag_interface:jtag_phy_embedded_in_jtag_master|altera_jtag_dc_streaming:normal.jtag_dc_streaming|altera_jtag_streaming:jtag_streaming|header_in_bit_counter[2]                                                                                                 ; Duplicated      ; Router Logic Cell Insertion and Logic Duplication ; Routability optimization   ;           ;                ; jtag_bridge_system:bridge_sys_inst|jtag_bridge_system_master_0:master_0|altera_avalon_st_jtag_interface:jtag_phy_embedded_in_jtag_master|altera_jtag_dc_streaming:normal.jtag_dc_streaming|altera_jtag_streaming:jtag_streaming|header_in_bit_counter[2]~DUPLICATE                                                                                                 ;                  ;                       ;
; jtag_bridge_system:bridge_sys_inst|jtag_bridge_system_master_0:master_0|altera_avalon_st_jtag_interface:jtag_phy_embedded_in_jtag_master|altera_jtag_dc_streaming:normal.jtag_dc_streaming|altera_jtag_streaming:jtag_streaming|header_in_bit_counter[3]                                                                                                 ; Duplicated      ; Router Logic Cell Insertion and Logic Duplication ; Routability optimization   ;           ;                ; jtag_bridge_system:bridge_sys_inst|jtag_bridge_system_master_0:master_0|altera_avalon_st_jtag_interface:jtag_phy_embedded_in_jtag_master|altera_jtag_dc_streaming:normal.jtag_dc_streaming|altera_jtag_streaming:jtag_streaming|header_in_bit_counter[3]~DUPLICATE                                                                                                 ;                  ;                       ;
; jtag_bridge_system:bridge_sys_inst|jtag_bridge_system_master_0:master_0|altera_avalon_st_jtag_interface:jtag_phy_embedded_in_jtag_master|altera_jtag_dc_streaming:normal.jtag_dc_streaming|altera_jtag_streaming:jtag_streaming|header_out_bit_counter[0]                                                                                                ; Duplicated      ; Router Logic Cell Insertion and Logic Duplication ; Routability optimization   ;           ;                ; jtag_bridge_system:bridge_sys_inst|jtag_bridge_system_master_0:master_0|altera_avalon_st_jtag_interface:jtag_phy_embedded_in_jtag_master|altera_jtag_dc_streaming:normal.jtag_dc_streaming|altera_jtag_streaming:jtag_streaming|header_out_bit_counter[0]~DUPLICATE                                                                                                ;                  ;                       ;
; jtag_bridge_system:bridge_sys_inst|jtag_bridge_system_master_0:master_0|altera_avalon_st_jtag_interface:jtag_phy_embedded_in_jtag_master|altera_jtag_dc_streaming:normal.jtag_dc_streaming|altera_jtag_streaming:jtag_streaming|header_out_bit_counter[1]                                                                                                ; Duplicated      ; Router Logic Cell Insertion and Logic Duplication ; Routability optimization   ;           ;                ; jtag_bridge_system:bridge_sys_inst|jtag_bridge_system_master_0:master_0|altera_avalon_st_jtag_interface:jtag_phy_embedded_in_jtag_master|altera_jtag_dc_streaming:normal.jtag_dc_streaming|altera_jtag_streaming:jtag_streaming|header_out_bit_counter[1]~DUPLICATE                                                                                                ;                  ;                       ;
; jtag_bridge_system:bridge_sys_inst|jtag_bridge_system_master_0:master_0|altera_avalon_st_jtag_interface:jtag_phy_embedded_in_jtag_master|altera_jtag_dc_streaming:normal.jtag_dc_streaming|altera_jtag_streaming:jtag_streaming|header_out_bit_counter[2]                                                                                                ; Duplicated      ; Router Logic Cell Insertion and Logic Duplication ; Routability optimization   ;           ;                ; jtag_bridge_system:bridge_sys_inst|jtag_bridge_system_master_0:master_0|altera_avalon_st_jtag_interface:jtag_phy_embedded_in_jtag_master|altera_jtag_dc_streaming:normal.jtag_dc_streaming|altera_jtag_streaming:jtag_streaming|header_out_bit_counter[2]~DUPLICATE                                                                                                ;                  ;                       ;
; jtag_bridge_system:bridge_sys_inst|jtag_bridge_system_master_0:master_0|altera_avalon_st_jtag_interface:jtag_phy_embedded_in_jtag_master|altera_jtag_dc_streaming:normal.jtag_dc_streaming|altera_jtag_streaming:jtag_streaming|idle_remover_sink_data[1]                                                                                                ; Duplicated      ; Router Logic Cell Insertion and Logic Duplication ; Routability optimization   ;           ;                ; jtag_bridge_system:bridge_sys_inst|jtag_bridge_system_master_0:master_0|altera_avalon_st_jtag_interface:jtag_phy_embedded_in_jtag_master|altera_jtag_dc_streaming:normal.jtag_dc_streaming|altera_jtag_streaming:jtag_streaming|idle_remover_sink_data[1]~DUPLICATE                                                                                                ;                  ;                       ;
; jtag_bridge_system:bridge_sys_inst|jtag_bridge_system_master_0:master_0|altera_avalon_st_jtag_interface:jtag_phy_embedded_in_jtag_master|altera_jtag_dc_streaming:normal.jtag_dc_streaming|altera_jtag_streaming:jtag_streaming|idle_remover_sink_data[5]                                                                                                ; Duplicated      ; Router Logic Cell Insertion and Logic Duplication ; Routability optimization   ;           ;                ; jtag_bridge_system:bridge_sys_inst|jtag_bridge_system_master_0:master_0|altera_avalon_st_jtag_interface:jtag_phy_embedded_in_jtag_master|altera_jtag_dc_streaming:normal.jtag_dc_streaming|altera_jtag_streaming:jtag_streaming|idle_remover_sink_data[5]~DUPLICATE                                                                                                ;                  ;                       ;
; jtag_bridge_system:bridge_sys_inst|jtag_bridge_system_master_0:master_0|altera_avalon_st_jtag_interface:jtag_phy_embedded_in_jtag_master|altera_jtag_dc_streaming:normal.jtag_dc_streaming|altera_jtag_streaming:jtag_streaming|idle_remover_sink_data[6]                                                                                                ; Duplicated      ; Router Logic Cell Insertion and Logic Duplication ; Routability optimization   ;           ;                ; jtag_bridge_system:bridge_sys_inst|jtag_bridge_system_master_0:master_0|altera_avalon_st_jtag_interface:jtag_phy_embedded_in_jtag_master|altera_jtag_dc_streaming:normal.jtag_dc_streaming|altera_jtag_streaming:jtag_streaming|idle_remover_sink_data[6]~DUPLICATE                                                                                                ;                  ;                       ;
; jtag_bridge_system:bridge_sys_inst|jtag_bridge_system_master_0:master_0|altera_avalon_st_jtag_interface:jtag_phy_embedded_in_jtag_master|altera_jtag_dc_streaming:normal.jtag_dc_streaming|altera_jtag_streaming:jtag_streaming|offset[7]                                                                                                                ; Duplicated      ; Router Logic Cell Insertion and Logic Duplication ; Routability optimization   ;           ;                ; jtag_bridge_system:bridge_sys_inst|jtag_bridge_system_master_0:master_0|altera_avalon_st_jtag_interface:jtag_phy_embedded_in_jtag_master|altera_jtag_dc_streaming:normal.jtag_dc_streaming|altera_jtag_streaming:jtag_streaming|offset[7]~DUPLICATE                                                                                                                ;                  ;                       ;
; jtag_bridge_system:bridge_sys_inst|jtag_bridge_system_master_0:master_0|altera_avalon_st_jtag_interface:jtag_phy_embedded_in_jtag_master|altera_jtag_dc_streaming:normal.jtag_dc_streaming|altera_jtag_streaming:jtag_streaming|read_data_bit_counter[2]                                                                                                 ; Duplicated      ; Router Logic Cell Insertion and Logic Duplication ; Routability optimization   ;           ;                ; jtag_bridge_system:bridge_sys_inst|jtag_bridge_system_master_0:master_0|altera_avalon_st_jtag_interface:jtag_phy_embedded_in_jtag_master|altera_jtag_dc_streaming:normal.jtag_dc_streaming|altera_jtag_streaming:jtag_streaming|read_data_bit_counter[2]~DUPLICATE                                                                                                 ;                  ;                       ;
; jtag_bridge_system:bridge_sys_inst|jtag_bridge_system_master_0:master_0|altera_avalon_st_jtag_interface:jtag_phy_embedded_in_jtag_master|altera_jtag_dc_streaming:normal.jtag_dc_streaming|altera_jtag_streaming:jtag_streaming|read_data_valid                                                                                                          ; Duplicated      ; Router Logic Cell Insertion and Logic Duplication ; Routability optimization   ;           ;                ; jtag_bridge_system:bridge_sys_inst|jtag_bridge_system_master_0:master_0|altera_avalon_st_jtag_interface:jtag_phy_embedded_in_jtag_master|altera_jtag_dc_streaming:normal.jtag_dc_streaming|altera_jtag_streaming:jtag_streaming|read_data_valid~DUPLICATE                                                                                                          ;                  ;                       ;
; jtag_bridge_system:bridge_sys_inst|jtag_bridge_system_master_0:master_0|altera_avalon_st_jtag_interface:jtag_phy_embedded_in_jtag_master|altera_jtag_dc_streaming:normal.jtag_dc_streaming|altera_jtag_streaming:jtag_streaming|scan_length_byte_counter[5]                                                                                              ; Duplicated      ; Router Logic Cell Insertion and Logic Duplication ; Routability optimization   ;           ;                ; jtag_bridge_system:bridge_sys_inst|jtag_bridge_system_master_0:master_0|altera_avalon_st_jtag_interface:jtag_phy_embedded_in_jtag_master|altera_jtag_dc_streaming:normal.jtag_dc_streaming|altera_jtag_streaming:jtag_streaming|scan_length_byte_counter[5]~DUPLICATE                                                                                              ;                  ;                       ;
; jtag_bridge_system:bridge_sys_inst|jtag_bridge_system_master_0:master_0|altera_avalon_st_jtag_interface:jtag_phy_embedded_in_jtag_master|altera_jtag_dc_streaming:normal.jtag_dc_streaming|altera_jtag_streaming:jtag_streaming|scan_length_byte_counter[8]                                                                                              ; Duplicated      ; Router Logic Cell Insertion and Logic Duplication ; Routability optimization   ;           ;                ; jtag_bridge_system:bridge_sys_inst|jtag_bridge_system_master_0:master_0|altera_avalon_st_jtag_interface:jtag_phy_embedded_in_jtag_master|altera_jtag_dc_streaming:normal.jtag_dc_streaming|altera_jtag_streaming:jtag_streaming|scan_length_byte_counter[8]~DUPLICATE                                                                                              ;                  ;                       ;
; jtag_bridge_system:bridge_sys_inst|jtag_bridge_system_master_0:master_0|altera_avalon_st_jtag_interface:jtag_phy_embedded_in_jtag_master|altera_jtag_dc_streaming:normal.jtag_dc_streaming|altera_jtag_streaming:jtag_streaming|scan_length_byte_counter[10]                                                                                             ; Duplicated      ; Router Logic Cell Insertion and Logic Duplication ; Routability optimization   ;           ;                ; jtag_bridge_system:bridge_sys_inst|jtag_bridge_system_master_0:master_0|altera_avalon_st_jtag_interface:jtag_phy_embedded_in_jtag_master|altera_jtag_dc_streaming:normal.jtag_dc_streaming|altera_jtag_streaming:jtag_streaming|scan_length_byte_counter[10]~DUPLICATE                                                                                             ;                  ;                       ;
; jtag_bridge_system:bridge_sys_inst|jtag_bridge_system_master_0:master_0|altera_avalon_st_jtag_interface:jtag_phy_embedded_in_jtag_master|altera_jtag_dc_streaming:normal.jtag_dc_streaming|altera_jtag_streaming:jtag_streaming|scan_length_byte_counter[17]                                                                                             ; Duplicated      ; Router Logic Cell Insertion and Logic Duplication ; Routability optimization   ;           ;                ; jtag_bridge_system:bridge_sys_inst|jtag_bridge_system_master_0:master_0|altera_avalon_st_jtag_interface:jtag_phy_embedded_in_jtag_master|altera_jtag_dc_streaming:normal.jtag_dc_streaming|altera_jtag_streaming:jtag_streaming|scan_length_byte_counter[17]~DUPLICATE                                                                                             ;                  ;                       ;
; jtag_bridge_system:bridge_sys_inst|jtag_bridge_system_master_0:master_0|altera_avalon_st_jtag_interface:jtag_phy_embedded_in_jtag_master|altera_jtag_dc_streaming:normal.jtag_dc_streaming|altera_jtag_streaming:jtag_streaming|valid_write_data_length_byte_counter[0]                                                                                  ; Duplicated      ; Router Logic Cell Insertion and Logic Duplication ; Routability optimization   ;           ;                ; jtag_bridge_system:bridge_sys_inst|jtag_bridge_system_master_0:master_0|altera_avalon_st_jtag_interface:jtag_phy_embedded_in_jtag_master|altera_jtag_dc_streaming:normal.jtag_dc_streaming|altera_jtag_streaming:jtag_streaming|valid_write_data_length_byte_counter[0]~DUPLICATE                                                                                  ;                  ;                       ;
; jtag_bridge_system:bridge_sys_inst|jtag_bridge_system_master_0:master_0|altera_avalon_st_jtag_interface:jtag_phy_embedded_in_jtag_master|altera_jtag_dc_streaming:normal.jtag_dc_streaming|altera_jtag_streaming:jtag_streaming|valid_write_data_length_byte_counter[12]                                                                                 ; Duplicated      ; Router Logic Cell Insertion and Logic Duplication ; Routability optimization   ;           ;                ; jtag_bridge_system:bridge_sys_inst|jtag_bridge_system_master_0:master_0|altera_avalon_st_jtag_interface:jtag_phy_embedded_in_jtag_master|altera_jtag_dc_streaming:normal.jtag_dc_streaming|altera_jtag_streaming:jtag_streaming|valid_write_data_length_byte_counter[12]~DUPLICATE                                                                                 ;                  ;                       ;
; jtag_bridge_system:bridge_sys_inst|jtag_bridge_system_master_0:master_0|altera_avalon_st_jtag_interface:jtag_phy_embedded_in_jtag_master|altera_jtag_dc_streaming:normal.jtag_dc_streaming|altera_jtag_streaming:jtag_streaming|valid_write_data_length_byte_counter[13]                                                                                 ; Duplicated      ; Router Logic Cell Insertion and Logic Duplication ; Routability optimization   ;           ;                ; jtag_bridge_system:bridge_sys_inst|jtag_bridge_system_master_0:master_0|altera_avalon_st_jtag_interface:jtag_phy_embedded_in_jtag_master|altera_jtag_dc_streaming:normal.jtag_dc_streaming|altera_jtag_streaming:jtag_streaming|valid_write_data_length_byte_counter[13]~DUPLICATE                                                                                 ;                  ;                       ;
; jtag_bridge_system:bridge_sys_inst|jtag_bridge_system_master_0:master_0|altera_avalon_st_jtag_interface:jtag_phy_embedded_in_jtag_master|altera_jtag_dc_streaming:normal.jtag_dc_streaming|altera_jtag_streaming:jtag_streaming|valid_write_data_length_byte_counter[14]                                                                                 ; Duplicated      ; Router Logic Cell Insertion and Logic Duplication ; Routability optimization   ;           ;                ; jtag_bridge_system:bridge_sys_inst|jtag_bridge_system_master_0:master_0|altera_avalon_st_jtag_interface:jtag_phy_embedded_in_jtag_master|altera_jtag_dc_streaming:normal.jtag_dc_streaming|altera_jtag_streaming:jtag_streaming|valid_write_data_length_byte_counter[14]~DUPLICATE                                                                                 ;                  ;                       ;
; jtag_bridge_system:bridge_sys_inst|jtag_bridge_system_master_0:master_0|altera_avalon_st_jtag_interface:jtag_phy_embedded_in_jtag_master|altera_jtag_dc_streaming:normal.jtag_dc_streaming|altera_jtag_streaming:jtag_streaming|valid_write_data_length_byte_counter[15]                                                                                 ; Duplicated      ; Router Logic Cell Insertion and Logic Duplication ; Routability optimization   ;           ;                ; jtag_bridge_system:bridge_sys_inst|jtag_bridge_system_master_0:master_0|altera_avalon_st_jtag_interface:jtag_phy_embedded_in_jtag_master|altera_jtag_dc_streaming:normal.jtag_dc_streaming|altera_jtag_streaming:jtag_streaming|valid_write_data_length_byte_counter[15]~DUPLICATE                                                                                 ;                  ;                       ;
; jtag_bridge_system:bridge_sys_inst|jtag_bridge_system_master_0:master_0|altera_avalon_st_jtag_interface:jtag_phy_embedded_in_jtag_master|altera_jtag_dc_streaming:normal.jtag_dc_streaming|altera_jtag_streaming:jtag_streaming|valid_write_data_length_byte_counter[17]                                                                                 ; Duplicated      ; Router Logic Cell Insertion and Logic Duplication ; Routability optimization   ;           ;                ; jtag_bridge_system:bridge_sys_inst|jtag_bridge_system_master_0:master_0|altera_avalon_st_jtag_interface:jtag_phy_embedded_in_jtag_master|altera_jtag_dc_streaming:normal.jtag_dc_streaming|altera_jtag_streaming:jtag_streaming|valid_write_data_length_byte_counter[17]~DUPLICATE                                                                                 ;                  ;                       ;
; jtag_bridge_system:bridge_sys_inst|jtag_bridge_system_master_0:master_0|altera_avalon_st_jtag_interface:jtag_phy_embedded_in_jtag_master|altera_jtag_dc_streaming:normal.jtag_dc_streaming|altera_jtag_streaming:jtag_streaming|write_data_bit_counter[0]                                                                                                ; Duplicated      ; Router Logic Cell Insertion and Logic Duplication ; Routability optimization   ;           ;                ; jtag_bridge_system:bridge_sys_inst|jtag_bridge_system_master_0:master_0|altera_avalon_st_jtag_interface:jtag_phy_embedded_in_jtag_master|altera_jtag_dc_streaming:normal.jtag_dc_streaming|altera_jtag_streaming:jtag_streaming|write_data_bit_counter[0]~DUPLICATE                                                                                                ;                  ;                       ;
; jtag_bridge_system:bridge_sys_inst|jtag_bridge_system_master_0:master_0|altera_avalon_st_jtag_interface:jtag_phy_embedded_in_jtag_master|altera_jtag_dc_streaming:normal.jtag_dc_streaming|altera_jtag_streaming:jtag_streaming|write_data_bit_counter[1]                                                                                                ; Duplicated      ; Router Logic Cell Insertion and Logic Duplication ; Routability optimization   ;           ;                ; jtag_bridge_system:bridge_sys_inst|jtag_bridge_system_master_0:master_0|altera_avalon_st_jtag_interface:jtag_phy_embedded_in_jtag_master|altera_jtag_dc_streaming:normal.jtag_dc_streaming|altera_jtag_streaming:jtag_streaming|write_data_bit_counter[1]~DUPLICATE                                                                                                ;                  ;                       ;
; jtag_bridge_system:bridge_sys_inst|jtag_bridge_system_master_0:master_0|altera_avalon_st_jtag_interface:jtag_phy_embedded_in_jtag_master|altera_jtag_dc_streaming:normal.jtag_dc_streaming|altera_jtag_streaming:jtag_streaming|write_state.ST_BYPASS                                                                                                    ; Duplicated      ; Router Logic Cell Insertion and Logic Duplication ; Routability optimization   ;           ;                ; jtag_bridge_system:bridge_sys_inst|jtag_bridge_system_master_0:master_0|altera_avalon_st_jtag_interface:jtag_phy_embedded_in_jtag_master|altera_jtag_dc_streaming:normal.jtag_dc_streaming|altera_jtag_streaming:jtag_streaming|write_state.ST_BYPASS~DUPLICATE                                                                                                    ;                  ;                       ;
; jtag_bridge_system:bridge_sys_inst|jtag_bridge_system_master_0:master_0|altera_avalon_st_jtag_interface:jtag_phy_embedded_in_jtag_master|altera_jtag_dc_streaming:normal.jtag_dc_streaming|altera_jtag_streaming:jtag_streaming|write_state.ST_HEADER_2                                                                                                  ; Duplicated      ; Router Logic Cell Insertion and Logic Duplication ; Routability optimization   ;           ;                ; jtag_bridge_system:bridge_sys_inst|jtag_bridge_system_master_0:master_0|altera_avalon_st_jtag_interface:jtag_phy_embedded_in_jtag_master|altera_jtag_dc_streaming:normal.jtag_dc_streaming|altera_jtag_streaming:jtag_streaming|write_state.ST_HEADER_2~DUPLICATE                                                                                                  ;                  ;                       ;
; jtag_bridge_system:bridge_sys_inst|jtag_bridge_system_master_0:master_0|altera_avalon_st_jtag_interface:jtag_phy_embedded_in_jtag_master|altera_jtag_dc_streaming:normal.jtag_dc_streaming|altera_jtag_streaming:jtag_streaming|write_state.ST_WRITE_DATA                                                                                                ; Duplicated      ; Router Logic Cell Insertion and Logic Duplication ; Routability optimization   ;           ;                ; jtag_bridge_system:bridge_sys_inst|jtag_bridge_system_master_0:master_0|altera_avalon_st_jtag_interface:jtag_phy_embedded_in_jtag_master|altera_jtag_dc_streaming:normal.jtag_dc_streaming|altera_jtag_streaming:jtag_streaming|write_state.ST_WRITE_DATA~DUPLICATE                                                                                                ;                  ;                       ;
; sld_hub:auto_hub|alt_sld_fab_with_jtag_input:\instrumentation_fabric_with_node_gen:fabric_gen_new_way:with_jtag_input_gen:instrumentation_fabric|alt_sld_fab:instrumentation_fabric|alt_sld_fab_alt_sld_fab:alt_sld_fab|alt_sld_fab_alt_sld_fab_sldfabric:sldfabric|sld_jtag_hub:\jtag_hub_gen:real_sld_jtag_hub|irsr_reg[2]                             ; Duplicated      ; Router Logic Cell Insertion and Logic Duplication ; Routability optimization   ;           ;                ; sld_hub:auto_hub|alt_sld_fab_with_jtag_input:\instrumentation_fabric_with_node_gen:fabric_gen_new_way:with_jtag_input_gen:instrumentation_fabric|alt_sld_fab:instrumentation_fabric|alt_sld_fab_alt_sld_fab:alt_sld_fab|alt_sld_fab_alt_sld_fab_sldfabric:sldfabric|sld_jtag_hub:\jtag_hub_gen:real_sld_jtag_hub|irsr_reg[2]~DUPLICATE                             ;                  ;                       ;
; sld_hub:auto_hub|alt_sld_fab_with_jtag_input:\instrumentation_fabric_with_node_gen:fabric_gen_new_way:with_jtag_input_gen:instrumentation_fabric|alt_sld_fab:instrumentation_fabric|alt_sld_fab_alt_sld_fab:alt_sld_fab|alt_sld_fab_alt_sld_fab_sldfabric:sldfabric|sld_jtag_hub:\jtag_hub_gen:real_sld_jtag_hub|sld_rom_sr:hub_info_reg|word_counter[0] ; Duplicated      ; Router Logic Cell Insertion and Logic Duplication ; Routability optimization   ;           ;                ; sld_hub:auto_hub|alt_sld_fab_with_jtag_input:\instrumentation_fabric_with_node_gen:fabric_gen_new_way:with_jtag_input_gen:instrumentation_fabric|alt_sld_fab:instrumentation_fabric|alt_sld_fab_alt_sld_fab:alt_sld_fab|alt_sld_fab_alt_sld_fab_sldfabric:sldfabric|sld_jtag_hub:\jtag_hub_gen:real_sld_jtag_hub|sld_rom_sr:hub_info_reg|word_counter[0]~DUPLICATE ;                  ;                       ;
; sld_hub:auto_hub|alt_sld_fab_with_jtag_input:\instrumentation_fabric_with_node_gen:fabric_gen_new_way:with_jtag_input_gen:instrumentation_fabric|alt_sld_fab:instrumentation_fabric|alt_sld_fab_alt_sld_fab:alt_sld_fab|alt_sld_fab_alt_sld_fab_sldfabric:sldfabric|sld_jtag_hub:\jtag_hub_gen:real_sld_jtag_hub|sld_rom_sr:hub_info_reg|word_counter[1] ; Duplicated      ; Router Logic Cell Insertion and Logic Duplication ; Routability optimization   ;           ;                ; sld_hub:auto_hub|alt_sld_fab_with_jtag_input:\instrumentation_fabric_with_node_gen:fabric_gen_new_way:with_jtag_input_gen:instrumentation_fabric|alt_sld_fab:instrumentation_fabric|alt_sld_fab_alt_sld_fab:alt_sld_fab|alt_sld_fab_alt_sld_fab_sldfabric:sldfabric|sld_jtag_hub:\jtag_hub_gen:real_sld_jtag_hub|sld_rom_sr:hub_info_reg|word_counter[1]~DUPLICATE ;                  ;                       ;
; sld_hub:auto_hub|alt_sld_fab_with_jtag_input:\instrumentation_fabric_with_node_gen:fabric_gen_new_way:with_jtag_input_gen:instrumentation_fabric|alt_sld_fab:instrumentation_fabric|alt_sld_fab_alt_sld_fab:alt_sld_fab|alt_sld_fab_alt_sld_fab_sldfabric:sldfabric|sld_jtag_hub:\jtag_hub_gen:real_sld_jtag_hub|sld_rom_sr:hub_info_reg|word_counter[2] ; Duplicated      ; Router Logic Cell Insertion and Logic Duplication ; Routability optimization   ;           ;                ; sld_hub:auto_hub|alt_sld_fab_with_jtag_input:\instrumentation_fabric_with_node_gen:fabric_gen_new_way:with_jtag_input_gen:instrumentation_fabric|alt_sld_fab:instrumentation_fabric|alt_sld_fab_alt_sld_fab:alt_sld_fab|alt_sld_fab_alt_sld_fab_sldfabric:sldfabric|sld_jtag_hub:\jtag_hub_gen:real_sld_jtag_hub|sld_rom_sr:hub_info_reg|word_counter[2]~DUPLICATE ;                  ;                       ;
+----------------------------------------------------------------------------------------------------------------------------------------------------------------------------------------------------------------------------------------------------------------------------------------------------------------------------------------------------------+-----------------+---------------------------------------------------+----------------------------+-----------+----------------+--------------------------------------------------------------------------------------------------------------------------------------------------------------------------------------------------------------------------------------------------------------------------------------------------------------------------------------------------------------------+------------------+-----------------------+


+---------------------------------------------------------------------------------------------------+
; Incremental Compilation Preservation Summary                                                      ;
+---------------------+---------------------+----------------------------+--------------------------+
; Type                ; Total [A + B]       ; From Design Partitions [A] ; From Rapid Recompile [B] ;
+---------------------+---------------------+----------------------------+--------------------------+
; Placement (by node) ;                     ;                            ;                          ;
;     -- Requested    ; 0.00 % ( 0 / 1266 ) ; 0.00 % ( 0 / 1266 )        ; 0.00 % ( 0 / 1266 )      ;
;     -- Achieved     ; 0.00 % ( 0 / 1266 ) ; 0.00 % ( 0 / 1266 )        ; 0.00 % ( 0 / 1266 )      ;
;                     ;                     ;                            ;                          ;
; Routing (by net)    ;                     ;                            ;                          ;
;     -- Requested    ; 0.00 % ( 0 / 0 )    ; 0.00 % ( 0 / 0 )           ; 0.00 % ( 0 / 0 )         ;
;     -- Achieved     ; 0.00 % ( 0 / 0 )    ; 0.00 % ( 0 / 0 )           ; 0.00 % ( 0 / 0 )         ;
+---------------------+---------------------+----------------------------+--------------------------+


+----------------------------------------------------------------------------------------------------------------------------------------------------------------------------------------+
; Incremental Compilation Partition Settings                                                                                                                                             ;
+--------------------------------+----------------+-------------------+-------------------------+------------------------+------------------------------+--------------------------------+
; Partition Name                 ; Partition Type ; Netlist Type Used ; Preservation Level Used ; Netlist Type Requested ; Preservation Level Requested ; Contents                       ;
+--------------------------------+----------------+-------------------+-------------------------+------------------------+------------------------------+--------------------------------+
; Top                            ; User-created   ; Source File       ; N/A                     ; Source File            ; N/A                          ;                                ;
; sld_hub:auto_hub               ; Auto-generated ; Post-Synthesis    ; N/A                     ; Post-Synthesis         ; N/A                          ; sld_hub:auto_hub               ;
; hard_block:auto_generated_inst ; Auto-generated ; Source File       ; N/A                     ; Source File            ; N/A                          ; hard_block:auto_generated_inst ;
+--------------------------------+----------------+-------------------+-------------------------+------------------------+------------------------------+--------------------------------+


+------------------------------------------------------------------------------------------------------------------------------------+
; Incremental Compilation Placement Preservation                                                                                     ;
+--------------------------------+-----------------------+-------------------------+-------------------+---------------------+-------+
; Partition Name                 ; Preservation Achieved ; Preservation Level Used ; Netlist Type Used ; Preservation Method ; Notes ;
+--------------------------------+-----------------------+-------------------------+-------------------+---------------------+-------+
; Top                            ; 0.00 % ( 0 / 1086 )   ; N/A                     ; Source File       ; N/A                 ;       ;
; sld_hub:auto_hub               ; 0.00 % ( 0 / 171 )    ; N/A                     ; Post-Synthesis    ; N/A                 ;       ;
; hard_block:auto_generated_inst ; 0.00 % ( 0 / 9 )      ; N/A                     ; Source File       ; N/A                 ;       ;
+--------------------------------+-----------------------+-------------------------+-------------------+---------------------+-------+


+--------------+
; Pin-Out File ;
+--------------+
The pin-out file can be found in /home/rodizio/projects/ringOscilator/code/output_files/oscilatorRing.pin.


+---------------------------------------------------------------------------------------------+
; Fitter Resource Usage Summary                                                               ;
+-------------------------------------------------------------+-----------------------+-------+
; Resource                                                    ; Usage                 ; %     ;
+-------------------------------------------------------------+-----------------------+-------+
; Logic utilization (ALMs needed / total ALMs on device)      ; 430 / 18,480          ; 2 %   ;
; ALMs needed [=A-B+C]                                        ; 430                   ;       ;
;     [A] ALMs used in final placement [=a+b+c+d]             ; 512 / 18,480          ; 3 %   ;
;         [a] ALMs used for LUT logic and registers           ; 152                   ;       ;
;         [b] ALMs used for LUT logic                         ; 239                   ;       ;
;         [c] ALMs used for registers                         ; 121                   ;       ;
;         [d] ALMs used for memory (up to half of total ALMs) ; 0                     ;       ;
;     [B] Estimate of ALMs recoverable by dense packing       ; 83 / 18,480           ; < 1 % ;
;     [C] Estimate of ALMs unavailable [=a+b+c+d]             ; 1 / 18,480            ; < 1 % ;
;         [a] Due to location constrained logic               ; 0                     ;       ;
;         [b] Due to LAB-wide signal conflicts                ; 0                     ;       ;
;         [c] Due to LAB input limits                         ; 1                     ;       ;
;         [d] Due to virtual I/Os                             ; 0                     ;       ;
;                                                             ;                       ;       ;
; Difficulty packing design                                   ; Low                   ;       ;
;                                                             ;                       ;       ;
; Total LABs:  partially or completely used                   ; 64 / 1,848            ; 3 %   ;
;     -- Logic LABs                                           ; 64                    ;       ;
;     -- Memory LABs (up to half of total LABs)               ; 0                     ;       ;
;                                                             ;                       ;       ;
; Combinational ALUT usage for logic                          ; 693                   ;       ;
;     -- 7 input functions                                    ; 8                     ;       ;
;     -- 6 input functions                                    ; 172                   ;       ;
;     -- 5 input functions                                    ; 114                   ;       ;
;     -- 4 input functions                                    ; 106                   ;       ;
;     -- <=3 input functions                                  ; 293                   ;       ;
; Combinational ALUT usage for route-throughs                 ; 88                    ;       ;
;                                                             ;                       ;       ;
; Dedicated logic registers                                   ; 604                   ;       ;
;     -- By type:                                             ;                       ;       ;
;         -- Primary logic registers                          ; 545 / 36,960          ; 1 %   ;
;         -- Secondary logic registers                        ; 59 / 36,960           ; < 1 % ;
;     -- By function:                                         ;                       ;       ;
;         -- Design implementation registers                  ; 552                   ;       ;
;         -- Routing optimization registers                   ; 52                    ;       ;
;                                                             ;                       ;       ;
; Virtual pins                                                ; 0                     ;       ;
; I/O pins                                                    ; 1 / 224               ; < 1 % ;
;     -- Clock pins                                           ; 1 / 9                 ; 11 %  ;
;     -- Dedicated input pins                                 ; 3 / 11                ; 27 %  ;
;                                                             ;                       ;       ;
; M10K blocks                                                 ; 9 / 308               ; 3 %   ;
; Total MLAB memory bits                                      ; 0                     ;       ;
; Total block memory bits                                     ; 66,048 / 3,153,920    ; 2 %   ;
; Total block memory implementation bits                      ; 92,160 / 3,153,920    ; 3 %   ;
;                                                             ;                       ;       ;
; Total DSP Blocks                                            ; 0 / 66                ; 0 %   ;
;                                                             ;                       ;       ;
; Fractional PLLs                                             ; 0 / 4                 ; 0 %   ;
; Global signals                                              ; 1                     ;       ;
;     -- Global clocks                                        ; 1 / 16                ; 6 %   ;
;     -- Quadrant clocks                                      ; 0 / 88                ; 0 %   ;
; SERDES Transmitters                                         ; 0 / 68                ; 0 %   ;
; SERDES Receivers                                            ; 0 / 68                ; 0 %   ;
; JTAGs                                                       ; 1 / 1                 ; 100 % ;
; ASMI blocks                                                 ; 0 / 1                 ; 0 %   ;
; CRC blocks                                                  ; 0 / 1                 ; 0 %   ;
; Remote update blocks                                        ; 0 / 1                 ; 0 %   ;
; Oscillator blocks                                           ; 0 / 1                 ; 0 %   ;
; Impedance control blocks                                    ; 0 / 3                 ; 0 %   ;
; Average interconnect usage (total/H/V)                      ; 0.9% / 0.9% / 0.7%    ;       ;
; Peak interconnect usage (total/H/V)                         ; 17.3% / 18.6% / 13.4% ;       ;
; Maximum fan-out                                             ; 367                   ;       ;
; Highest non-global fan-out                                  ; 328                   ;       ;
; Total fan-out                                               ; 5002                  ;       ;
; Average fan-out                                             ; 3.56                  ;       ;
+-------------------------------------------------------------+-----------------------+-------+


+--------------------------------------------------------------------------------------------------------------------------------------------+
; Fitter Partition Statistics                                                                                                                ;
+-------------------------------------------------------------+----------------------+----------------------+--------------------------------+
; Statistic                                                   ; Top                  ; sld_hub:auto_hub     ; hard_block:auto_generated_inst ;
+-------------------------------------------------------------+----------------------+----------------------+--------------------------------+
; Logic utilization (ALMs needed / total ALMs on device)      ; 376 / 18480 ( 2 % )  ; 54 / 18480 ( < 1 % ) ; 0 / 18480 ( 0 % )              ;
; ALMs needed [=A-B+C]                                        ; 376                  ; 54                   ; 0                              ;
;     [A] ALMs used in final placement [=a+b+c+d]             ; 441 / 18480 ( 2 % )  ; 72 / 18480 ( < 1 % ) ; 0 / 18480 ( 0 % )              ;
;         [a] ALMs used for LUT logic and registers           ; 133                  ; 19                   ; 0                              ;
;         [b] ALMs used for LUT logic                         ; 206                  ; 33                   ; 0                              ;
;         [c] ALMs used for registers                         ; 102                  ; 20                   ; 0                              ;
;         [d] ALMs used for memory (up to half of total ALMs) ; 0                    ; 0                    ; 0                              ;
;     [B] Estimate of ALMs recoverable by dense packing       ; 66 / 18480 ( < 1 % ) ; 18 / 18480 ( < 1 % ) ; 0 / 18480 ( 0 % )              ;
;     [C] Estimate of ALMs unavailable [=a+b+c+d]             ; 1 / 18480 ( < 1 % )  ; 0 / 18480 ( 0 % )    ; 0 / 18480 ( 0 % )              ;
;         [a] Due to location constrained logic               ; 0                    ; 0                    ; 0                              ;
;         [b] Due to LAB-wide signal conflicts                ; 0                    ; 0                    ; 0                              ;
;         [c] Due to LAB input limits                         ; 1                    ; 0                    ; 0                              ;
;         [d] Due to virtual I/Os                             ; 0                    ; 0                    ; 0                              ;
;                                                             ;                      ;                      ;                                ;
; Difficulty packing design                                   ; Low                  ; Low                  ; Low                            ;
;                                                             ;                      ;                      ;                                ;
; Total LABs:  partially or completely used                   ; 57 / 1848 ( 3 % )    ; 9 / 1848 ( < 1 % )   ; 0 / 1848 ( 0 % )               ;
;     -- Logic LABs                                           ; 57                   ; 9                    ; 0                              ;
;     -- Memory LABs (up to half of total LABs)               ; 0                    ; 0                    ; 0                              ;
;                                                             ;                      ;                      ;                                ;
; Combinational ALUT usage for logic                          ; 599                  ; 94                   ; 0                              ;
;     -- 7 input functions                                    ; 8                    ; 0                    ; 0                              ;
;     -- 6 input functions                                    ; 159                  ; 13                   ; 0                              ;
;     -- 5 input functions                                    ; 91                   ; 23                   ; 0                              ;
;     -- 4 input functions                                    ; 93                   ; 13                   ; 0                              ;
;     -- <=3 input functions                                  ; 248                  ; 45                   ; 0                              ;
; Combinational ALUT usage for route-throughs                 ; 73                   ; 15                   ; 0                              ;
; Memory ALUT usage                                           ; 0                    ; 0                    ; 0                              ;
;     -- 64-address deep                                      ; 0                    ; 0                    ; 0                              ;
;     -- 32-address deep                                      ; 0                    ; 0                    ; 0                              ;
;                                                             ;                      ;                      ;                                ;
; Dedicated logic registers                                   ; 0                    ; 0                    ; 0                              ;
;     -- By type:                                             ;                      ;                      ;                                ;
;         -- Primary logic registers                          ; 468 / 36960 ( 1 % )  ; 77 / 36960 ( < 1 % ) ; 0 / 36960 ( 0 % )              ;
;         -- Secondary logic registers                        ; 55 / 36960 ( < 1 % ) ; 4 / 36960 ( < 1 % )  ; 0 / 36960 ( 0 % )              ;
;     -- By function:                                         ;                      ;                      ;                                ;
;         -- Design implementation registers                  ; 475                  ; 77                   ; 0                              ;
;         -- Routing optimization registers                   ; 48                   ; 4                    ; 0                              ;
;                                                             ;                      ;                      ;                                ;
;                                                             ;                      ;                      ;                                ;
; Virtual pins                                                ; 0                    ; 0                    ; 0                              ;
; I/O pins                                                    ; 1                    ; 0                    ; 0                              ;
; I/O registers                                               ; 0                    ; 0                    ; 0                              ;
; Total block memory bits                                     ; 66048                ; 0                    ; 0                              ;
; Total block memory implementation bits                      ; 92160                ; 0                    ; 0                              ;
; JTAG                                                        ; 0 / 1 ( 0 % )        ; 0 / 1 ( 0 % )        ; 1 / 1 ( 100 % )                ;
; M10K block                                                  ; 9 / 308 ( 2 % )      ; 0 / 308 ( 0 % )      ; 0 / 308 ( 0 % )                ;
; Clock enable block                                          ; 1 / 104 ( < 1 % )    ; 0 / 104 ( 0 % )      ; 0 / 104 ( 0 % )                ;
;                                                             ;                      ;                      ;                                ;
; Connections                                                 ;                      ;                      ;                                ;
;     -- Input Connections                                    ; 465                  ; 118                  ; 1                              ;
;     -- Registered Input Connections                         ; 252                  ; 90                   ; 0                              ;
;     -- Output Connections                                   ; 5                    ; 213                  ; 366                            ;
;     -- Registered Output Connections                        ; 0                    ; 213                  ; 0                              ;
;                                                             ;                      ;                      ;                                ;
; Internal Connections                                        ;                      ;                      ;                                ;
;     -- Total Connections                                    ; 4552                 ; 823                  ; 375                            ;
;     -- Registered Connections                               ; 2237                 ; 627                  ; 0                              ;
;                                                             ;                      ;                      ;                                ;
; External Connections                                        ;                      ;                      ;                                ;
;     -- Top                                                  ; 0                    ; 217                  ; 253                            ;
;     -- sld_hub:auto_hub                                     ; 217                  ; 0                    ; 114                            ;
;     -- hard_block:auto_generated_inst                       ; 253                  ; 114                  ; 0                              ;
;                                                             ;                      ;                      ;                                ;
; Partition Interface                                         ;                      ;                      ;                                ;
;     -- Input Ports                                          ; 29                   ; 38                   ; 4                              ;
;     -- Output Ports                                         ; 5                    ; 55                   ; 9                              ;
;     -- Bidir Ports                                          ; 0                    ; 0                    ; 0                              ;
;                                                             ;                      ;                      ;                                ;
; Registered Ports                                            ;                      ;                      ;                                ;
;     -- Registered Input Ports                               ; 0                    ; 3                    ; 0                              ;
;     -- Registered Output Ports                              ; 0                    ; 22                   ; 0                              ;
;                                                             ;                      ;                      ;                                ;
; Port Connectivity                                           ;                      ;                      ;                                ;
;     -- Input Ports driven by GND                            ; 0                    ; 4                    ; 0                              ;
;     -- Output Ports driven by GND                           ; 0                    ; 28                   ; 0                              ;
;     -- Input Ports driven by VCC                            ; 0                    ; 0                    ; 0                              ;
;     -- Output Ports driven by VCC                           ; 0                    ; 0                    ; 0                              ;
;     -- Input Ports with no Source                           ; 0                    ; 25                   ; 0                              ;
;     -- Output Ports with no Source                          ; 0                    ; 0                    ; 0                              ;
;     -- Input Ports with no Fanout                           ; 0                    ; 30                   ; 0                              ;
;     -- Output Ports with no Fanout                          ; 0                    ; 44                   ; 0                              ;
+-------------------------------------------------------------+----------------------+----------------------+--------------------------------+


+-------------------------------------------------------------------------------------------------------------------------------------------------------------------------------------------------------------------------------------------------------------------------------------+
; Input Pins                                                                                                                                                                                                                                                                          ;
+------+-------+----------+--------------+--------------+--------------+-----------------------+--------------------+--------+----------------+-----------------+----------+--------------+--------------+-------------+---------------------------+----------------------+-----------+
; Name ; Pin # ; I/O Bank ; X coordinate ; Y coordinate ; Z coordinate ; Combinational Fan-Out ; Registered Fan-Out ; Global ; Input Register ; PCI I/O Enabled ; Bus Hold ; Weak Pull Up ; I/O Standard ; Termination ; Termination Control Block ; Location assigned by ; Slew Rate ;
+------+-------+----------+--------------+--------------+--------------+-----------------------+--------------------+--------+----------------+-----------------+----------+--------------+--------------+-------------+---------------------------+----------------------+-----------+
; clk  ; M9    ; 3B       ; 22           ; 0            ; 0            ; 293                   ; 0                  ; yes    ; no             ; no              ; no       ; Off          ; 2.5 V        ; Off         ; --                        ; User                 ; no        ;
+------+-------+----------+--------------+--------------+--------------+-----------------------+--------------------+--------+----------------+-----------------+----------+--------------+--------------+-------------+---------------------------+----------------------+-----------+


+--------------------------------------------------------------------------+
; I/O Bank Usage                                                           ;
+----------+----------------+---------------+--------------+---------------+
; I/O Bank ; Usage          ; VCCIO Voltage ; VREF Voltage ; VCCPD Voltage ;
+----------+----------------+---------------+--------------+---------------+
; 2A       ; 0 / 16 ( 0 % ) ; 2.5V          ; --           ; 2.5V          ;
; 3A       ; 0 / 16 ( 0 % ) ; 2.5V          ; --           ; 2.5V          ;
; 3B       ; 1 / 32 ( 3 % ) ; 2.5V          ; --           ; 2.5V          ;
; 4A       ; 0 / 48 ( 0 % ) ; 2.5V          ; --           ; 2.5V          ;
; 5A       ; 0 / 16 ( 0 % ) ; 2.5V          ; --           ; 2.5V          ;
; 5B       ; 0 / 16 ( 0 % ) ; 2.5V          ; --           ; 2.5V          ;
; 7A       ; 0 / 48 ( 0 % ) ; 2.5V          ; --           ; 2.5V          ;
; 8A       ; 0 / 32 ( 0 % ) ; 2.5V          ; --           ; 2.5V          ;
+----------+----------------+---------------+--------------+---------------+


+-----------------------------------------------------------------------------------------------------------------------------------------------------------------------------+
; All Package Pins                                                                                                                                                            ;
+----------+------------+----------+---------------------------------+--------+--------------+---------------------+--------------+-----------------+----------+--------------+
; Location ; Pad Number ; I/O Bank ; Pin Name/Usage                  ; Dir.   ; I/O Standard ; Voltage             ; I/O Type     ; User Assignment ; Bus Hold ; Weak Pull Up ;
+----------+------------+----------+---------------------------------+--------+--------------+---------------------+--------------+-----------------+----------+--------------+
; A1       ;            ;          ; GND                             ;        ;              ;                     ; --           ;                 ; --       ; --           ;
; A2       ; 288        ; 9A       ; ^MSEL2                          ;        ;              ;                     ; --           ;                 ; --       ; --           ;
; A3       ;            ; --       ; VCCBAT                          ; power  ;              ; 1.2V                ; --           ;                 ; --       ; --           ;
; A4       ; 290        ; 9A       ; ^nCONFIG                        ;        ;              ;                     ; --           ;                 ; --       ; --           ;
; A5       ; 264        ; 8A       ; RESERVED_INPUT_WITH_WEAK_PULLUP ;        ;              ;                     ; Column I/O   ;                 ; no       ; On           ;
; A6       ;            ; 8A       ; VCCIO8A                         ; power  ;              ; 2.5V                ; --           ;                 ; --       ; --           ;
; A7       ; 273        ; 8A       ; RESERVED_INPUT_WITH_WEAK_PULLUP ;        ;              ;                     ; Column I/O   ;                 ; no       ; On           ;
; A8       ; 271        ; 8A       ; RESERVED_INPUT_WITH_WEAK_PULLUP ;        ;              ;                     ; Column I/O   ;                 ; no       ; On           ;
; A9       ; 262        ; 8A       ; RESERVED_INPUT_WITH_WEAK_PULLUP ;        ;              ;                     ; Column I/O   ;                 ; no       ; On           ;
; A10      ; 260        ; 8A       ; RESERVED_INPUT_WITH_WEAK_PULLUP ;        ;              ;                     ; Column I/O   ;                 ; no       ; On           ;
; A11      ;            ;          ; GND                             ; gnd    ;              ;                     ; --           ;                 ; --       ; --           ;
; A12      ; 242        ; 7A       ; RESERVED_INPUT_WITH_WEAK_PULLUP ;        ;              ;                     ; Column I/O   ;                 ; no       ; On           ;
; A13      ; 230        ; 7A       ; RESERVED_INPUT_WITH_WEAK_PULLUP ;        ;              ;                     ; Column I/O   ;                 ; no       ; On           ;
; A14      ; 218        ; 7A       ; RESERVED_INPUT_WITH_WEAK_PULLUP ;        ;              ;                     ; Column I/O   ;                 ; no       ; On           ;
; A15      ; 216        ; 7A       ; RESERVED_INPUT_WITH_WEAK_PULLUP ;        ;              ;                     ; Column I/O   ;                 ; no       ; On           ;
; A16      ;            ; 7A       ; VCCIO7A                         ; power  ;              ; 2.5V                ; --           ;                 ; --       ; --           ;
; A17      ;            ;          ; NC                              ;        ;              ;                     ; --           ;                 ; --       ; --           ;
; A18      ;            ;          ; NC                              ;        ;              ;                     ; --           ;                 ; --       ; --           ;
; A19      ;            ;          ; NC                              ;        ;              ;                     ; --           ;                 ; --       ; --           ;
; A20      ;            ;          ; NC                              ;        ;              ;                     ; --           ;                 ; --       ; --           ;
; A21      ;            ;          ; GND                             ; gnd    ;              ;                     ; --           ;                 ; --       ; --           ;
; A22      ;            ;          ; NC                              ;        ;              ;                     ; --           ;                 ; --       ; --           ;
; AA1      ; 29         ; 2A       ; RESERVED_INPUT_WITH_WEAK_PULLUP ;        ;              ;                     ; Row I/O      ;                 ; no       ; On           ;
; AA2      ; 31         ; 2A       ; RESERVED_INPUT_WITH_WEAK_PULLUP ;        ;              ;                     ; Row I/O      ;                 ; no       ; On           ;
; AA3      ;            ;          ; GND                             ; gnd    ;              ;                     ; --           ;                 ; --       ; --           ;
; AA4      ;            ;          ; GND                             ; gnd    ;              ;                     ; --           ;                 ; --       ; --           ;
; AA5      ; 53         ; 3A       ; ^AS_DATA2, DATA2                ;        ;              ;                     ; Weak Pull Up ;                 ; --       ; On           ;
; AA6      ;            ;          ; GND                             ; gnd    ;              ;                     ; --           ;                 ; --       ; --           ;
; AA7      ; 79         ; 3B       ; RESERVED_INPUT_WITH_WEAK_PULLUP ;        ;              ;                     ; Column I/O   ;                 ; no       ; On           ;
; AA8      ; 82         ; 3B       ; RESERVED_INPUT_WITH_WEAK_PULLUP ;        ;              ;                     ; Column I/O   ;                 ; no       ; On           ;
; AA9      ; 89         ; 3B       ; RESERVED_INPUT_WITH_WEAK_PULLUP ;        ;              ;                     ; Column I/O   ;                 ; no       ; On           ;
; AA10     ; 87         ; 3B       ; RESERVED_INPUT_WITH_WEAK_PULLUP ;        ;              ;                     ; Column I/O   ;                 ; no       ; On           ;
; AA11     ;            ;          ; GND                             ; gnd    ;              ;                     ; --           ;                 ; --       ; --           ;
; AA12     ; 105        ; 3B       ; RESERVED_INPUT_WITH_WEAK_PULLUP ;        ;              ;                     ; Column I/O   ;                 ; no       ; On           ;
; AA13     ; 113        ; 4A       ; RESERVED_INPUT_WITH_WEAK_PULLUP ;        ;              ;                     ; Column I/O   ;                 ; no       ; On           ;
; AA14     ; 111        ; 4A       ; RESERVED_INPUT_WITH_WEAK_PULLUP ;        ;              ;                     ; Column I/O   ;                 ; no       ; On           ;
; AA15     ; 116        ; 4A       ; RESERVED_INPUT_WITH_WEAK_PULLUP ;        ;              ;                     ; Column I/O   ;                 ; no       ; On           ;
; AA16     ;            ; 4A       ; VCCIO4A                         ; power  ;              ; 2.5V                ; --           ;                 ; --       ; --           ;
; AA17     ; 127        ; 4A       ; RESERVED_INPUT_WITH_WEAK_PULLUP ;        ;              ;                     ; Column I/O   ;                 ; no       ; On           ;
; AA18     ; 129        ; 4A       ; RESERVED_INPUT_WITH_WEAK_PULLUP ;        ;              ;                     ; Column I/O   ;                 ; no       ; On           ;
; AA19     ; 130        ; 4A       ; RESERVED_INPUT_WITH_WEAK_PULLUP ;        ;              ;                     ; Column I/O   ;                 ; no       ; On           ;
; AA20     ; 132        ; 4A       ; RESERVED_INPUT_WITH_WEAK_PULLUP ;        ;              ;                     ; Column I/O   ;                 ; no       ; On           ;
; AA21     ;            ; 4A       ; VCCIO4A                         ; power  ;              ; 2.5V                ; --           ;                 ; --       ; --           ;
; AA22     ; 137        ; 4A       ; RESERVED_INPUT_WITH_WEAK_PULLUP ;        ;              ;                     ; Column I/O   ;                 ; no       ; On           ;
; AB1      ;            ;          ; GND                             ; gnd    ;              ;                     ; --           ;                 ; --       ; --           ;
; AB2      ;            ;          ; GND                             ; gnd    ;              ;                     ; --           ;                 ; --       ; --           ;
; AB3      ; 55         ; 3A       ; ^AS_DATA1, DATA1                ;        ;              ;                     ; Weak Pull Up ;                 ; --       ; On           ;
; AB4      ; 57         ; 3A       ; ^AS_DATA0, ASDO, DATA0          ;        ;              ;                     ; Weak Pull Up ;                 ; --       ; On           ;
; AB5      ; 76         ; 3B       ; RESERVED_INPUT_WITH_WEAK_PULLUP ;        ;              ;                     ; Column I/O   ;                 ; no       ; On           ;
; AB6      ; 74         ; 3B       ; RESERVED_INPUT_WITH_WEAK_PULLUP ;        ;              ;                     ; Column I/O   ;                 ; no       ; On           ;
; AB7      ; 81         ; 3B       ; RESERVED_INPUT_WITH_WEAK_PULLUP ;        ;              ;                     ; Column I/O   ;                 ; no       ; On           ;
; AB8      ; 84         ; 3B       ; RESERVED_INPUT_WITH_WEAK_PULLUP ;        ;              ;                     ; Column I/O   ;                 ; no       ; On           ;
; AB9      ;            ;          ; GND                             ; gnd    ;              ;                     ; --           ;                 ; --       ; --           ;
; AB10     ; 98         ; 3B       ; RESERVED_INPUT_WITH_WEAK_PULLUP ;        ;              ;                     ; Column I/O   ;                 ; no       ; On           ;
; AB11     ; 100        ; 3B       ; RESERVED_INPUT_WITH_WEAK_PULLUP ;        ;              ;                     ; Column I/O   ;                 ; no       ; On           ;
; AB12     ; 108        ; 4A       ; RESERVED_INPUT_WITH_WEAK_PULLUP ;        ;              ;                     ; Column I/O   ;                 ; no       ; On           ;
; AB13     ; 106        ; 4A       ; RESERVED_INPUT_WITH_WEAK_PULLUP ;        ;              ;                     ; Column I/O   ;                 ; no       ; On           ;
; AB14     ;            ;          ; GND                             ; gnd    ;              ;                     ; --           ;                 ; --       ; --           ;
; AB15     ; 114        ; 4A       ; RESERVED_INPUT_WITH_WEAK_PULLUP ;        ;              ;                     ; Column I/O   ;                 ; no       ; On           ;
; AB16     ;            ; 4A       ; VREFB4AN0                       ; power  ;              ;                     ; --           ;                 ; --       ; --           ;
; AB17     ; 119        ; 4A       ; RESERVED_INPUT_WITH_WEAK_PULLUP ;        ;              ;                     ; Column I/O   ;                 ; no       ; On           ;
; AB18     ; 121        ; 4A       ; RESERVED_INPUT_WITH_WEAK_PULLUP ;        ;              ;                     ; Column I/O   ;                 ; no       ; On           ;
; AB19     ;            ;          ; GND                             ; gnd    ;              ;                     ; --           ;                 ; --       ; --           ;
; AB20     ; 122        ; 4A       ; RESERVED_INPUT_WITH_WEAK_PULLUP ;        ;              ;                     ; Column I/O   ;                 ; no       ; On           ;
; AB21     ; 124        ; 4A       ; RESERVED_INPUT_WITH_WEAK_PULLUP ;        ;              ;                     ; Column I/O   ;                 ; no       ; On           ;
; AB22     ; 135        ; 4A       ; RESERVED_INPUT_WITH_WEAK_PULLUP ;        ;              ;                     ; Column I/O   ;                 ; no       ; On           ;
; B1       ;            ;          ; GND                             ; gnd    ;              ;                     ; --           ;                 ; --       ; --           ;
; B2       ;            ;          ; GND                             ; gnd    ;              ;                     ; --           ;                 ; --       ; --           ;
; B3       ;            ;          ; DNU                             ;        ;              ;                     ; --           ;                 ; --       ; --           ;
; B4       ;            ;          ; DNU                             ;        ;              ;                     ; --           ;                 ; --       ; --           ;
; B5       ; 266        ; 8A       ; RESERVED_INPUT_WITH_WEAK_PULLUP ;        ;              ;                     ; Column I/O   ;                 ; no       ; On           ;
; B6       ; 268        ; 8A       ; RESERVED_INPUT_WITH_WEAK_PULLUP ;        ;              ;                     ; Column I/O   ;                 ; no       ; On           ;
; B7       ; 270        ; 8A       ; RESERVED_INPUT_WITH_WEAK_PULLUP ;        ;              ;                     ; Column I/O   ;                 ; no       ; On           ;
; B8       ;            ; 8A       ; VREFB8AN0                       ; power  ;              ;                     ; --           ;                 ; --       ; --           ;
; B9       ;            ;          ; GND                             ; gnd    ;              ;                     ; --           ;                 ; --       ; --           ;
; B10      ; 263        ; 8A       ; RESERVED_INPUT_WITH_WEAK_PULLUP ;        ;              ;                     ; Column I/O   ;                 ; no       ; On           ;
; B11      ; 250        ; 7A       ; RESERVED_INPUT_WITH_WEAK_PULLUP ;        ;              ;                     ; Column I/O   ;                 ; no       ; On           ;
; B12      ; 240        ; 7A       ; RESERVED_INPUT_WITH_WEAK_PULLUP ;        ;              ;                     ; Column I/O   ;                 ; no       ; On           ;
; B13      ; 228        ; 7A       ; RESERVED_INPUT_WITH_WEAK_PULLUP ;        ;              ;                     ; Column I/O   ;                 ; no       ; On           ;
; B14      ;            ;          ; GND                             ; gnd    ;              ;                     ; --           ;                 ; --       ; --           ;
; B15      ; 225        ; 7A       ; RESERVED_INPUT_WITH_WEAK_PULLUP ;        ;              ;                     ; Column I/O   ;                 ; no       ; On           ;
; B16      ; 204        ; 7A       ; RESERVED_INPUT_WITH_WEAK_PULLUP ;        ;              ;                     ; Column I/O   ;                 ; no       ; On           ;
; B17      ;            ;          ; NC                              ;        ;              ;                     ; --           ;                 ; --       ; --           ;
; B18      ;            ;          ; NC                              ;        ;              ;                     ; --           ;                 ; --       ; --           ;
; B19      ;            ; 7A       ; VCCIO7A                         ; power  ;              ; 2.5V                ; --           ;                 ; --       ; --           ;
; B20      ;            ;          ; NC                              ;        ;              ;                     ; --           ;                 ; --       ; --           ;
; B21      ;            ;          ; NC                              ;        ;              ;                     ; --           ;                 ; --       ; --           ;
; B22      ;            ;          ; NC                              ;        ;              ;                     ; --           ;                 ; --       ; --           ;
; C1       ; 16         ; 2A       ; RESERVED_INPUT_WITH_WEAK_PULLUP ;        ;              ;                     ; Row I/O      ;                 ; no       ; On           ;
; C2       ; 18         ; 2A       ; RESERVED_INPUT_WITH_WEAK_PULLUP ;        ;              ;                     ; Row I/O      ;                 ; no       ; On           ;
; C3       ;            ;          ; GND                             ; gnd    ;              ;                     ; --           ;                 ; --       ; --           ;
; C4       ;            ;          ; GND                             ; gnd    ;              ;                     ; --           ;                 ; --       ; --           ;
; C5       ; 292        ; 9A       ; ^GND                            ;        ;              ;                     ; --           ;                 ; --       ; --           ;
; C6       ; 272        ; 8A       ; RESERVED_INPUT_WITH_WEAK_PULLUP ;        ;              ;                     ; Column I/O   ;                 ; no       ; On           ;
; C7       ;            ; 8A       ; VCCIO8A                         ; power  ;              ; 2.5V                ; --           ;                 ; --       ; --           ;
; C8       ; 278        ; 8A       ; RESERVED_INPUT_WITH_WEAK_PULLUP ;        ;              ;                     ; Column I/O   ;                 ; no       ; On           ;
; C9       ; 265        ; 8A       ; RESERVED_INPUT_WITH_WEAK_PULLUP ;        ;              ;                     ; Column I/O   ;                 ; no       ; On           ;
; C10      ;            ; 7A, 8A   ; VCCPD7A8A                       ; power  ;              ; 2.5V                ; --           ;                 ; --       ; --           ;
; C11      ; 248        ; 7A       ; RESERVED_INPUT_WITH_WEAK_PULLUP ;        ;              ;                     ; Column I/O   ;                 ; no       ; On           ;
; C12      ;            ; 7A       ; VCCIO7A                         ; power  ;              ; 2.5V                ; --           ;                 ; --       ; --           ;
; C13      ; 241        ; 7A       ; RESERVED_INPUT_WITH_WEAK_PULLUP ;        ;              ;                     ; Column I/O   ;                 ; no       ; On           ;
; C14      ;            ; 7A       ; VREFB7AN0                       ; power  ;              ;                     ; --           ;                 ; --       ; --           ;
; C15      ; 223        ; 7A       ; RESERVED_INPUT_WITH_WEAK_PULLUP ;        ;              ;                     ; Column I/O   ;                 ; no       ; On           ;
; C16      ; 206        ; 7A       ; RESERVED_INPUT_WITH_WEAK_PULLUP ;        ;              ;                     ; Column I/O   ;                 ; no       ; On           ;
; C17      ;            ;          ; GND                             ; gnd    ;              ;                     ; --           ;                 ; --       ; --           ;
; C18      ;            ;          ; NC                              ;        ;              ;                     ; --           ;                 ; --       ; --           ;
; C19      ;            ;          ; NC                              ;        ;              ;                     ; --           ;                 ; --       ; --           ;
; C20      ;            ;          ; NC                              ;        ;              ;                     ; --           ;                 ; --       ; --           ;
; C21      ;            ;          ; NC                              ;        ;              ;                     ; --           ;                 ; --       ; --           ;
; C22      ;            ; 7A       ; VCCIO7A                         ; power  ;              ; 2.5V                ; --           ;                 ; --       ; --           ;
; D1       ;            ;          ; GND                             ; gnd    ;              ;                     ; --           ;                 ; --       ; --           ;
; D2       ;            ;          ; GND                             ; gnd    ;              ;                     ; --           ;                 ; --       ; --           ;
; D3       ; 22         ; 2A       ; RESERVED_INPUT_WITH_WEAK_PULLUP ;        ;              ;                     ; Row I/O      ;                 ; no       ; On           ;
; D4       ;            ; 2A       ; VCCIO2A                         ; power  ;              ; 2.5V                ; --           ;                 ; --       ; --           ;
; D5       ;            ;          ; GND                             ; gnd    ;              ;                     ; --           ;                 ; --       ; --           ;
; D6       ; 274        ; 8A       ; RESERVED_INPUT_WITH_WEAK_PULLUP ;        ;              ;                     ; Column I/O   ;                 ; no       ; On           ;
; D7       ; 276        ; 8A       ; RESERVED_INPUT_WITH_WEAK_PULLUP ;        ;              ;                     ; Column I/O   ;                 ; no       ; On           ;
; D8       ;            ; 7A, 8A   ; VCCPD7A8A                       ; power  ;              ; 2.5V                ; --           ;                 ; --       ; --           ;
; D9       ; 277        ; 8A       ; RESERVED_INPUT_WITH_WEAK_PULLUP ;        ;              ;                     ; Column I/O   ;                 ; no       ; On           ;
; D10      ;            ;          ; GND                             ; gnd    ;              ;                     ; --           ;                 ; --       ; --           ;
; D11      ;            ; --       ; VCC_AUX                         ; power  ;              ; 2.5V                ; --           ;                 ; --       ; --           ;
; D12      ; 247        ; 7A       ; RESERVED_INPUT_WITH_WEAK_PULLUP ;        ;              ;                     ; Column I/O   ;                 ; no       ; On           ;
; D13      ; 239        ; 7A       ; RESERVED_INPUT_WITH_WEAK_PULLUP ;        ;              ;                     ; Column I/O   ;                 ; no       ; On           ;
; D14      ;            ; 7A, 8A   ; VCCPD7A8A                       ; power  ;              ; 2.5V                ; --           ;                 ; --       ; --           ;
; D15      ;            ; 7A       ; VCCIO7A                         ; power  ;              ; 2.5V                ; --           ;                 ; --       ; --           ;
; D16      ;            ; 7A, 8A   ; VCCPD7A8A                       ; power  ;              ; 2.5V                ; --           ;                 ; --       ; --           ;
; D17      ; 207        ; 7A       ; RESERVED_INPUT_WITH_WEAK_PULLUP ;        ;              ;                     ; Column I/O   ;                 ; no       ; On           ;
; D18      ;            ; --       ; VCC_AUX                         ; power  ;              ; 2.5V                ; --           ;                 ; --       ; --           ;
; D19      ;            ;          ; NC                              ;        ;              ;                     ; --           ;                 ; --       ; --           ;
; D20      ;            ;          ; GND                             ; gnd    ;              ;                     ; --           ;                 ; --       ; --           ;
; D21      ;            ;          ; NC                              ;        ;              ;                     ; --           ;                 ; --       ; --           ;
; D22      ;            ;          ; NC                              ;        ;              ;                     ; --           ;                 ; --       ; --           ;
; E1       ;            ; 1A, 2A   ; VCCPD1A2A                       ; power  ;              ; 2.5V                ; --           ;                 ; --       ; --           ;
; E2       ; 20         ; 2A       ; RESERVED_INPUT_WITH_WEAK_PULLUP ;        ;              ;                     ; Row I/O      ;                 ; no       ; On           ;
; E3       ;            ;          ; GND                             ; gnd    ;              ;                     ; --           ;                 ; --       ; --           ;
; E4       ;            ;          ; GND                             ; gnd    ;              ;                     ; --           ;                 ; --       ; --           ;
; E5       ; 289        ; 9A       ; ^MSEL3                          ;        ;              ;                     ; --           ;                 ; --       ; --           ;
; E6       ;            ; --       ; VCC_AUX                         ; power  ;              ; 2.5V                ; --           ;                 ; --       ; --           ;
; E7       ; 282        ; 8A       ; RESERVED_INPUT_WITH_WEAK_PULLUP ;        ;              ;                     ; Column I/O   ;                 ; no       ; On           ;
; E8       ;            ; 8A       ; VCCIO8A                         ; power  ;              ; 2.5V                ; --           ;                 ; --       ; --           ;
; E9       ; 275        ; 8A       ; RESERVED_INPUT_WITH_WEAK_PULLUP ;        ;              ;                     ; Column I/O   ;                 ; no       ; On           ;
; E10      ; 267        ; 8A       ; RESERVED_INPUT_WITH_WEAK_PULLUP ;        ;              ;                     ; Column I/O   ;                 ; no       ; On           ;
; E11      ;            ; 7A, 8A   ; VCCPD7A8A                       ; power  ;              ; 2.5V                ; --           ;                 ; --       ; --           ;
; E12      ; 249        ; 7A       ; RESERVED_INPUT_WITH_WEAK_PULLUP ;        ;              ;                     ; Column I/O   ;                 ; no       ; On           ;
; E13      ;            ;          ; GND                             ; gnd    ;              ;                     ; --           ;                 ; --       ; --           ;
; E14      ; 231        ; 7A       ; RESERVED_INPUT_WITH_WEAK_PULLUP ;        ;              ;                     ; Column I/O   ;                 ; no       ; On           ;
; E15      ; 215        ; 7A       ; RESERVED_INPUT_WITH_WEAK_PULLUP ;        ;              ;                     ; Column I/O   ;                 ; no       ; On           ;
; E16      ; 209        ; 7A       ; RESERVED_INPUT_WITH_WEAK_PULLUP ;        ;              ;                     ; Column I/O   ;                 ; no       ; On           ;
; E17      ;            ;          ; DNU                             ;        ;              ;                     ; --           ;                 ; --       ; --           ;
; E18      ;            ; 7A       ; VCCIO7A                         ; power  ;              ; 2.5V                ; --           ;                 ; --       ; --           ;
; E19      ;            ;          ; NC                              ;        ;              ;                     ; --           ;                 ; --       ; --           ;
; E20      ;            ;          ; NC                              ;        ;              ;                     ; --           ;                 ; --       ; --           ;
; E21      ;            ;          ; NC                              ;        ;              ;                     ; --           ;                 ; --       ; --           ;
; E22      ;            ;          ; NC                              ;        ;              ;                     ; --           ;                 ; --       ; --           ;
; F1       ;            ;          ; GND                             ; gnd    ;              ;                     ; --           ;                 ; --       ; --           ;
; F2       ;            ;          ; GND                             ; gnd    ;              ;                     ; --           ;                 ; --       ; --           ;
; F3       ; 291        ; 9A       ; ^MSEL4                          ;        ;              ;                     ; --           ;                 ; --       ; --           ;
; F4       ;            ; --       ; VCCA_FPLL                       ; power  ;              ; 2.5V                ; --           ;                 ; --       ; --           ;
; F5       ;            ;          ; GND                             ; gnd    ;              ;                     ; --           ;                 ; --       ; --           ;
; F6       ;            ;          ; GND                             ; gnd    ;              ;                     ; --           ;                 ; --       ; --           ;
; F7       ; 280        ; 8A       ; RESERVED_INPUT_WITH_WEAK_PULLUP ;        ;              ;                     ; Column I/O   ;                 ; no       ; On           ;
; F8       ;            ; --       ; VCCPGM                          ; power  ;              ; 1.8V/2.5V/3.0V/3.3V ; --           ;                 ; --       ; --           ;
; F9       ; 269        ; 8A       ; RESERVED_INPUT_WITH_WEAK_PULLUP ;        ;              ;                     ; Column I/O   ;                 ; no       ; On           ;
; F10      ; 253        ; 8A       ; RESERVED_INPUT_WITH_WEAK_PULLUP ;        ;              ;                     ; Column I/O   ;                 ; no       ; On           ;
; F11      ;            ; 7A       ; VCCIO7A                         ; power  ;              ; 2.5V                ; --           ;                 ; --       ; --           ;
; F12      ; 238        ; 7A       ; RESERVED_INPUT_WITH_WEAK_PULLUP ;        ;              ;                     ; Column I/O   ;                 ; no       ; On           ;
; F13      ; 233        ; 7A       ; RESERVED_INPUT_WITH_WEAK_PULLUP ;        ;              ;                     ; Column I/O   ;                 ; no       ; On           ;
; F14      ; 226        ; 7A       ; RESERVED_INPUT_WITH_WEAK_PULLUP ;        ;              ;                     ; Column I/O   ;                 ; no       ; On           ;
; F15      ; 217        ; 7A       ; RESERVED_INPUT_WITH_WEAK_PULLUP ;        ;              ;                     ; Column I/O   ;                 ; no       ; On           ;
; F16      ;            ;          ; GND                             ; gnd    ;              ;                     ; --           ;                 ; --       ; --           ;
; F17      ; 202        ; 7A       ; ^GND                            ;        ;              ;                     ; --           ;                 ; --       ; --           ;
; F18      ;            ;          ; NC                              ;        ;              ;                     ; --           ;                 ; --       ; --           ;
; F19      ;            ;          ; NC                              ;        ;              ;                     ; --           ;                 ; --       ; --           ;
; F20      ;            ;          ; NC                              ;        ;              ;                     ; --           ;                 ; --       ; --           ;
; F21      ;            ; 7A       ; VCCIO7A                         ; power  ;              ; 2.5V                ; --           ;                 ; --       ; --           ;
; F22      ;            ;          ; NC                              ;        ;              ;                     ; --           ;                 ; --       ; --           ;
; G1       ; 17         ; 2A       ; RESERVED_INPUT_WITH_WEAK_PULLUP ;        ;              ;                     ; Row I/O      ;                 ; no       ; On           ;
; G2       ; 19         ; 2A       ; RESERVED_INPUT_WITH_WEAK_PULLUP ;        ;              ;                     ; Row I/O      ;                 ; no       ; On           ;
; G3       ;            ;          ; GND                             ; gnd    ;              ;                     ; --           ;                 ; --       ; --           ;
; G4       ;            ;          ; GND                             ; gnd    ;              ;                     ; --           ;                 ; --       ; --           ;
; G5       ; 287        ; 9A       ; ^nCE                            ;        ;              ;                     ; --           ;                 ; --       ; --           ;
; G6       ; 279        ; 8A       ; RESERVED_INPUT_WITH_WEAK_PULLUP ;        ;              ;                     ; Column I/O   ;                 ; no       ; On           ;
; G7       ;            ; 8A       ; VCCIO8A                         ; power  ;              ; 2.5V                ; --           ;                 ; --       ; --           ;
; G8       ; 258        ; 8A       ; RESERVED_INPUT_WITH_WEAK_PULLUP ;        ;              ;                     ; Column I/O   ;                 ; no       ; On           ;
; G9       ;            ;          ; GND                             ; gnd    ;              ;                     ; --           ;                 ; --       ; --           ;
; G10      ; 251        ; 8A       ; RESERVED_INPUT_WITH_WEAK_PULLUP ;        ;              ;                     ; Column I/O   ;                 ; no       ; On           ;
; G11      ; 236        ; 7A       ; RESERVED_INPUT_WITH_WEAK_PULLUP ;        ;              ;                     ; Column I/O   ;                 ; no       ; On           ;
; G12      ; 245        ; 7A       ; RESERVED_INPUT_WITH_WEAK_PULLUP ;        ;              ;                     ; Column I/O   ;                 ; no       ; On           ;
; G13      ; 237        ; 7A       ; RESERVED_INPUT_WITH_WEAK_PULLUP ;        ;              ;                     ; Column I/O   ;                 ; no       ; On           ;
; G14      ;            ; 7A       ; VCCIO7A                         ; power  ;              ; 2.5V                ; --           ;                 ; --       ; --           ;
; G15      ; 224        ; 7A       ; RESERVED_INPUT_WITH_WEAK_PULLUP ;        ;              ;                     ; Column I/O   ;                 ; no       ; On           ;
; G16      ; 210        ; 7A       ; RESERVED_INPUT_WITH_WEAK_PULLUP ;        ;              ;                     ; Column I/O   ;                 ; no       ; On           ;
; G17      ; 208        ; 7A       ; RESERVED_INPUT_WITH_WEAK_PULLUP ;        ;              ;                     ; Column I/O   ;                 ; no       ; On           ;
; G18      ; 211        ; 7A       ; RESERVED_INPUT_WITH_WEAK_PULLUP ;        ;              ;                     ; Column I/O   ;                 ; no       ; On           ;
; G19      ;            ;          ; GND                             ; gnd    ;              ;                     ; --           ;                 ; --       ; --           ;
; G20      ;            ;          ; NC                              ;        ;              ;                     ; --           ;                 ; --       ; --           ;
; G21      ;            ;          ; NC                              ;        ;              ;                     ; --           ;                 ; --       ; --           ;
; G22      ;            ;          ; NC                              ;        ;              ;                     ; --           ;                 ; --       ; --           ;
; H1       ;            ;          ; GND                             ; gnd    ;              ;                     ; --           ;                 ; --       ; --           ;
; H2       ;            ;          ; GND                             ; gnd    ;              ;                     ; --           ;                 ; --       ; --           ;
; H3       ;            ;          ; GND                             ; gnd    ;              ;                     ; --           ;                 ; --       ; --           ;
; H4       ;            ;          ; GND                             ; gnd    ;              ;                     ; --           ;                 ; --       ; --           ;
; H5       ; 286        ; 9A       ; ^nSTATUS                        ;        ;              ;                     ; --           ;                 ; --       ; --           ;
; H6       ; 281        ; 8A       ; RESERVED_INPUT_WITH_WEAK_PULLUP ;        ;              ;                     ; Column I/O   ;                 ; no       ; On           ;
; H7       ;            ;          ; GND                             ; gnd    ;              ;                     ; --           ;                 ; --       ; --           ;
; H8       ; 256        ; 8A       ; RESERVED_INPUT_WITH_WEAK_PULLUP ;        ;              ;                     ; Column I/O   ;                 ; no       ; On           ;
; H9       ; 261        ; 8A       ; RESERVED_INPUT_WITH_WEAK_PULLUP ;        ;              ;                     ; Column I/O   ;                 ; no       ; On           ;
; H10      ; 234        ; 7A       ; RESERVED_INPUT_WITH_WEAK_PULLUP ;        ;              ;                     ; Column I/O   ;                 ; no       ; On           ;
; H11      ; 243        ; 7A       ; RESERVED_INPUT_WITH_WEAK_PULLUP ;        ;              ;                     ; Column I/O   ;                 ; no       ; On           ;
; H12      ;            ;          ; GND                             ; gnd    ;              ;                     ; --           ;                 ; --       ; --           ;
; H13      ; 235        ; 7A       ; RESERVED_INPUT_WITH_WEAK_PULLUP ;        ;              ;                     ; Column I/O   ;                 ; no       ; On           ;
; H14      ; 227        ; 7A       ; RESERVED_INPUT_WITH_WEAK_PULLUP ;        ;              ;                     ; Column I/O   ;                 ; no       ; On           ;
; H15      ; 221        ; 7A       ; RESERVED_INPUT_WITH_WEAK_PULLUP ;        ;              ;                     ; Column I/O   ;                 ; no       ; On           ;
; H16      ; 219        ; 7A       ; RESERVED_INPUT_WITH_WEAK_PULLUP ;        ;              ;                     ; Column I/O   ;                 ; no       ; On           ;
; H17      ;            ; 7A       ; VCCIO7A                         ; power  ;              ; 2.5V                ; --           ;                 ; --       ; --           ;
; H18      ; 213        ; 7A       ; RESERVED_INPUT_WITH_WEAK_PULLUP ;        ;              ;                     ; Column I/O   ;                 ; no       ; On           ;
; H19      ;            ; --       ; VCCA_FPLL                       ; power  ;              ; 2.5V                ; --           ;                 ; --       ; --           ;
; H20      ;            ;          ; NC                              ;        ;              ;                     ; --           ;                 ; --       ; --           ;
; H21      ;            ;          ; NC                              ;        ;              ;                     ; --           ;                 ; --       ; --           ;
; H22      ;            ;          ; GND                             ; gnd    ;              ;                     ; --           ;                 ; --       ; --           ;
; J1       ;            ; 2A       ; VCCIO2A                         ; power  ;              ; 2.5V                ; --           ;                 ; --       ; --           ;
; J2       ;            ; 1A, 2A   ; VCCPD1A2A                       ; power  ;              ; 2.5V                ; --           ;                 ; --       ; --           ;
; J3       ;            ;          ; GND                             ; gnd    ;              ;                     ; --           ;                 ; --       ; --           ;
; J4       ;            ; --       ; VCC                             ; power  ;              ; 1.1V                ; --           ;                 ; --       ; --           ;
; J5       ;            ;          ; GND                             ; gnd    ;              ;                     ; --           ;                 ; --       ; --           ;
; J6       ; 285        ; 9A       ; ^MSEL1                          ;        ;              ;                     ; --           ;                 ; --       ; --           ;
; J7       ; 255        ; 8A       ; RESERVED_INPUT_WITH_WEAK_PULLUP ;        ;              ;                     ; Column I/O   ;                 ; no       ; On           ;
; J8       ; 257        ; 8A       ; RESERVED_INPUT_WITH_WEAK_PULLUP ;        ;              ;                     ; Column I/O   ;                 ; no       ; On           ;
; J9       ; 259        ; 8A       ; RESERVED_INPUT_WITH_WEAK_PULLUP ;        ;              ;                     ; Column I/O   ;                 ; no       ; On           ;
; J10      ;            ; --       ; VCC                             ; power  ;              ; 1.1V                ; --           ;                 ; --       ; --           ;
; J11      ; 232        ; 7A       ; RESERVED_INPUT_WITH_WEAK_PULLUP ;        ;              ;                     ; Column I/O   ;                 ; no       ; On           ;
; J12      ;            ; --       ; VCC                             ; power  ;              ; 1.1V                ; --           ;                 ; --       ; --           ;
; J13      ; 229        ; 7A       ; RESERVED_INPUT_WITH_WEAK_PULLUP ;        ;              ;                     ; Column I/O   ;                 ; no       ; On           ;
; J14      ;            ; --       ; VCC                             ; power  ;              ; 1.1V                ; --           ;                 ; --       ; --           ;
; J15      ;            ;          ; GND                             ; gnd    ;              ;                     ; --           ;                 ; --       ; --           ;
; J16      ;            ; --       ; VCC                             ; power  ;              ; 1.1V                ; --           ;                 ; --       ; --           ;
; J17      ; 220        ; 7A       ; RESERVED_INPUT_WITH_WEAK_PULLUP ;        ;              ;                     ; Column I/O   ;                 ; no       ; On           ;
; J18      ; 214        ; 7A       ; RESERVED_INPUT_WITH_WEAK_PULLUP ;        ;              ;                     ; Column I/O   ;                 ; no       ; On           ;
; J19      ; 212        ; 7A       ; RESERVED_INPUT_WITH_WEAK_PULLUP ;        ;              ;                     ; Column I/O   ;                 ; no       ; On           ;
; J20      ;            ;          ; GND                             ; gnd    ;              ;                     ; --           ;                 ; --       ; --           ;
; J21      ;            ;          ; NC                              ;        ;              ;                     ; --           ;                 ; --       ; --           ;
; J22      ;            ;          ; NC                              ;        ;              ;                     ; --           ;                 ; --       ; --           ;
; K1       ;            ;          ; GND                             ; gnd    ;              ;                     ; --           ;                 ; --       ; --           ;
; K2       ;            ;          ; GND                             ; gnd    ;              ;                     ; --           ;                 ; --       ; --           ;
; K3       ;            ; --       ; VCC                             ; power  ;              ; 1.1V                ; --           ;                 ; --       ; --           ;
; K4       ;            ;          ; GND                             ; gnd    ;              ;                     ; --           ;                 ; --       ; --           ;
; K5       ;            ; --       ; VCC                             ; power  ;              ; 1.1V                ; --           ;                 ; --       ; --           ;
; K6       ; 284        ; 9A       ; ^CONF_DONE                      ;        ;              ;                     ; --           ;                 ; --       ; --           ;
; K7       ; 254        ; 8A       ; RESERVED_INPUT_WITH_WEAK_PULLUP ;        ;              ;                     ; Column I/O   ;                 ; no       ; On           ;
; K8       ;            ;          ; GND                             ; gnd    ;              ;                     ; --           ;                 ; --       ; --           ;
; K9       ; 246        ; 7A       ; RESERVED_INPUT_WITH_WEAK_PULLUP ;        ;              ;                     ; Column I/O   ;                 ; no       ; On           ;
; K10      ;            ;          ; GND                             ; gnd    ;              ;                     ; --           ;                 ; --       ; --           ;
; K11      ;            ; --       ; VCC                             ; power  ;              ; 1.1V                ; --           ;                 ; --       ; --           ;
; K12      ;            ;          ; GND                             ; gnd    ;              ;                     ; --           ;                 ; --       ; --           ;
; K13      ;            ; --       ; VCC                             ; power  ;              ; 1.1V                ; --           ;                 ; --       ; --           ;
; K14      ;            ;          ; GND                             ; gnd    ;              ;                     ; --           ;                 ; --       ; --           ;
; K15      ;            ; --       ; VCC                             ; power  ;              ; 1.1V                ; --           ;                 ; --       ; --           ;
; K16      ; 222        ; 7A       ; RESERVED_INPUT_WITH_WEAK_PULLUP ;        ;              ;                     ; Column I/O   ;                 ; no       ; On           ;
; K17      ; 178        ; 5B       ; RESERVED_INPUT_WITH_WEAK_PULLUP ;        ;              ;                     ; Row I/O      ;                 ; no       ; On           ;
; K18      ;            ; 5B       ; VCCIO5B                         ; power  ;              ; 2.5V                ; --           ;                 ; --       ; --           ;
; K19      ; 205        ; 7A       ; RESERVED_INPUT_WITH_WEAK_PULLUP ;        ;              ;                     ; Column I/O   ;                 ; no       ; On           ;
; K20      ; 203        ; 7A       ; RESERVED_INPUT_WITH_WEAK_PULLUP ;        ;              ;                     ; Column I/O   ;                 ; no       ; On           ;
; K21      ; 183        ; 5B       ; RESERVED_INPUT_WITH_WEAK_PULLUP ;        ;              ;                     ; Row I/O      ;                 ; no       ; On           ;
; K22      ; 185        ; 5B       ; RESERVED_INPUT_WITH_WEAK_PULLUP ;        ;              ;                     ; Row I/O      ;                 ; no       ; On           ;
; L1       ; 21         ; 2A       ; RESERVED_INPUT_WITH_WEAK_PULLUP ;        ;              ;                     ; Row I/O      ;                 ; no       ; On           ;
; L2       ; 23         ; 2A       ; RESERVED_INPUT_WITH_WEAK_PULLUP ;        ;              ;                     ; Row I/O      ;                 ; no       ; On           ;
; L3       ;            ;          ; GND                             ; gnd    ;              ;                     ; --           ;                 ; --       ; --           ;
; L4       ;            ; --       ; VCC                             ; power  ;              ; 1.1V                ; --           ;                 ; --       ; --           ;
; L5       ;            ;          ; GND                             ; gnd    ;              ;                     ; --           ;                 ; --       ; --           ;
; L6       ; 283        ; 9A       ; ^MSEL0                          ;        ;              ;                     ; --           ;                 ; --       ; --           ;
; L7       ; 252        ; 8A       ; RESERVED_INPUT_WITH_WEAK_PULLUP ;        ;              ;                     ; Column I/O   ;                 ; no       ; On           ;
; L8       ; 244        ; 7A       ; RESERVED_INPUT_WITH_WEAK_PULLUP ;        ;              ;                     ; Column I/O   ;                 ; no       ; On           ;
; L9       ;            ;          ; DNU                             ;        ;              ;                     ; --           ;                 ; --       ; --           ;
; L10      ;            ; --       ; VCC                             ; power  ;              ; 1.1V                ; --           ;                 ; --       ; --           ;
; L11      ;            ;          ; GND                             ; gnd    ;              ;                     ; --           ;                 ; --       ; --           ;
; L12      ;            ; --       ; VCC                             ; power  ;              ; 1.1V                ; --           ;                 ; --       ; --           ;
; L13      ;            ;          ; GND                             ; gnd    ;              ;                     ; --           ;                 ; --       ; --           ;
; L14      ;            ; --       ; VCC                             ; power  ;              ; 1.1V                ; --           ;                 ; --       ; --           ;
; L15      ;            ;          ; GND                             ; gnd    ;              ;                     ; --           ;                 ; --       ; --           ;
; L16      ;            ; --       ; VCC                             ; power  ;              ; 1.1V                ; --           ;                 ; --       ; --           ;
; L17      ; 180        ; 5B       ; RESERVED_INPUT_WITH_WEAK_PULLUP ;        ;              ;                     ; Row I/O      ;                 ; no       ; On           ;
; L18      ; 184        ; 5B       ; RESERVED_INPUT_WITH_WEAK_PULLUP ;        ;              ;                     ; Row I/O      ;                 ; no       ; On           ;
; L19      ; 182        ; 5B       ; RESERVED_INPUT_WITH_WEAK_PULLUP ;        ;              ;                     ; Row I/O      ;                 ; no       ; On           ;
; L20      ;            ; 5B       ; VREFB5BN0                       ; power  ;              ;                     ; --           ;                 ; --       ; --           ;
; L21      ;            ;          ; GND                             ; gnd    ;              ;                     ; --           ;                 ; --       ; --           ;
; L22      ; 177        ; 5B       ; RESERVED_INPUT_WITH_WEAK_PULLUP ;        ;              ;                     ; Row I/O      ;                 ; no       ; On           ;
; M1       ;            ;          ; GND                             ; gnd    ;              ;                     ; --           ;                 ; --       ; --           ;
; M2       ;            ;          ; GND                             ; gnd    ;              ;                     ; --           ;                 ; --       ; --           ;
; M3       ;            ; --       ; VCCA_FPLL                       ; power  ;              ; 2.5V                ; --           ;                 ; --       ; --           ;
; M4       ;            ;          ; GND                             ; gnd    ;              ;                     ; --           ;                 ; --       ; --           ;
; M5       ; 48         ; 3A       ; altera_reserved_tdo             ; output ; 2.5 V        ;                     ; --           ; N               ; no       ; Off          ;
; M6       ; 70         ; 3A       ; RESERVED_INPUT_WITH_WEAK_PULLUP ;        ;              ;                     ; Column I/O   ;                 ; no       ; On           ;
; M7       ; 72         ; 3A       ; RESERVED_INPUT_WITH_WEAK_PULLUP ;        ;              ;                     ; Column I/O   ;                 ; no       ; On           ;
; M8       ; 86         ; 3B       ; RESERVED_INPUT_WITH_WEAK_PULLUP ;        ;              ;                     ; Column I/O   ;                 ; no       ; On           ;
; M9       ; 88         ; 3B       ; clk                             ; input  ; 2.5 V        ;                     ; Column I/O   ; Y               ; no       ; Off          ;
; M10      ;            ;          ; GND                             ; gnd    ;              ;                     ; --           ;                 ; --       ; --           ;
; M11      ;            ; --       ; VCC                             ; power  ;              ; 1.1V                ; --           ;                 ; --       ; --           ;
; M12      ;            ;          ; GND                             ; gnd    ;              ;                     ; --           ;                 ; --       ; --           ;
; M13      ;            ; --       ; VCC                             ; power  ;              ; 1.1V                ; --           ;                 ; --       ; --           ;
; M14      ;            ;          ; GND                             ; gnd    ;              ;                     ; --           ;                 ; --       ; --           ;
; M15      ;            ; --       ; VCC                             ; power  ;              ; 1.1V                ; --           ;                 ; --       ; --           ;
; M16      ; 172        ; 5B       ; RESERVED_INPUT_WITH_WEAK_PULLUP ;        ;              ;                     ; Row I/O      ;                 ; no       ; On           ;
; M17      ;            ; 5B       ; VCCPD5B                         ; power  ;              ; 2.5V                ; --           ;                 ; --       ; --           ;
; M18      ; 176        ; 5B       ; RESERVED_INPUT_WITH_WEAK_PULLUP ;        ;              ;                     ; Row I/O      ;                 ; no       ; On           ;
; M19      ;            ; 5B       ; VCCIO5B                         ; power  ;              ; 2.5V                ; --           ;                 ; --       ; --           ;
; M20      ; 179        ; 5B       ; RESERVED_INPUT_WITH_WEAK_PULLUP ;        ;              ;                     ; Row I/O      ;                 ; no       ; On           ;
; M21      ; 181        ; 5B       ; RESERVED_INPUT_WITH_WEAK_PULLUP ;        ;              ;                     ; Row I/O      ;                 ; no       ; On           ;
; M22      ; 175        ; 5B       ; RESERVED_INPUT_WITH_WEAK_PULLUP ;        ;              ;                     ; Row I/O      ;                 ; no       ; On           ;
; N1       ; 24         ; 2A       ; RESERVED_INPUT_WITH_WEAK_PULLUP ;        ;              ;                     ; Row I/O      ;                 ; no       ; On           ;
; N2       ; 26         ; 2A       ; RESERVED_INPUT_WITH_WEAK_PULLUP ;        ;              ;                     ; Row I/O      ;                 ; no       ; On           ;
; N3       ;            ;          ; GND                             ; gnd    ;              ;                     ; --           ;                 ; --       ; --           ;
; N4       ;            ; --       ; VCC                             ; power  ;              ; 1.1V                ; --           ;                 ; --       ; --           ;
; N5       ;            ;          ; GND                             ; gnd    ;              ;                     ; --           ;                 ; --       ; --           ;
; N6       ; 64         ; 3A       ; RESERVED_INPUT_WITH_WEAK_PULLUP ;        ;              ;                     ; Column I/O   ;                 ; no       ; On           ;
; N7       ;            ;          ; GND                             ; gnd    ;              ;                     ; --           ;                 ; --       ; --           ;
; N8       ; 80         ; 3B       ; RESERVED_INPUT_WITH_WEAK_PULLUP ;        ;              ;                     ; Column I/O   ;                 ; no       ; On           ;
; N9       ; 104        ; 3B       ; RESERVED_INPUT_WITH_WEAK_PULLUP ;        ;              ;                     ; Column I/O   ;                 ; no       ; On           ;
; N10      ;            ; --       ; VCC                             ; power  ;              ; 1.1V                ; --           ;                 ; --       ; --           ;
; N11      ;            ;          ; GND                             ; gnd    ;              ;                     ; --           ;                 ; --       ; --           ;
; N12      ;            ; --       ; VCC                             ; power  ;              ; 1.1V                ; --           ;                 ; --       ; --           ;
; N13      ;            ;          ; GND                             ; gnd    ;              ;                     ; --           ;                 ; --       ; --           ;
; N14      ;            ; --       ; VCC                             ; power  ;              ; 1.1V                ; --           ;                 ; --       ; --           ;
; N15      ;            ;          ; GND                             ; gnd    ;              ;                     ; --           ;                 ; --       ; --           ;
; N16      ; 170        ; 5B       ; RESERVED_INPUT_WITH_WEAK_PULLUP ;        ;              ;                     ; Row I/O      ;                 ; no       ; On           ;
; N17      ;            ;          ; GND                             ; gnd    ;              ;                     ; --           ;                 ; --       ; --           ;
; N18      ;            ; 5B       ; VCCPD5B                         ; power  ;              ; 2.5V                ; --           ;                 ; --       ; --           ;
; N19      ; 174        ; 5B       ; RESERVED_INPUT_WITH_WEAK_PULLUP ;        ;              ;                     ; Row I/O      ;                 ; no       ; On           ;
; N20      ; 171        ; 5B       ; RESERVED_INPUT_WITH_WEAK_PULLUP ;        ;              ;                     ; Row I/O      ;                 ; no       ; On           ;
; N21      ; 173        ; 5B       ; RESERVED_INPUT_WITH_WEAK_PULLUP ;        ;              ;                     ; Row I/O      ;                 ; no       ; On           ;
; N22      ;            ;          ; GND                             ; gnd    ;              ;                     ; --           ;                 ; --       ; --           ;
; P1       ;            ;          ; GND                             ; gnd    ;              ;                     ; --           ;                 ; --       ; --           ;
; P2       ;            ;          ; GND                             ; gnd    ;              ;                     ; --           ;                 ; --       ; --           ;
; P3       ;            ; --       ; VCC                             ; power  ;              ; 1.1V                ; --           ;                 ; --       ; --           ;
; P4       ;            ;          ; GND                             ; gnd    ;              ;                     ; --           ;                 ; --       ; --           ;
; P5       ; 50         ; 3A       ; altera_reserved_tms             ; input  ; 2.5 V        ;                     ; --           ; N               ; no       ; Off          ;
; P6       ; 62         ; 3A       ; RESERVED_INPUT_WITH_WEAK_PULLUP ;        ;              ;                     ; Column I/O   ;                 ; no       ; On           ;
; P7       ; 73         ; 3A       ; RESERVED_INPUT_WITH_WEAK_PULLUP ;        ;              ;                     ; Column I/O   ;                 ; no       ; On           ;
; P8       ; 78         ; 3B       ; RESERVED_INPUT_WITH_WEAK_PULLUP ;        ;              ;                     ; Column I/O   ;                 ; no       ; On           ;
; P9       ; 102        ; 3B       ; RESERVED_INPUT_WITH_WEAK_PULLUP ;        ;              ;                     ; Column I/O   ;                 ; no       ; On           ;
; P10      ;            ;          ; GND                             ; gnd    ;              ;                     ; --           ;                 ; --       ; --           ;
; P11      ;            ; --       ; VCC                             ; power  ;              ; 1.1V                ; --           ;                 ; --       ; --           ;
; P12      ; 97         ; 3B       ; RESERVED_INPUT_WITH_WEAK_PULLUP ;        ;              ;                     ; Column I/O   ;                 ; no       ; On           ;
; P13      ;            ; --       ; VCC                             ; power  ;              ; 1.1V                ; --           ;                 ; --       ; --           ;
; P14      ; 142        ; 4A       ; RESERVED_INPUT_WITH_WEAK_PULLUP ;        ;              ;                     ; Column I/O   ;                 ; no       ; On           ;
; P15      ;            ; --       ; VCC                             ; power  ;              ; 1.1V                ; --           ;                 ; --       ; --           ;
; P16      ; 167        ; 5A       ; RESERVED_INPUT_WITH_WEAK_PULLUP ;        ;              ;                     ; Row I/O      ;                 ; no       ; On           ;
; P17      ; 169        ; 5A       ; RESERVED_INPUT_WITH_WEAK_PULLUP ;        ;              ;                     ; Row I/O      ;                 ; no       ; On           ;
; P18      ; 168        ; 5A       ; RESERVED_INPUT_WITH_WEAK_PULLUP ;        ;              ;                     ; Row I/O      ;                 ; no       ; On           ;
; P19      ; 166        ; 5A       ; RESERVED_INPUT_WITH_WEAK_PULLUP ;        ;              ;                     ; Row I/O      ;                 ; no       ; On           ;
; P20      ;            ; 5A       ; VCCIO5A                         ; power  ;              ; 2.5V                ; --           ;                 ; --       ; --           ;
; P21      ;            ; 5A       ; VCCPD5A                         ; power  ;              ; 2.5V                ; --           ;                 ; --       ; --           ;
; P22      ; 164        ; 5A       ; RESERVED_INPUT_WITH_WEAK_PULLUP ;        ;              ;                     ; Row I/O      ;                 ; no       ; On           ;
; R1       ;            ; 2A       ; VCCIO2A                         ; power  ;              ; 2.5V                ; --           ;                 ; --       ; --           ;
; R2       ;            ; 1A, 2A   ; VCCPD1A2A                       ; power  ;              ; 2.5V                ; --           ;                 ; --       ; --           ;
; R3       ;            ;          ; GND                             ; gnd    ;              ;                     ; --           ;                 ; --       ; --           ;
; R4       ; 49         ; 3A       ; ^nCSO, DATA4                    ;        ;              ;                     ; Weak Pull Up ;                 ; --       ; On           ;
; R5       ; 60         ; 3A       ; RESERVED_INPUT_WITH_WEAK_PULLUP ;        ;              ;                     ; Column I/O   ;                 ; no       ; On           ;
; R6       ; 58         ; 3A       ; RESERVED_INPUT_WITH_WEAK_PULLUP ;        ;              ;                     ; Column I/O   ;                 ; no       ; On           ;
; R7       ; 71         ; 3A       ; RESERVED_INPUT_WITH_WEAK_PULLUP ;        ;              ;                     ; Column I/O   ;                 ; no       ; On           ;
; R8       ;            ; 3B       ; VCCIO3B                         ; power  ;              ; 2.5V                ; --           ;                 ; --       ; --           ;
; R9       ; 93         ; 3B       ; RESERVED_INPUT_WITH_WEAK_PULLUP ;        ;              ;                     ; Column I/O   ;                 ; no       ; On           ;
; R10      ; 99         ; 3B       ; RESERVED_INPUT_WITH_WEAK_PULLUP ;        ;              ;                     ; Column I/O   ;                 ; no       ; On           ;
; R11      ; 101        ; 3B       ; RESERVED_INPUT_WITH_WEAK_PULLUP ;        ;              ;                     ; Column I/O   ;                 ; no       ; On           ;
; R12      ; 95         ; 3B       ; RESERVED_INPUT_WITH_WEAK_PULLUP ;        ;              ;                     ; Column I/O   ;                 ; no       ; On           ;
; R13      ;            ;          ; GND                             ; gnd    ;              ;                     ; --           ;                 ; --       ; --           ;
; R14      ; 144        ; 4A       ; RESERVED_INPUT_WITH_WEAK_PULLUP ;        ;              ;                     ; Column I/O   ;                 ; no       ; On           ;
; R15      ; 161        ; 5A       ; RESERVED_INPUT_WITH_WEAK_PULLUP ;        ;              ;                     ; Row I/O      ;                 ; no       ; On           ;
; R16      ; 163        ; 5A       ; RESERVED_INPUT_WITH_WEAK_PULLUP ;        ;              ;                     ; Row I/O      ;                 ; no       ; On           ;
; R17      ; 165        ; 5A       ; RESERVED_INPUT_WITH_WEAK_PULLUP ;        ;              ;                     ; Row I/O      ;                 ; no       ; On           ;
; R18      ;            ; 5A       ; VCCIO5A                         ; power  ;              ; 2.5V                ; --           ;                 ; --       ; --           ;
; R19      ;            ; --       ; VCCPGM                          ; power  ;              ; 1.8V/2.5V/3.0V/3.3V ; --           ;                 ; --       ; --           ;
; R20      ;            ; 5A       ; VREFB5AN0                       ; power  ;              ;                     ; --           ;                 ; --       ; --           ;
; R21      ; 162        ; 5A       ; RESERVED_INPUT_WITH_WEAK_PULLUP ;        ;              ;                     ; Row I/O      ;                 ; no       ; On           ;
; R22      ; 160        ; 5A       ; RESERVED_INPUT_WITH_WEAK_PULLUP ;        ;              ;                     ; Row I/O      ;                 ; no       ; On           ;
; T1       ;            ;          ; GND                             ; gnd    ;              ;                     ; --           ;                 ; --       ; --           ;
; T2       ;            ;          ; GND                             ; gnd    ;              ;                     ; --           ;                 ; --       ; --           ;
; T3       ;            ; --       ; VCCA_FPLL                       ; power  ;              ; 2.5V                ; --           ;                 ; --       ; --           ;
; T4       ; 51         ; 3A       ; ^AS_DATA3, DATA3                ;        ;              ;                     ; Weak Pull Up ;                 ; --       ; On           ;
; T5       ;            ; --       ; VCCA_FPLL                       ; power  ;              ; 2.5V                ; --           ;                 ; --       ; --           ;
; T6       ;            ; 3A       ; VCCIO3A                         ; power  ;              ; 2.5V                ; --           ;                 ; --       ; --           ;
; T7       ; 66         ; 3A       ; RESERVED_INPUT_WITH_WEAK_PULLUP ;        ;              ;                     ; Column I/O   ;                 ; no       ; On           ;
; T8       ; 68         ; 3A       ; RESERVED_INPUT_WITH_WEAK_PULLUP ;        ;              ;                     ; Column I/O   ;                 ; no       ; On           ;
; T9       ; 83         ; 3B       ; RESERVED_INPUT_WITH_WEAK_PULLUP ;        ;              ;                     ; Column I/O   ;                 ; no       ; On           ;
; T10      ; 91         ; 3B       ; RESERVED_INPUT_WITH_WEAK_PULLUP ;        ;              ;                     ; Column I/O   ;                 ; no       ; On           ;
; T11      ;            ; 3B       ; VCCIO3B                         ; power  ;              ; 2.5V                ; --           ;                 ; --       ; --           ;
; T12      ; 110        ; 4A       ; RESERVED_INPUT_WITH_WEAK_PULLUP ;        ;              ;                     ; Column I/O   ;                 ; no       ; On           ;
; T13      ; 112        ; 4A       ; RESERVED_INPUT_WITH_WEAK_PULLUP ;        ;              ;                     ; Column I/O   ;                 ; no       ; On           ;
; T14      ; 126        ; 4A       ; RESERVED_INPUT_WITH_WEAK_PULLUP ;        ;              ;                     ; Column I/O   ;                 ; no       ; On           ;
; T15      ; 159        ; 5A       ; RESERVED_INPUT_WITH_WEAK_PULLUP ;        ;              ;                     ; Row I/O      ;                 ; no       ; On           ;
; T16      ;            ;          ; GND                             ; gnd    ;              ;                     ; --           ;                 ; --       ; --           ;
; T17      ; 157        ; 5A       ; RESERVED_INPUT_WITH_WEAK_PULLUP ;        ;              ;                     ; Row I/O      ;                 ; no       ; On           ;
; T18      ; 155        ; 5A       ; RESERVED_INPUT_WITH_WEAK_PULLUP ;        ;              ;                     ; Row I/O      ;                 ; no       ; On           ;
; T19      ; 154        ; 5A       ; RESERVED_INPUT_WITH_WEAK_PULLUP ;        ;              ;                     ; Row I/O      ;                 ; no       ; On           ;
; T20      ; 156        ; 5A       ; RESERVED_INPUT_WITH_WEAK_PULLUP ;        ;              ;                     ; Row I/O      ;                 ; no       ; On           ;
; T21      ;            ;          ; GND                             ; gnd    ;              ;                     ; --           ;                 ; --       ; --           ;
; T22      ; 158        ; 5A       ; RESERVED_INPUT_WITH_WEAK_PULLUP ;        ;              ;                     ; Row I/O      ;                 ; no       ; On           ;
; U1       ; 25         ; 2A       ; RESERVED_INPUT_WITH_WEAK_PULLUP ;        ;              ;                     ; Row I/O      ;                 ; no       ; On           ;
; U2       ; 27         ; 2A       ; RESERVED_INPUT_WITH_WEAK_PULLUP ;        ;              ;                     ; Row I/O      ;                 ; no       ; On           ;
; U3       ;            ;          ; GND                             ; gnd    ;              ;                     ; --           ;                 ; --       ; --           ;
; U4       ;            ;          ; GND                             ; gnd    ;              ;                     ; --           ;                 ; --       ; --           ;
; U5       ;            ;          ; GND                             ; gnd    ;              ;                     ; --           ;                 ; --       ; --           ;
; U6       ; 67         ; 3A       ; RESERVED_INPUT_WITH_WEAK_PULLUP ;        ;              ;                     ; Column I/O   ;                 ; no       ; On           ;
; U7       ; 59         ; 3A       ; RESERVED_INPUT_WITH_WEAK_PULLUP ;        ;              ;                     ; Column I/O   ;                 ; no       ; On           ;
; U8       ; 61         ; 3A       ; RESERVED_INPUT_WITH_WEAK_PULLUP ;        ;              ;                     ; Column I/O   ;                 ; no       ; On           ;
; U9       ;            ;          ; GND                             ; gnd    ;              ;                     ; --           ;                 ; --       ; --           ;
; U10      ; 85         ; 3B       ; RESERVED_INPUT_WITH_WEAK_PULLUP ;        ;              ;                     ; Column I/O   ;                 ; no       ; On           ;
; U11      ; 94         ; 3B       ; RESERVED_INPUT_WITH_WEAK_PULLUP ;        ;              ;                     ; Column I/O   ;                 ; no       ; On           ;
; U12      ; 96         ; 3B       ; RESERVED_INPUT_WITH_WEAK_PULLUP ;        ;              ;                     ; Column I/O   ;                 ; no       ; On           ;
; U13      ; 109        ; 4A       ; RESERVED_INPUT_WITH_WEAK_PULLUP ;        ;              ;                     ; Column I/O   ;                 ; no       ; On           ;
; U14      ;            ; 4A       ; VCCIO4A                         ; power  ;              ; 2.5V                ; --           ;                 ; --       ; --           ;
; U15      ; 128        ; 4A       ; RESERVED_INPUT_WITH_WEAK_PULLUP ;        ;              ;                     ; Column I/O   ;                 ; no       ; On           ;
; U16      ; 150        ; 4A       ; RESERVED_INPUT_WITH_WEAK_PULLUP ;        ;              ;                     ; Column I/O   ;                 ; no       ; On           ;
; U17      ; 152        ; 4A       ; RESERVED_INPUT_WITH_WEAK_PULLUP ;        ;              ;                     ; Column I/O   ;                 ; no       ; On           ;
; U18      ;            ; --       ; VCCA_FPLL                       ; power  ;              ; 2.5V                ; --           ;                 ; --       ; --           ;
; U19      ;            ; 4A       ; VCCIO4A                         ; power  ;              ; 2.5V                ; --           ;                 ; --       ; --           ;
; U20      ; 153        ; 4A       ; RESERVED_INPUT_WITH_WEAK_PULLUP ;        ;              ;                     ; Column I/O   ;                 ; no       ; On           ;
; U21      ; 151        ; 4A       ; RESERVED_INPUT_WITH_WEAK_PULLUP ;        ;              ;                     ; Column I/O   ;                 ; no       ; On           ;
; U22      ; 146        ; 4A       ; RESERVED_INPUT_WITH_WEAK_PULLUP ;        ;              ;                     ; Column I/O   ;                 ; no       ; On           ;
; V1       ;            ;          ; GND                             ; gnd    ;              ;                     ; --           ;                 ; --       ; --           ;
; V2       ;            ;          ; GND                             ; gnd    ;              ;                     ; --           ;                 ; --       ; --           ;
; V3       ; 56         ; 3A       ; ^DCLK                           ;        ;              ;                     ; Weak Pull Up ;                 ; --       ; On           ;
; V4       ;            ;          ; GND                             ; gnd    ;              ;                     ; --           ;                 ; --       ; --           ;
; V5       ; 52         ; 3A       ; altera_reserved_tck             ; input  ; 2.5 V        ;                     ; --           ; N               ; no       ; Off          ;
; V6       ; 69         ; 3A       ; RESERVED_INPUT_WITH_WEAK_PULLUP ;        ;              ;                     ; Column I/O   ;                 ; no       ; On           ;
; V7       ;            ;          ; GND                             ; gnd    ;              ;                     ; --           ;                 ; --       ; --           ;
; V8       ;            ; --       ; VCCPGM                          ; power  ;              ; 1.8V/2.5V/3.0V/3.3V ; --           ;                 ; --       ; --           ;
; V9       ; 75         ; 3B       ; RESERVED_INPUT_WITH_WEAK_PULLUP ;        ;              ;                     ; Column I/O   ;                 ; no       ; On           ;
; V10      ; 77         ; 3B       ; RESERVED_INPUT_WITH_WEAK_PULLUP ;        ;              ;                     ; Column I/O   ;                 ; no       ; On           ;
; V11      ;            ;          ; NC                              ;        ;              ;                     ; --           ;                 ; --       ; --           ;
; V12      ;            ;          ; GND                             ; gnd    ;              ;                     ; --           ;                 ; --       ; --           ;
; V13      ; 107        ; 4A       ; RESERVED_INPUT_WITH_WEAK_PULLUP ;        ;              ;                     ; Column I/O   ;                 ; no       ; On           ;
; V14      ; 118        ; 4A       ; RESERVED_INPUT_WITH_WEAK_PULLUP ;        ;              ;                     ; Column I/O   ;                 ; no       ; On           ;
; V15      ; 120        ; 4A       ; RESERVED_INPUT_WITH_WEAK_PULLUP ;        ;              ;                     ; Column I/O   ;                 ; no       ; On           ;
; V16      ; 134        ; 4A       ; RESERVED_INPUT_WITH_WEAK_PULLUP ;        ;              ;                     ; Column I/O   ;                 ; no       ; On           ;
; V17      ;            ;          ; GND                             ; gnd    ;              ;                     ; --           ;                 ; --       ; --           ;
; V18      ; 149        ; 4A       ; RESERVED_INPUT_WITH_WEAK_PULLUP ;        ;              ;                     ; Column I/O   ;                 ; no       ; On           ;
; V19      ; 147        ; 4A       ; RESERVED_INPUT_WITH_WEAK_PULLUP ;        ;              ;                     ; Column I/O   ;                 ; no       ; On           ;
; V20      ; 131        ; 4A       ; RESERVED_INPUT_WITH_WEAK_PULLUP ;        ;              ;                     ; Column I/O   ;                 ; no       ; On           ;
; V21      ; 148        ; 4A       ; RESERVED_INPUT_WITH_WEAK_PULLUP ;        ;              ;                     ; Column I/O   ;                 ; no       ; On           ;
; V22      ;            ;          ; GND                             ; gnd    ;              ;                     ; --           ;                 ; --       ; --           ;
; W1       ;            ; 2A       ; VREFB2AN0                       ; power  ;              ;                     ; --           ;                 ; --       ; --           ;
; W2       ; 28         ; 2A       ; RESERVED_INPUT_WITH_WEAK_PULLUP ;        ;              ;                     ; Row I/O      ;                 ; no       ; On           ;
; W3       ;            ;          ; GND                             ; gnd    ;              ;                     ; --           ;                 ; --       ; --           ;
; W4       ;            ;          ; GND                             ; gnd    ;              ;                     ; --           ;                 ; --       ; --           ;
; W5       ; 54         ; 3A       ; altera_reserved_tdi             ; input  ; 2.5 V        ;                     ; --           ; N               ; no       ; Off          ;
; W6       ;            ; 3A       ; VCCPD3A                         ; power  ;              ; 2.5V                ; --           ;                 ; --       ; --           ;
; W7       ;            ; --       ; VCC_AUX                         ; power  ;              ; 2.5V                ; --           ;                 ; --       ; --           ;
; W8       ; 63         ; 3A       ; RESERVED_INPUT_WITH_WEAK_PULLUP ;        ;              ;                     ; Column I/O   ;                 ; no       ; On           ;
; W9       ; 65         ; 3A       ; RESERVED_INPUT_WITH_WEAK_PULLUP ;        ;              ;                     ; Column I/O   ;                 ; no       ; On           ;
; W10      ;            ; 3B       ; VCCIO3B                         ; power  ;              ; 2.5V                ; --           ;                 ; --       ; --           ;
; W11      ;            ; 3B, 4A   ; VCCPD3B4A                       ; power  ;              ; 2.5V                ; --           ;                 ; --       ; --           ;
; W12      ;            ; 3B, 4A   ; VCCPD3B4A                       ; power  ;              ; 2.5V                ; --           ;                 ; --       ; --           ;
; W13      ;            ; --       ; VCC_AUX                         ; power  ;              ; 2.5V                ; --           ;                 ; --       ; --           ;
; W14      ;            ; 3B, 4A   ; VCCPD3B4A                       ; power  ;              ; 2.5V                ; --           ;                 ; --       ; --           ;
; W15      ;            ; 4A       ; VCCIO4A                         ; power  ;              ; 2.5V                ; --           ;                 ; --       ; --           ;
; W16      ; 136        ; 4A       ; RESERVED_INPUT_WITH_WEAK_PULLUP ;        ;              ;                     ; Column I/O   ;                 ; no       ; On           ;
; W17      ;            ; 3B, 4A   ; VCCPD3B4A                       ; power  ;              ; 2.5V                ; --           ;                 ; --       ; --           ;
; W18      ;            ; --       ; VCC_AUX                         ; power  ;              ; 2.5V                ; --           ;                 ; --       ; --           ;
; W19      ; 133        ; 4A       ; RESERVED_INPUT_WITH_WEAK_PULLUP ;        ;              ;                     ; Column I/O   ;                 ; no       ; On           ;
; W20      ;            ; 4A       ; VCCIO4A                         ; power  ;              ; 2.5V                ; --           ;                 ; --       ; --           ;
; W21      ; 145        ; 4A       ; RESERVED_INPUT_WITH_WEAK_PULLUP ;        ;              ;                     ; Column I/O   ;                 ; no       ; On           ;
; W22      ; 140        ; 4A       ; RESERVED_INPUT_WITH_WEAK_PULLUP ;        ;              ;                     ; Column I/O   ;                 ; no       ; On           ;
; Y1       ;            ;          ; GND                             ; gnd    ;              ;                     ; --           ;                 ; --       ; --           ;
; Y2       ;            ;          ; GND                             ; gnd    ;              ;                     ; --           ;                 ; --       ; --           ;
; Y3       ; 30         ; 2A       ; RESERVED_INPUT_WITH_WEAK_PULLUP ;        ;              ;                     ; Row I/O      ;                 ; no       ; On           ;
; Y4       ;            ; 2A       ; VCCIO2A                         ; power  ;              ; 2.5V                ; --           ;                 ; --       ; --           ;
; Y5       ;            ;          ; GND                             ; gnd    ;              ;                     ; --           ;                 ; --       ; --           ;
; Y6       ;            ;          ; NC                              ;        ;              ;                     ; --           ;                 ; --       ; --           ;
; Y7       ;            ; 3A       ; VREFB3AN0                       ; power  ;              ;                     ; --           ;                 ; --       ; --           ;
; Y8       ;            ; 3A       ; VCCIO3A                         ; power  ;              ; 2.5V                ; --           ;                 ; --       ; --           ;
; Y9       ; 92         ; 3B       ; RESERVED_INPUT_WITH_WEAK_PULLUP ;        ;              ;                     ; Column I/O   ;                 ; no       ; On           ;
; Y10      ; 90         ; 3B       ; RESERVED_INPUT_WITH_WEAK_PULLUP ;        ;              ;                     ; Column I/O   ;                 ; no       ; On           ;
; Y11      ; 103        ; 3B       ; RESERVED_INPUT_WITH_WEAK_PULLUP ;        ;              ;                     ; Column I/O   ;                 ; no       ; On           ;
; Y12      ;            ; 3B       ; VREFB3BN0                       ; power  ;              ;                     ; --           ;                 ; --       ; --           ;
; Y13      ;            ; 3B       ; VCCIO3B                         ; power  ;              ; 2.5V                ; --           ;                 ; --       ; --           ;
; Y14      ; 115        ; 4A       ; RESERVED_INPUT_WITH_WEAK_PULLUP ;        ;              ;                     ; Column I/O   ;                 ; no       ; On           ;
; Y15      ; 117        ; 4A       ; RESERVED_INPUT_WITH_WEAK_PULLUP ;        ;              ;                     ; Column I/O   ;                 ; no       ; On           ;
; Y16      ; 123        ; 4A       ; RESERVED_INPUT_WITH_WEAK_PULLUP ;        ;              ;                     ; Column I/O   ;                 ; no       ; On           ;
; Y17      ; 125        ; 4A       ; RESERVED_INPUT_WITH_WEAK_PULLUP ;        ;              ;                     ; Column I/O   ;                 ; no       ; On           ;
; Y18      ;            ;          ; GND                             ; gnd    ;              ;                     ; --           ;                 ; --       ; --           ;
; Y19      ; 141        ; 4A       ; RESERVED_INPUT_WITH_WEAK_PULLUP ;        ;              ;                     ; Column I/O   ;                 ; no       ; On           ;
; Y20      ; 139        ; 4A       ; RESERVED_INPUT_WITH_WEAK_PULLUP ;        ;              ;                     ; Column I/O   ;                 ; no       ; On           ;
; Y21      ; 143        ; 4A       ; RESERVED_INPUT_WITH_WEAK_PULLUP ;        ;              ;                     ; Column I/O   ;                 ; no       ; On           ;
; Y22      ; 138        ; 4A       ; RESERVED_INPUT_WITH_WEAK_PULLUP ;        ;              ;                     ; Column I/O   ;                 ; no       ; On           ;
+----------+------------+----------+---------------------------------+--------+--------------+---------------------+--------------+-----------------+----------+--------------+
Note: Pin directions (input, output or bidir) are based on device operating in user mode.


+------------------------------------------+
; I/O Assignment Warnings                  ;
+----------+-------------------------------+
; Pin Name ; Reason                        ;
+----------+-------------------------------+
; clk      ; Incomplete set of assignments ;
+----------+-------------------------------+


+----------------------------------------------------------------------------------------------------------------------------------------------------------------------------------------------------------------------------------------------------------------------------------------------------------------------------------------------------------------------------------------------------------------------------------------------------------------------------------------------------------------------------------------------------------------------------------------------------------------------------------------------------------------------------------------------------------------------------------------------------------------------------------------------------------------------------------------------------------------+
; Fitter Resource Utilization by Entity                                                                                                                                                                                                                                                                                                                                                                                                                                                                                                                                                                                                                                                                                                                                                                                                                          ;
+-----------------------------------------------------------------------------------------------------------------------------------------+----------------------+----------------------------------+---------------------------------------------------+----------------------------------+----------------------+---------------------+---------------------------+---------------+-------------------+-------+------------+------+--------------+-------------------------------------------------------------------------------------------------------------------------------------------------------------------------------------------------------------------------------------------------------------------------------------------------------------------------------------------------+--------------------------------------+--------------------+
; Compilation Hierarchy Node                                                                                                              ; ALMs needed [=A-B+C] ; [A] ALMs used in final placement ; [B] Estimate of ALMs recoverable by dense packing ; [C] Estimate of ALMs unavailable ; ALMs used for memory ; Combinational ALUTs ; Dedicated Logic Registers ; I/O Registers ; Block Memory Bits ; M10Ks ; DSP Blocks ; Pins ; Virtual Pins ; Full Hierarchy Name                                                                                                                                                                                                                                                                                                                             ; Entity Name                          ; Library Name       ;
+-----------------------------------------------------------------------------------------------------------------------------------------+----------------------+----------------------------------+---------------------------------------------------+----------------------------------+----------------------+---------------------+---------------------------+---------------+-------------------+-------+------------+------+--------------+-------------------------------------------------------------------------------------------------------------------------------------------------------------------------------------------------------------------------------------------------------------------------------------------------------------------------------------------------+--------------------------------------+--------------------+
; |top                                                                                                                                    ; 429.5 (4.0)          ; 511.0 (6.2)                      ; 82.5 (2.1)                                        ; 1.0 (0.0)                        ; 0.0 (0.0)            ; 693 (7)             ; 604 (12)                  ; 0 (0)         ; 66048             ; 9     ; 0          ; 1    ; 0            ; |top                                                                                                                                                                                                                                                                                                                                            ; top                                  ; work               ;
;    |jtag_bridge_system:bridge_sys_inst|                                                                                                 ; 367.1 (0.0)          ; 429.2 (0.0)                      ; 63.0 (0.0)                                        ; 1.0 (0.0)                        ; 0.0 (0.0)            ; 582 (0)             ; 510 (0)                   ; 0 (0)         ; 66048             ; 9     ; 0          ; 0    ; 0            ; |top|jtag_bridge_system:bridge_sys_inst                                                                                                                                                                                                                                                                                                         ; jtag_bridge_system                   ; jtag_bridge_system ;
;       |altera_reset_controller:rst_controller|                                                                                          ; 0.8 (0.0)            ; 0.9 (0.0)                        ; 0.1 (0.0)                                         ; 0.0 (0.0)                        ; 0.0 (0.0)            ; 1 (0)               ; 3 (0)                     ; 0 (0)         ; 0                 ; 0     ; 0          ; 0    ; 0            ; |top|jtag_bridge_system:bridge_sys_inst|altera_reset_controller:rst_controller                                                                                                                                                                                                                                                                  ; altera_reset_controller              ; jtag_bridge_system ;
;          |altera_reset_synchronizer:alt_rst_sync_uq1|                                                                                   ; 0.8 (0.8)            ; 0.9 (0.9)                        ; 0.1 (0.1)                                         ; 0.0 (0.0)                        ; 0.0 (0.0)            ; 1 (1)               ; 3 (3)                     ; 0 (0)         ; 0                 ; 0     ; 0          ; 0    ; 0            ; |top|jtag_bridge_system:bridge_sys_inst|altera_reset_controller:rst_controller|altera_reset_synchronizer:alt_rst_sync_uq1                                                                                                                                                                                                                       ; altera_reset_synchronizer            ; jtag_bridge_system ;
;       |capture_buffer:capture_buffer_0|                                                                                                 ; 35.0 (35.0)          ; 47.8 (47.8)                      ; 13.2 (13.2)                                       ; 0.4 (0.4)                        ; 0.0 (0.0)            ; 61 (61)             ; 72 (72)                   ; 0 (0)         ; 65536             ; 8     ; 0          ; 0    ; 0            ; |top|jtag_bridge_system:bridge_sys_inst|capture_buffer:capture_buffer_0                                                                                                                                                                                                                                                                         ; capture_buffer                       ; jtag_bridge_system ;
;          |altsyncram:mem_rtl_0|                                                                                                         ; 0.0 (0.0)            ; 0.0 (0.0)                        ; 0.0 (0.0)                                         ; 0.0 (0.0)                        ; 0.0 (0.0)            ; 0 (0)               ; 0 (0)                     ; 0 (0)         ; 65536             ; 8     ; 0          ; 0    ; 0            ; |top|jtag_bridge_system:bridge_sys_inst|capture_buffer:capture_buffer_0|altsyncram:mem_rtl_0                                                                                                                                                                                                                                                    ; altsyncram                           ; work               ;
;             |altsyncram_flo1:auto_generated|                                                                                            ; 0.0 (0.0)            ; 0.0 (0.0)                        ; 0.0 (0.0)                                         ; 0.0 (0.0)                        ; 0.0 (0.0)            ; 0 (0)               ; 0 (0)                     ; 0 (0)         ; 65536             ; 8     ; 0          ; 0    ; 0            ; |top|jtag_bridge_system:bridge_sys_inst|capture_buffer:capture_buffer_0|altsyncram:mem_rtl_0|altsyncram_flo1:auto_generated                                                                                                                                                                                                                     ; altsyncram_flo1                      ; work               ;
;       |jtag_bridge_system_master_0:master_0|                                                                                            ; 328.0 (0.0)          ; 376.8 (0.0)                      ; 49.4 (0.0)                                        ; 0.6 (0.0)                        ; 0.0 (0.0)            ; 518 (0)             ; 425 (0)                   ; 0 (0)         ; 512               ; 1     ; 0          ; 0    ; 0            ; |top|jtag_bridge_system:bridge_sys_inst|jtag_bridge_system_master_0:master_0                                                                                                                                                                                                                                                                    ; jtag_bridge_system_master_0          ; jtag_bridge_system ;
;          |altera_avalon_packets_to_master:transacto|                                                                                    ; 99.5 (0.0)           ; 101.4 (0.0)                      ; 2.5 (0.0)                                         ; 0.5 (0.0)                        ; 0.0 (0.0)            ; 167 (0)             ; 83 (0)                    ; 0 (0)         ; 0                 ; 0     ; 0          ; 0    ; 0            ; |top|jtag_bridge_system:bridge_sys_inst|jtag_bridge_system_master_0:master_0|altera_avalon_packets_to_master:transacto                                                                                                                                                                                                                          ; altera_avalon_packets_to_master      ; jtag_bridge_system ;
;             |packets_to_master:p2m|                                                                                                     ; 99.5 (99.5)          ; 101.4 (101.4)                    ; 2.5 (2.5)                                         ; 0.5 (0.5)                        ; 0.0 (0.0)            ; 167 (167)           ; 83 (83)                   ; 0 (0)         ; 0                 ; 0     ; 0          ; 0    ; 0            ; |top|jtag_bridge_system:bridge_sys_inst|jtag_bridge_system_master_0:master_0|altera_avalon_packets_to_master:transacto|packets_to_master:p2m                                                                                                                                                                                                    ; packets_to_master                    ; jtag_bridge_system ;
;          |altera_avalon_sc_fifo:fifo|                                                                                                   ; 15.7 (15.7)          ; 15.9 (15.9)                      ; 0.2 (0.2)                                         ; 0.0 (0.0)                        ; 0.0 (0.0)            ; 27 (27)             ; 17 (17)                   ; 0 (0)         ; 512               ; 1     ; 0          ; 0    ; 0            ; |top|jtag_bridge_system:bridge_sys_inst|jtag_bridge_system_master_0:master_0|altera_avalon_sc_fifo:fifo                                                                                                                                                                                                                                         ; altera_avalon_sc_fifo                ; jtag_bridge_system ;
;             |altsyncram:mem_rtl_0|                                                                                                      ; 0.0 (0.0)            ; 0.0 (0.0)                        ; 0.0 (0.0)                                         ; 0.0 (0.0)                        ; 0.0 (0.0)            ; 0 (0)               ; 0 (0)                     ; 0 (0)         ; 512               ; 1     ; 0          ; 0    ; 0            ; |top|jtag_bridge_system:bridge_sys_inst|jtag_bridge_system_master_0:master_0|altera_avalon_sc_fifo:fifo|altsyncram:mem_rtl_0                                                                                                                                                                                                                    ; altsyncram                           ; work               ;
;                |altsyncram_g0n1:auto_generated|                                                                                         ; 0.0 (0.0)            ; 0.0 (0.0)                        ; 0.0 (0.0)                                         ; 0.0 (0.0)                        ; 0.0 (0.0)            ; 0 (0)               ; 0 (0)                     ; 0 (0)         ; 512               ; 1     ; 0          ; 0    ; 0            ; |top|jtag_bridge_system:bridge_sys_inst|jtag_bridge_system_master_0:master_0|altera_avalon_sc_fifo:fifo|altsyncram:mem_rtl_0|altsyncram_g0n1:auto_generated                                                                                                                                                                                     ; altsyncram_g0n1                      ; work               ;
;          |altera_avalon_st_bytes_to_packets:b2p|                                                                                        ; 6.8 (6.8)            ; 9.3 (9.3)                        ; 2.5 (2.5)                                         ; 0.0 (0.0)                        ; 0.0 (0.0)            ; 11 (11)             ; 14 (14)                   ; 0 (0)         ; 0                 ; 0     ; 0          ; 0    ; 0            ; |top|jtag_bridge_system:bridge_sys_inst|jtag_bridge_system_master_0:master_0|altera_avalon_st_bytes_to_packets:b2p                                                                                                                                                                                                                              ; altera_avalon_st_bytes_to_packets    ; jtag_bridge_system ;
;          |altera_avalon_st_jtag_interface:jtag_phy_embedded_in_jtag_master|                                                             ; 190.0 (0.0)          ; 232.9 (0.0)                      ; 42.9 (0.0)                                        ; 0.0 (0.0)                        ; 0.0 (0.0)            ; 285 (0)             ; 293 (0)                   ; 0 (0)         ; 0                 ; 0     ; 0          ; 0    ; 0            ; |top|jtag_bridge_system:bridge_sys_inst|jtag_bridge_system_master_0:master_0|altera_avalon_st_jtag_interface:jtag_phy_embedded_in_jtag_master                                                                                                                                                                                                   ; altera_avalon_st_jtag_interface      ; jtag_bridge_system ;
;             |altera_jtag_dc_streaming:normal.jtag_dc_streaming|                                                                         ; 188.8 (0.0)          ; 231.6 (0.0)                      ; 42.8 (0.0)                                        ; 0.0 (0.0)                        ; 0.0 (0.0)            ; 282 (0)             ; 293 (0)                   ; 0 (0)         ; 0                 ; 0     ; 0          ; 0    ; 0            ; |top|jtag_bridge_system:bridge_sys_inst|jtag_bridge_system_master_0:master_0|altera_avalon_st_jtag_interface:jtag_phy_embedded_in_jtag_master|altera_jtag_dc_streaming:normal.jtag_dc_streaming                                                                                                                                                 ; altera_jtag_dc_streaming             ; jtag_bridge_system ;
;                |altera_avalon_st_clock_crosser:sink_crosser|                                                                            ; 13.9 (2.7)           ; 21.6 (8.9)                       ; 7.6 (6.2)                                         ; 0.0 (0.0)                        ; 0.0 (0.0)            ; 9 (4)               ; 48 (19)                   ; 0 (0)         ; 0                 ; 0     ; 0          ; 0    ; 0            ; |top|jtag_bridge_system:bridge_sys_inst|jtag_bridge_system_master_0:master_0|altera_avalon_st_jtag_interface:jtag_phy_embedded_in_jtag_master|altera_jtag_dc_streaming:normal.jtag_dc_streaming|altera_avalon_st_clock_crosser:sink_crosser                                                                                                     ; altera_avalon_st_clock_crosser       ; jtag_bridge_system ;
;                   |altera_avalon_st_pipeline_base:output_stage|                                                                         ; 8.4 (8.4)            ; 9.5 (9.5)                        ; 1.1 (1.1)                                         ; 0.0 (0.0)                        ; 0.0 (0.0)            ; 5 (5)               ; 18 (18)                   ; 0 (0)         ; 0                 ; 0     ; 0          ; 0    ; 0            ; |top|jtag_bridge_system:bridge_sys_inst|jtag_bridge_system_master_0:master_0|altera_avalon_st_jtag_interface:jtag_phy_embedded_in_jtag_master|altera_jtag_dc_streaming:normal.jtag_dc_streaming|altera_avalon_st_clock_crosser:sink_crosser|altera_avalon_st_pipeline_base:output_stage                                                         ; altera_avalon_st_pipeline_base       ; jtag_bridge_system ;
;                   |altera_std_synchronizer_nocut:in_to_out_synchronizer|                                                                ; 0.8 (0.8)            ; 0.8 (0.8)                        ; 0.0 (0.0)                                         ; 0.0 (0.0)                        ; 0.0 (0.0)            ; 0 (0)               ; 3 (3)                     ; 0 (0)         ; 0                 ; 0     ; 0          ; 0    ; 0            ; |top|jtag_bridge_system:bridge_sys_inst|jtag_bridge_system_master_0:master_0|altera_avalon_st_jtag_interface:jtag_phy_embedded_in_jtag_master|altera_jtag_dc_streaming:normal.jtag_dc_streaming|altera_avalon_st_clock_crosser:sink_crosser|altera_std_synchronizer_nocut:in_to_out_synchronizer                                                ; altera_std_synchronizer_nocut        ; jtag_bridge_system ;
;                   |altera_std_synchronizer_nocut:out_to_in_synchronizer|                                                                ; 2.0 (2.0)            ; 2.3 (2.3)                        ; 0.3 (0.3)                                         ; 0.0 (0.0)                        ; 0.0 (0.0)            ; 0 (0)               ; 8 (8)                     ; 0 (0)         ; 0                 ; 0     ; 0          ; 0    ; 0            ; |top|jtag_bridge_system:bridge_sys_inst|jtag_bridge_system_master_0:master_0|altera_avalon_st_jtag_interface:jtag_phy_embedded_in_jtag_master|altera_jtag_dc_streaming:normal.jtag_dc_streaming|altera_avalon_st_clock_crosser:sink_crosser|altera_std_synchronizer_nocut:out_to_in_synchronizer                                                ; altera_std_synchronizer_nocut        ; jtag_bridge_system ;
;                |altera_jtag_src_crosser:source_crosser|                                                                                 ; 0.9 (0.8)            ; 11.8 (7.3)                       ; 10.8 (6.5)                                        ; 0.0 (0.0)                        ; 0.0 (0.0)            ; 1 (0)               ; 27 (18)                   ; 0 (0)         ; 0                 ; 0     ; 0          ; 0    ; 0            ; |top|jtag_bridge_system:bridge_sys_inst|jtag_bridge_system_master_0:master_0|altera_avalon_st_jtag_interface:jtag_phy_embedded_in_jtag_master|altera_jtag_dc_streaming:normal.jtag_dc_streaming|altera_jtag_src_crosser:source_crosser                                                                                                          ; altera_jtag_src_crosser              ; jtag_bridge_system ;
;                   |altera_jtag_control_signal_crosser:crosser|                                                                          ; 0.2 (0.2)            ; 4.5 (0.5)                        ; 4.3 (0.3)                                         ; 0.0 (0.0)                        ; 0.0 (0.0)            ; 1 (1)               ; 9 (1)                     ; 0 (0)         ; 0                 ; 0     ; 0          ; 0    ; 0            ; |top|jtag_bridge_system:bridge_sys_inst|jtag_bridge_system_master_0:master_0|altera_avalon_st_jtag_interface:jtag_phy_embedded_in_jtag_master|altera_jtag_dc_streaming:normal.jtag_dc_streaming|altera_jtag_src_crosser:source_crosser|altera_jtag_control_signal_crosser:crosser                                                               ; altera_jtag_control_signal_crosser   ; jtag_bridge_system ;
;                      |altera_std_synchronizer:synchronizer|                                                                             ; 0.0 (0.0)            ; 4.0 (4.0)                        ; 4.0 (4.0)                                         ; 0.0 (0.0)                        ; 0.0 (0.0)            ; 0 (0)               ; 8 (8)                     ; 0 (0)         ; 0                 ; 0     ; 0          ; 0    ; 0            ; |top|jtag_bridge_system:bridge_sys_inst|jtag_bridge_system_master_0:master_0|altera_avalon_st_jtag_interface:jtag_phy_embedded_in_jtag_master|altera_jtag_dc_streaming:normal.jtag_dc_streaming|altera_jtag_src_crosser:source_crosser|altera_jtag_control_signal_crosser:crosser|altera_std_synchronizer:synchronizer                          ; altera_std_synchronizer              ; work               ;
;                |altera_jtag_streaming:jtag_streaming|                                                                                   ; 173.8 (169.7)        ; 197.2 (185.6)                    ; 23.3 (15.9)                                       ; 0.0 (0.0)                        ; 0.0 (0.0)            ; 271 (264)           ; 215 (196)                 ; 0 (0)         ; 0                 ; 0     ; 0          ; 0    ; 0            ; |top|jtag_bridge_system:bridge_sys_inst|jtag_bridge_system_master_0:master_0|altera_avalon_st_jtag_interface:jtag_phy_embedded_in_jtag_master|altera_jtag_dc_streaming:normal.jtag_dc_streaming|altera_jtag_streaming:jtag_streaming                                                                                                            ; altera_jtag_streaming                ; jtag_bridge_system ;
;                   |altera_avalon_st_idle_inserter:idle_inserter|                                                                        ; 1.2 (1.2)            ; 1.2 (1.2)                        ; 0.0 (0.0)                                         ; 0.0 (0.0)                        ; 0.0 (0.0)            ; 2 (2)               ; 1 (1)                     ; 0 (0)         ; 0                 ; 0     ; 0          ; 0    ; 0            ; |top|jtag_bridge_system:bridge_sys_inst|jtag_bridge_system_master_0:master_0|altera_avalon_st_jtag_interface:jtag_phy_embedded_in_jtag_master|altera_jtag_dc_streaming:normal.jtag_dc_streaming|altera_jtag_streaming:jtag_streaming|altera_avalon_st_idle_inserter:idle_inserter                                                               ; altera_avalon_st_idle_inserter       ; jtag_bridge_system ;
;                   |altera_avalon_st_idle_remover:idle_remover|                                                                          ; 2.1 (2.1)            ; 2.5 (2.5)                        ; 0.4 (0.4)                                         ; 0.0 (0.0)                        ; 0.0 (0.0)            ; 4 (4)               ; 1 (1)                     ; 0 (0)         ; 0                 ; 0     ; 0          ; 0    ; 0            ; |top|jtag_bridge_system:bridge_sys_inst|jtag_bridge_system_master_0:master_0|altera_avalon_st_jtag_interface:jtag_phy_embedded_in_jtag_master|altera_jtag_dc_streaming:normal.jtag_dc_streaming|altera_jtag_streaming:jtag_streaming|altera_avalon_st_idle_remover:idle_remover                                                                 ; altera_avalon_st_idle_remover        ; jtag_bridge_system ;
;                   |altera_std_synchronizer:clock_sense_reset_n_synchronizer|                                                            ; 0.0 (0.0)            ; 4.0 (4.0)                        ; 4.0 (4.0)                                         ; 0.0 (0.0)                        ; 0.0 (0.0)            ; 1 (1)               ; 8 (8)                     ; 0 (0)         ; 0                 ; 0     ; 0          ; 0    ; 0            ; |top|jtag_bridge_system:bridge_sys_inst|jtag_bridge_system_master_0:master_0|altera_avalon_st_jtag_interface:jtag_phy_embedded_in_jtag_master|altera_jtag_dc_streaming:normal.jtag_dc_streaming|altera_jtag_streaming:jtag_streaming|altera_std_synchronizer:clock_sense_reset_n_synchronizer                                                   ; altera_std_synchronizer              ; work               ;
;                   |altera_std_synchronizer:clock_sensor_synchronizer|                                                                   ; 0.5 (0.5)            ; 1.2 (1.2)                        ; 0.7 (0.7)                                         ; 0.0 (0.0)                        ; 0.0 (0.0)            ; 0 (0)               ; 3 (3)                     ; 0 (0)         ; 0                 ; 0     ; 0          ; 0    ; 0            ; |top|jtag_bridge_system:bridge_sys_inst|jtag_bridge_system_master_0:master_0|altera_avalon_st_jtag_interface:jtag_phy_embedded_in_jtag_master|altera_jtag_dc_streaming:normal.jtag_dc_streaming|altera_jtag_streaming:jtag_streaming|altera_std_synchronizer:clock_sensor_synchronizer                                                          ; altera_std_synchronizer              ; work               ;
;                   |altera_std_synchronizer:clock_to_sample_div2_synchronizer|                                                           ; 0.0 (0.0)            ; 1.3 (1.3)                        ; 1.3 (1.3)                                         ; 0.0 (0.0)                        ; 0.0 (0.0)            ; 0 (0)               ; 3 (3)                     ; 0 (0)         ; 0                 ; 0     ; 0          ; 0    ; 0            ; |top|jtag_bridge_system:bridge_sys_inst|jtag_bridge_system_master_0:master_0|altera_avalon_st_jtag_interface:jtag_phy_embedded_in_jtag_master|altera_jtag_dc_streaming:normal.jtag_dc_streaming|altera_jtag_streaming:jtag_streaming|altera_std_synchronizer:clock_to_sample_div2_synchronizer                                                  ; altera_std_synchronizer              ; work               ;
;                   |altera_std_synchronizer:reset_to_sample_synchronizer|                                                                ; 0.3 (0.3)            ; 1.3 (1.3)                        ; 1.0 (1.0)                                         ; 0.0 (0.0)                        ; 0.0 (0.0)            ; 0 (0)               ; 3 (3)                     ; 0 (0)         ; 0                 ; 0     ; 0          ; 0    ; 0            ; |top|jtag_bridge_system:bridge_sys_inst|jtag_bridge_system_master_0:master_0|altera_avalon_st_jtag_interface:jtag_phy_embedded_in_jtag_master|altera_jtag_dc_streaming:normal.jtag_dc_streaming|altera_jtag_streaming:jtag_streaming|altera_std_synchronizer:reset_to_sample_synchronizer                                                       ; altera_std_synchronizer              ; work               ;
;                |altera_std_synchronizer:synchronizer|                                                                                   ; 0.2 (0.2)            ; 1.2 (1.2)                        ; 1.0 (1.0)                                         ; 0.0 (0.0)                        ; 0.0 (0.0)            ; 1 (1)               ; 3 (3)                     ; 0 (0)         ; 0                 ; 0     ; 0          ; 0    ; 0            ; |top|jtag_bridge_system:bridge_sys_inst|jtag_bridge_system_master_0:master_0|altera_avalon_st_jtag_interface:jtag_phy_embedded_in_jtag_master|altera_jtag_dc_streaming:normal.jtag_dc_streaming|altera_std_synchronizer:synchronizer                                                                                                            ; altera_std_synchronizer              ; work               ;
;             |altera_jtag_sld_node:node|                                                                                                 ; 1.2 (0.0)            ; 1.2 (0.0)                        ; 0.1 (0.0)                                         ; 0.0 (0.0)                        ; 0.0 (0.0)            ; 3 (0)               ; 0 (0)                     ; 0 (0)         ; 0                 ; 0     ; 0          ; 0    ; 0            ; |top|jtag_bridge_system:bridge_sys_inst|jtag_bridge_system_master_0:master_0|altera_avalon_st_jtag_interface:jtag_phy_embedded_in_jtag_master|altera_jtag_sld_node:node                                                                                                                                                                         ; altera_jtag_sld_node                 ; jtag_bridge_system ;
;                |sld_virtual_jtag_basic:sld_virtual_jtag_component|                                                                      ; 1.2 (1.2)            ; 1.2 (1.2)                        ; 0.1 (0.1)                                         ; 0.0 (0.0)                        ; 0.0 (0.0)            ; 3 (3)               ; 0 (0)                     ; 0 (0)         ; 0                 ; 0     ; 0          ; 0    ; 0            ; |top|jtag_bridge_system:bridge_sys_inst|jtag_bridge_system_master_0:master_0|altera_avalon_st_jtag_interface:jtag_phy_embedded_in_jtag_master|altera_jtag_sld_node:node|sld_virtual_jtag_basic:sld_virtual_jtag_component                                                                                                                       ; sld_virtual_jtag_basic               ; work               ;
;          |altera_avalon_st_packets_to_bytes:p2b|                                                                                        ; 15.8 (15.8)          ; 15.8 (15.8)                      ; 0.0 (0.0)                                         ; 0.0 (0.0)                        ; 0.0 (0.0)            ; 27 (27)             ; 15 (15)                   ; 0 (0)         ; 0                 ; 0     ; 0          ; 0    ; 0            ; |top|jtag_bridge_system:bridge_sys_inst|jtag_bridge_system_master_0:master_0|altera_avalon_st_packets_to_bytes:p2b                                                                                                                                                                                                                              ; altera_avalon_st_packets_to_bytes    ; jtag_bridge_system ;
;          |altera_reset_controller:rst_controller|                                                                                       ; 0.0 (0.0)            ; 1.5 (0.0)                        ; 1.5 (0.0)                                         ; 0.0 (0.0)                        ; 0.0 (0.0)            ; 1 (0)               ; 3 (0)                     ; 0 (0)         ; 0                 ; 0     ; 0          ; 0    ; 0            ; |top|jtag_bridge_system:bridge_sys_inst|jtag_bridge_system_master_0:master_0|altera_reset_controller:rst_controller                                                                                                                                                                                                                             ; altera_reset_controller              ; jtag_bridge_system ;
;             |altera_reset_synchronizer:alt_rst_sync_uq1|                                                                                ; 0.0 (0.0)            ; 1.5 (1.5)                        ; 1.5 (1.5)                                         ; 0.0 (0.0)                        ; 0.0 (0.0)            ; 1 (1)               ; 3 (3)                     ; 0 (0)         ; 0                 ; 0     ; 0          ; 0    ; 0            ; |top|jtag_bridge_system:bridge_sys_inst|jtag_bridge_system_master_0:master_0|altera_reset_controller:rst_controller|altera_reset_synchronizer:alt_rst_sync_uq1                                                                                                                                                                                  ; altera_reset_synchronizer            ; jtag_bridge_system ;
;       |jtag_bridge_system_mm_interconnect_0:mm_interconnect_0|                                                                          ; 3.3 (0.0)            ; 3.7 (0.0)                        ; 0.3 (0.0)                                         ; 0.0 (0.0)                        ; 0.0 (0.0)            ; 2 (0)               ; 10 (0)                    ; 0 (0)         ; 0                 ; 0     ; 0          ; 0    ; 0            ; |top|jtag_bridge_system:bridge_sys_inst|jtag_bridge_system_mm_interconnect_0:mm_interconnect_0                                                                                                                                                                                                                                                  ; jtag_bridge_system_mm_interconnect_0 ; jtag_bridge_system ;
;          |altera_merlin_slave_translator:capture_buffer_0_av_translator|                                                                ; 3.3 (3.3)            ; 3.7 (3.7)                        ; 0.3 (0.3)                                         ; 0.0 (0.0)                        ; 0.0 (0.0)            ; 2 (2)               ; 10 (10)                   ; 0 (0)         ; 0                 ; 0     ; 0          ; 0    ; 0            ; |top|jtag_bridge_system:bridge_sys_inst|jtag_bridge_system_mm_interconnect_0:mm_interconnect_0|altera_merlin_slave_translator:capture_buffer_0_av_translator                                                                                                                                                                                    ; altera_merlin_slave_translator       ; jtag_bridge_system ;
;    |ringsManager:rings_inst|                                                                                                            ; 4.7 (0.7)            ; 4.7 (0.7)                        ; 0.0 (0.0)                                         ; 0.0 (0.0)                        ; 0.0 (0.0)            ; 10 (1)              ; 1 (1)                     ; 0 (0)         ; 0                 ; 0     ; 0          ; 0    ; 0            ; |top|ringsManager:rings_inst                                                                                                                                                                                                                                                                                                                    ; ringsManager                         ; work               ;
;       |oscilatorRing:\genRings:0:oscRing|                                                                                               ; 1.3 (1.3)            ; 1.3 (1.3)                        ; 0.0 (0.0)                                         ; 0.0 (0.0)                        ; 0.0 (0.0)            ; 3 (3)               ; 0 (0)                     ; 0 (0)         ; 0                 ; 0     ; 0          ; 0    ; 0            ; |top|ringsManager:rings_inst|oscilatorRing:\genRings:0:oscRing                                                                                                                                                                                                                                                                                  ; oscilatorRing                        ; work               ;
;       |oscilatorRing:\genRings:1:oscRing|                                                                                               ; 1.3 (1.3)            ; 1.3 (1.3)                        ; 0.0 (0.0)                                         ; 0.0 (0.0)                        ; 0.0 (0.0)            ; 3 (3)               ; 0 (0)                     ; 0 (0)         ; 0                 ; 0     ; 0          ; 0    ; 0            ; |top|ringsManager:rings_inst|oscilatorRing:\genRings:1:oscRing                                                                                                                                                                                                                                                                                  ; oscilatorRing                        ; work               ;
;       |oscilatorRing:\genRings:2:oscRing|                                                                                               ; 1.3 (1.3)            ; 1.3 (1.3)                        ; 0.0 (0.0)                                         ; 0.0 (0.0)                        ; 0.0 (0.0)            ; 3 (3)               ; 0 (0)                     ; 0 (0)         ; 0                 ; 0     ; 0          ; 0    ; 0            ; |top|ringsManager:rings_inst|oscilatorRing:\genRings:2:oscRing                                                                                                                                                                                                                                                                                  ; oscilatorRing                        ; work               ;
;    |sld_hub:auto_hub|                                                                                                                   ; 53.5 (0.5)           ; 71.0 (0.5)                       ; 17.5 (0.0)                                        ; 0.0 (0.0)                        ; 0.0 (0.0)            ; 94 (1)              ; 81 (0)                    ; 0 (0)         ; 0                 ; 0     ; 0          ; 0    ; 0            ; |top|sld_hub:auto_hub                                                                                                                                                                                                                                                                                                                           ; sld_hub                              ; altera_sld         ;
;       |alt_sld_fab_with_jtag_input:\instrumentation_fabric_with_node_gen:fabric_gen_new_way:with_jtag_input_gen:instrumentation_fabric| ; 53.0 (0.0)           ; 70.5 (0.0)                       ; 17.5 (0.0)                                        ; 0.0 (0.0)                        ; 0.0 (0.0)            ; 93 (0)              ; 81 (0)                    ; 0 (0)         ; 0                 ; 0     ; 0          ; 0    ; 0            ; |top|sld_hub:auto_hub|alt_sld_fab_with_jtag_input:\instrumentation_fabric_with_node_gen:fabric_gen_new_way:with_jtag_input_gen:instrumentation_fabric                                                                                                                                                                                           ; alt_sld_fab_with_jtag_input          ; altera_sld         ;
;          |alt_sld_fab:instrumentation_fabric|                                                                                           ; 53.0 (0.0)           ; 70.5 (0.0)                       ; 17.5 (0.0)                                        ; 0.0 (0.0)                        ; 0.0 (0.0)            ; 93 (0)              ; 81 (0)                    ; 0 (0)         ; 0                 ; 0     ; 0          ; 0    ; 0            ; |top|sld_hub:auto_hub|alt_sld_fab_with_jtag_input:\instrumentation_fabric_with_node_gen:fabric_gen_new_way:with_jtag_input_gen:instrumentation_fabric|alt_sld_fab:instrumentation_fabric                                                                                                                                                        ; alt_sld_fab                          ; alt_sld_fab        ;
;             |alt_sld_fab_alt_sld_fab:alt_sld_fab|                                                                                       ; 53.0 (0.2)           ; 70.5 (2.7)                       ; 17.5 (2.4)                                        ; 0.0 (0.0)                        ; 0.0 (0.0)            ; 93 (1)              ; 81 (5)                    ; 0 (0)         ; 0                 ; 0     ; 0          ; 0    ; 0            ; |top|sld_hub:auto_hub|alt_sld_fab_with_jtag_input:\instrumentation_fabric_with_node_gen:fabric_gen_new_way:with_jtag_input_gen:instrumentation_fabric|alt_sld_fab:instrumentation_fabric|alt_sld_fab_alt_sld_fab:alt_sld_fab                                                                                                                    ; alt_sld_fab_alt_sld_fab              ; alt_sld_fab        ;
;                |alt_sld_fab_alt_sld_fab_sldfabric:sldfabric|                                                                            ; 52.7 (0.0)           ; 67.8 (0.0)                       ; 15.1 (0.0)                                        ; 0.0 (0.0)                        ; 0.0 (0.0)            ; 92 (0)              ; 76 (0)                    ; 0 (0)         ; 0                 ; 0     ; 0          ; 0    ; 0            ; |top|sld_hub:auto_hub|alt_sld_fab_with_jtag_input:\instrumentation_fabric_with_node_gen:fabric_gen_new_way:with_jtag_input_gen:instrumentation_fabric|alt_sld_fab:instrumentation_fabric|alt_sld_fab_alt_sld_fab:alt_sld_fab|alt_sld_fab_alt_sld_fab_sldfabric:sldfabric                                                                        ; alt_sld_fab_alt_sld_fab_sldfabric    ; alt_sld_fab        ;
;                   |sld_jtag_hub:\jtag_hub_gen:real_sld_jtag_hub|                                                                        ; 52.7 (32.6)          ; 67.8 (43.3)                      ; 15.1 (10.8)                                       ; 0.0 (0.0)                        ; 0.0 (0.0)            ; 92 (57)             ; 76 (45)                   ; 0 (0)         ; 0                 ; 0     ; 0          ; 0    ; 0            ; |top|sld_hub:auto_hub|alt_sld_fab_with_jtag_input:\instrumentation_fabric_with_node_gen:fabric_gen_new_way:with_jtag_input_gen:instrumentation_fabric|alt_sld_fab:instrumentation_fabric|alt_sld_fab_alt_sld_fab:alt_sld_fab|alt_sld_fab_alt_sld_fab_sldfabric:sldfabric|sld_jtag_hub:\jtag_hub_gen:real_sld_jtag_hub                           ; sld_jtag_hub                         ; work               ;
;                      |sld_rom_sr:hub_info_reg|                                                                                          ; 9.5 (9.5)            ; 11.5 (11.5)                      ; 2.0 (2.0)                                         ; 0.0 (0.0)                        ; 0.0 (0.0)            ; 16 (16)             ; 12 (12)                   ; 0 (0)         ; 0                 ; 0     ; 0          ; 0    ; 0            ; |top|sld_hub:auto_hub|alt_sld_fab_with_jtag_input:\instrumentation_fabric_with_node_gen:fabric_gen_new_way:with_jtag_input_gen:instrumentation_fabric|alt_sld_fab:instrumentation_fabric|alt_sld_fab_alt_sld_fab:alt_sld_fab|alt_sld_fab_alt_sld_fab_sldfabric:sldfabric|sld_jtag_hub:\jtag_hub_gen:real_sld_jtag_hub|sld_rom_sr:hub_info_reg   ; sld_rom_sr                           ; work               ;
;                      |sld_shadow_jsm:shadow_jsm|                                                                                        ; 10.7 (10.7)          ; 13.0 (13.0)                      ; 2.3 (2.3)                                         ; 0.0 (0.0)                        ; 0.0 (0.0)            ; 19 (19)             ; 19 (19)                   ; 0 (0)         ; 0                 ; 0     ; 0          ; 0    ; 0            ; |top|sld_hub:auto_hub|alt_sld_fab_with_jtag_input:\instrumentation_fabric_with_node_gen:fabric_gen_new_way:with_jtag_input_gen:instrumentation_fabric|alt_sld_fab:instrumentation_fabric|alt_sld_fab_alt_sld_fab:alt_sld_fab|alt_sld_fab_alt_sld_fab_sldfabric:sldfabric|sld_jtag_hub:\jtag_hub_gen:real_sld_jtag_hub|sld_shadow_jsm:shadow_jsm ; sld_shadow_jsm                       ; altera_sld         ;
+-----------------------------------------------------------------------------------------------------------------------------------------+----------------------+----------------------------------+---------------------------------------------------+----------------------------------+----------------------+---------------------+---------------------------+---------------+-------------------+-------+------------+------+--------------+-------------------------------------------------------------------------------------------------------------------------------------------------------------------------------------------------------------------------------------------------------------------------------------------------------------------------------------------------+--------------------------------------+--------------------+
Note: For table entries with two numbers listed, the numbers in parentheses indicate the number of resources of the given type used by the specific entity alone. The numbers listed outside of parentheses indicate the total resources of the given type used by the specific entity and all of its sub-entities in the hierarchy.


+-------------------------------------------------------------------------------------------------------------------+
; Delay Chain Summary                                                                                               ;
+------+----------+----+------+------+----+----+-------+--------+------------------------+--------------------------+
; Name ; Pin Type ; D1 ; D3_0 ; D3_1 ; D4 ; D5 ; D5 OE ; D5 OCT ; T11 (Postamble Gating) ; T11 (Postamble Ungating) ;
+------+----------+----+------+------+----+----+-------+--------+------------------------+--------------------------+
; clk  ; Input    ; -- ; (0)  ; --   ; -- ; -- ; --    ; --     ; --                     ; --                       ;
+------+----------+----+------+------+----+----+-------+--------+------------------------+--------------------------+


+---------------------------------------------------+
; Pad To Core Delay Chain Fanout                    ;
+---------------------+-------------------+---------+
; Source Pin / Fanout ; Pad To Core Index ; Setting ;
+---------------------+-------------------+---------+
; clk                 ;                   ;         ;
+---------------------+-------------------+---------+


+-------------------------------------------------------------------------------------------------------------------------------------------------------------------------------------------------------------------------------------------------------------------------------------------------------------------------------------------------------------------------------------------------------------------------------------------------------------------------------------------------------+
; Control Signals                                                                                                                                                                                                                                                                                                                                                                                                                                                                                       ;
+------------------------------------------------------------------------------------------------------------------------------------------------------------------------------------------------------------------------------------------------------------------------------------------------------------------------------------------------------------+--------------------+---------+----------------------------+--------+----------------------+------------------+---------------------------+
; Name                                                                                                                                                                                                                                                                                                                                                       ; Location           ; Fan-Out ; Usage                      ; Global ; Global Resource Used ; Global Line Name ; Enable Signal Source Name ;
+------------------------------------------------------------------------------------------------------------------------------------------------------------------------------------------------------------------------------------------------------------------------------------------------------------------------------------------------------------+--------------------+---------+----------------------------+--------+----------------------+------------------+---------------------------+
; altera_internal_jtag~TCKUTAP                                                                                                                                                                                                                                                                                                                               ; JTAG_X0_Y4_N3      ; 328     ; Clock                      ; no     ; --                   ; --               ; --                        ;
; altera_internal_jtag~TMSUTAP                                                                                                                                                                                                                                                                                                                               ; JTAG_X0_Y4_N3      ; 24      ; Sync. clear                ; no     ; --                   ; --               ; --                        ;
; clk                                                                                                                                                                                                                                                                                                                                                        ; PIN_M9             ; 285     ; Clock                      ; yes    ; Global Clock         ; GCLK5            ; --                        ;
; jtag_bridge_system:bridge_sys_inst|altera_reset_controller:rst_controller|altera_reset_synchronizer:alt_rst_sync_uq1|altera_reset_synchronizer_int_chain_out                                                                                                                                                                                               ; FF_X9_Y9_N23       ; 15      ; Async. clear               ; no     ; --                   ; --               ; --                        ;
; jtag_bridge_system:bridge_sys_inst|capture_buffer:capture_buffer_0|mem~36                                                                                                                                                                                                                                                                                  ; MLABCELL_X9_Y9_N36 ; 10      ; Clock enable, Write enable ; no     ; --                   ; --               ; --                        ;
; jtag_bridge_system:bridge_sys_inst|capture_buffer:capture_buffer_0|mem~39                                                                                                                                                                                                                                                                                  ; MLABCELL_X9_Y9_N33 ; 8       ; Clock enable               ; no     ; --                   ; --               ; --                        ;
; jtag_bridge_system:bridge_sys_inst|capture_buffer:capture_buffer_0|writePtr[8]~0                                                                                                                                                                                                                                                                           ; MLABCELL_X9_Y9_N45 ; 17      ; Sync. clear                ; no     ; --                   ; --               ; --                        ;
; jtag_bridge_system:bridge_sys_inst|capture_buffer:capture_buffer_0|writePtr[8]~2                                                                                                                                                                                                                                                                           ; MLABCELL_X9_Y9_N15 ; 17      ; Clock enable               ; no     ; --                   ; --               ; --                        ;
; jtag_bridge_system:bridge_sys_inst|jtag_bridge_system_master_0:master_0|altera_avalon_packets_to_master:transacto|packets_to_master:p2m|always1~0                                                                                                                                                                                                          ; MLABCELL_X9_Y8_N6  ; 14      ; Clock enable               ; no     ; --                   ; --               ; --                        ;
; jtag_bridge_system:bridge_sys_inst|jtag_bridge_system_master_0:master_0|altera_avalon_packets_to_master:transacto|packets_to_master:p2m|counter[14]~0                                                                                                                                                                                                      ; LABCELL_X10_Y8_N3  ; 9       ; Clock enable               ; no     ; --                   ; --               ; --                        ;
; jtag_bridge_system:bridge_sys_inst|jtag_bridge_system_master_0:master_0|altera_avalon_packets_to_master:transacto|packets_to_master:p2m|counter[1]~1                                                                                                                                                                                                       ; LABCELL_X10_Y8_N54 ; 12      ; Clock enable               ; no     ; --                   ; --               ; --                        ;
; jtag_bridge_system:bridge_sys_inst|jtag_bridge_system_master_0:master_0|altera_avalon_packets_to_master:transacto|packets_to_master:p2m|current_byte[1]~1                                                                                                                                                                                                  ; LABCELL_X6_Y7_N30  ; 4       ; Clock enable               ; no     ; --                   ; --               ; --                        ;
; jtag_bridge_system:bridge_sys_inst|jtag_bridge_system_master_0:master_0|altera_avalon_packets_to_master:transacto|packets_to_master:p2m|out_data[3]~6                                                                                                                                                                                                      ; MLABCELL_X9_Y8_N27 ; 8       ; Clock enable               ; no     ; --                   ; --               ; --                        ;
; jtag_bridge_system:bridge_sys_inst|jtag_bridge_system_master_0:master_0|altera_avalon_packets_to_master:transacto|packets_to_master:p2m|state.READ_SEND_WAIT                                                                                                                                                                                               ; FF_X12_Y7_N56      ; 34      ; Sync. load                 ; no     ; --                   ; --               ; --                        ;
; jtag_bridge_system:bridge_sys_inst|jtag_bridge_system_master_0:master_0|altera_avalon_sc_fifo:fifo|internal_out_ready                                                                                                                                                                                                                                      ; LABCELL_X6_Y5_N39  ; 2       ; Clock enable               ; no     ; --                   ; --               ; --                        ;
; jtag_bridge_system:bridge_sys_inst|jtag_bridge_system_master_0:master_0|altera_avalon_sc_fifo:fifo|write                                                                                                                                                                                                                                                   ; LABCELL_X5_Y6_N15  ; 9       ; Clock enable, Write enable ; no     ; --                   ; --               ; --                        ;
; jtag_bridge_system:bridge_sys_inst|jtag_bridge_system_master_0:master_0|altera_avalon_st_bytes_to_packets:b2p|always2~0                                                                                                                                                                                                                                    ; LABCELL_X6_Y5_N33  ; 6       ; Clock enable               ; no     ; --                   ; --               ; --                        ;
; jtag_bridge_system:bridge_sys_inst|jtag_bridge_system_master_0:master_0|altera_avalon_st_bytes_to_packets:b2p|out_channel[7]~1                                                                                                                                                                                                                             ; MLABCELL_X13_Y8_N3 ; 8       ; Clock enable               ; no     ; --                   ; --               ; --                        ;
; jtag_bridge_system:bridge_sys_inst|jtag_bridge_system_master_0:master_0|altera_avalon_st_jtag_interface:jtag_phy_embedded_in_jtag_master|altera_jtag_dc_streaming:normal.jtag_dc_streaming|altera_avalon_st_clock_crosser:sink_crosser|altera_avalon_st_pipeline_base:output_stage|full0                                                                   ; FF_X6_Y3_N53       ; 19      ; Clock enable, Sync. load   ; no     ; --                   ; --               ; --                        ;
; jtag_bridge_system:bridge_sys_inst|jtag_bridge_system_master_0:master_0|altera_avalon_st_jtag_interface:jtag_phy_embedded_in_jtag_master|altera_jtag_dc_streaming:normal.jtag_dc_streaming|altera_avalon_st_clock_crosser:sink_crosser|altera_avalon_st_pipeline_base:output_stage|full0~0                                                                 ; LABCELL_X6_Y3_N48  ; 8       ; Clock enable               ; no     ; --                   ; --               ; --                        ;
; jtag_bridge_system:bridge_sys_inst|jtag_bridge_system_master_0:master_0|altera_avalon_st_jtag_interface:jtag_phy_embedded_in_jtag_master|altera_jtag_dc_streaming:normal.jtag_dc_streaming|altera_avalon_st_clock_crosser:sink_crosser|take_in_data                                                                                                        ; LABCELL_X6_Y5_N45  ; 8       ; Clock enable               ; no     ; --                   ; --               ; --                        ;
; jtag_bridge_system:bridge_sys_inst|jtag_bridge_system_master_0:master_0|altera_avalon_st_jtag_interface:jtag_phy_embedded_in_jtag_master|altera_jtag_dc_streaming:normal.jtag_dc_streaming|altera_jtag_src_crosser:source_crosser|altera_jtag_control_signal_crosser:crosser|sync_control_signal~0                                                         ; LABCELL_X5_Y6_N12  ; 9       ; Clock enable               ; no     ; --                   ; --               ; --                        ;
; jtag_bridge_system:bridge_sys_inst|jtag_bridge_system_master_0:master_0|altera_avalon_st_jtag_interface:jtag_phy_embedded_in_jtag_master|altera_jtag_dc_streaming:normal.jtag_dc_streaming|altera_jtag_streaming:jtag_streaming|Equal14~0                                                                                                                  ; LABCELL_X2_Y2_N30  ; 20      ; Clock enable               ; no     ; --                   ; --               ; --                        ;
; jtag_bridge_system:bridge_sys_inst|jtag_bridge_system_master_0:master_0|altera_avalon_st_jtag_interface:jtag_phy_embedded_in_jtag_master|altera_jtag_dc_streaming:normal.jtag_dc_streaming|altera_jtag_streaming:jtag_streaming|Equal14~1                                                                                                                  ; LABCELL_X2_Y6_N9   ; 3       ; Clock enable               ; no     ; --                   ; --               ; --                        ;
; jtag_bridge_system:bridge_sys_inst|jtag_bridge_system_master_0:master_0|altera_avalon_st_jtag_interface:jtag_phy_embedded_in_jtag_master|altera_jtag_dc_streaming:normal.jtag_dc_streaming|altera_jtag_streaming:jtag_streaming|altera_avalon_st_idle_remover:idle_remover|out_valid                                                                       ; LABCELL_X2_Y3_N48  ; 9       ; Clock enable               ; no     ; --                   ; --               ; --                        ;
; jtag_bridge_system:bridge_sys_inst|jtag_bridge_system_master_0:master_0|altera_avalon_st_jtag_interface:jtag_phy_embedded_in_jtag_master|altera_jtag_dc_streaming:normal.jtag_dc_streaming|altera_jtag_streaming:jtag_streaming|altera_std_synchronizer:clock_sense_reset_n_synchronizer|dreg[6]                                                           ; FF_X7_Y4_N4        ; 1       ; Async. clear               ; no     ; --                   ; --               ; --                        ;
; jtag_bridge_system:bridge_sys_inst|jtag_bridge_system_master_0:master_0|altera_avalon_st_jtag_interface:jtag_phy_embedded_in_jtag_master|altera_jtag_dc_streaming:normal.jtag_dc_streaming|altera_jtag_streaming:jtag_streaming|bypass_bit_counter[2]~1                                                                                                    ; LABCELL_X1_Y3_N57  ; 8       ; Clock enable               ; no     ; --                   ; --               ; --                        ;
; jtag_bridge_system:bridge_sys_inst|jtag_bridge_system_master_0:master_0|altera_avalon_st_jtag_interface:jtag_phy_embedded_in_jtag_master|altera_jtag_dc_streaming:normal.jtag_dc_streaming|altera_jtag_streaming:jtag_streaming|bypass_bit_counter~0                                                                                                       ; MLABCELL_X4_Y6_N18 ; 8       ; Sync. load                 ; no     ; --                   ; --               ; --                        ;
; jtag_bridge_system:bridge_sys_inst|jtag_bridge_system_master_0:master_0|altera_avalon_st_jtag_interface:jtag_phy_embedded_in_jtag_master|altera_jtag_dc_streaming:normal.jtag_dc_streaming|altera_jtag_streaming:jtag_streaming|clock_sense_reset_n                                                                                                        ; FF_X1_Y6_N28       ; 8       ; Async. clear               ; no     ; --                   ; --               ; --                        ;
; jtag_bridge_system:bridge_sys_inst|jtag_bridge_system_master_0:master_0|altera_avalon_st_jtag_interface:jtag_phy_embedded_in_jtag_master|altera_jtag_dc_streaming:normal.jtag_dc_streaming|altera_jtag_streaming:jtag_streaming|dr_control[0]~1                                                                                                            ; LABCELL_X2_Y6_N12  ; 10      ; Clock enable               ; no     ; --                   ; --               ; --                        ;
; jtag_bridge_system:bridge_sys_inst|jtag_bridge_system_master_0:master_0|altera_avalon_st_jtag_interface:jtag_phy_embedded_in_jtag_master|altera_jtag_dc_streaming:normal.jtag_dc_streaming|altera_jtag_streaming:jtag_streaming|dr_data_in[1]~0                                                                                                            ; LABCELL_X2_Y3_N54  ; 8       ; Clock enable               ; no     ; --                   ; --               ; --                        ;
; jtag_bridge_system:bridge_sys_inst|jtag_bridge_system_master_0:master_0|altera_avalon_st_jtag_interface:jtag_phy_embedded_in_jtag_master|altera_jtag_dc_streaming:normal.jtag_dc_streaming|altera_jtag_streaming:jtag_streaming|dr_data_out[0]~9                                                                                                           ; LABCELL_X2_Y6_N54  ; 8       ; Clock enable               ; no     ; --                   ; --               ; --                        ;
; jtag_bridge_system:bridge_sys_inst|jtag_bridge_system_master_0:master_0|altera_avalon_st_jtag_interface:jtag_phy_embedded_in_jtag_master|altera_jtag_dc_streaming:normal.jtag_dc_streaming|altera_jtag_streaming:jtag_streaming|dr_debug[0]~1                                                                                                              ; LABCELL_X2_Y6_N24  ; 2       ; Clock enable               ; no     ; --                   ; --               ; --                        ;
; jtag_bridge_system:bridge_sys_inst|jtag_bridge_system_master_0:master_0|altera_avalon_st_jtag_interface:jtag_phy_embedded_in_jtag_master|altera_jtag_dc_streaming:normal.jtag_dc_streaming|altera_jtag_streaming:jtag_streaming|dr_info[0]~1                                                                                                               ; LABCELL_X2_Y6_N15  ; 8       ; Clock enable               ; no     ; --                   ; --               ; --                        ;
; jtag_bridge_system:bridge_sys_inst|jtag_bridge_system_master_0:master_0|altera_avalon_st_jtag_interface:jtag_phy_embedded_in_jtag_master|altera_jtag_dc_streaming:normal.jtag_dc_streaming|altera_jtag_streaming:jtag_streaming|header_in[14]~0                                                                                                            ; LABCELL_X1_Y3_N48  ; 12      ; Clock enable               ; no     ; --                   ; --               ; --                        ;
; jtag_bridge_system:bridge_sys_inst|jtag_bridge_system_master_0:master_0|altera_avalon_st_jtag_interface:jtag_phy_embedded_in_jtag_master|altera_jtag_dc_streaming:normal.jtag_dc_streaming|altera_jtag_streaming:jtag_streaming|header_in_bit_counter[0]~3                                                                                                 ; LABCELL_X2_Y5_N57  ; 8       ; Clock enable               ; no     ; --                   ; --               ; --                        ;
; jtag_bridge_system:bridge_sys_inst|jtag_bridge_system_master_0:master_0|altera_avalon_st_jtag_interface:jtag_phy_embedded_in_jtag_master|altera_jtag_dc_streaming:normal.jtag_dc_streaming|altera_jtag_streaming:jtag_streaming|header_out_bit_counter[0]~1                                                                                                ; LABCELL_X1_Y4_N9   ; 7       ; Clock enable               ; no     ; --                   ; --               ; --                        ;
; jtag_bridge_system:bridge_sys_inst|jtag_bridge_system_master_0:master_0|altera_avalon_st_jtag_interface:jtag_phy_embedded_in_jtag_master|altera_jtag_dc_streaming:normal.jtag_dc_streaming|altera_jtag_streaming:jtag_streaming|idle_remover_sink_data[0]~0                                                                                                ; LABCELL_X2_Y3_N9   ; 12      ; Clock enable               ; no     ; --                   ; --               ; --                        ;
; jtag_bridge_system:bridge_sys_inst|jtag_bridge_system_master_0:master_0|altera_avalon_st_jtag_interface:jtag_phy_embedded_in_jtag_master|altera_jtag_dc_streaming:normal.jtag_dc_streaming|altera_jtag_streaming:jtag_streaming|offset[7]~0                                                                                                                ; LABCELL_X2_Y2_N12  ; 9       ; Clock enable               ; no     ; --                   ; --               ; --                        ;
; jtag_bridge_system:bridge_sys_inst|jtag_bridge_system_master_0:master_0|altera_avalon_st_jtag_interface:jtag_phy_embedded_in_jtag_master|altera_jtag_dc_streaming:normal.jtag_dc_streaming|altera_jtag_streaming:jtag_streaming|padded_bit_counter[0]~1                                                                                                    ; LABCELL_X5_Y4_N24  ; 8       ; Sync. load                 ; no     ; --                   ; --               ; --                        ;
; jtag_bridge_system:bridge_sys_inst|jtag_bridge_system_master_0:master_0|altera_avalon_st_jtag_interface:jtag_phy_embedded_in_jtag_master|altera_jtag_dc_streaming:normal.jtag_dc_streaming|altera_jtag_streaming:jtag_streaming|padded_bit_counter[0]~2                                                                                                    ; LABCELL_X5_Y4_N27  ; 8       ; Clock enable               ; no     ; --                   ; --               ; --                        ;
; jtag_bridge_system:bridge_sys_inst|jtag_bridge_system_master_0:master_0|altera_avalon_st_jtag_interface:jtag_phy_embedded_in_jtag_master|altera_jtag_dc_streaming:normal.jtag_dc_streaming|altera_jtag_streaming:jtag_streaming|read_data_bit_counter[0]~1                                                                                                 ; LABCELL_X5_Y4_N39  ; 4       ; Clock enable               ; no     ; --                   ; --               ; --                        ;
; jtag_bridge_system:bridge_sys_inst|jtag_bridge_system_master_0:master_0|altera_avalon_st_jtag_interface:jtag_phy_embedded_in_jtag_master|altera_jtag_dc_streaming:normal.jtag_dc_streaming|altera_jtag_streaming:jtag_streaming|read_data_length[0]~0                                                                                                      ; LABCELL_X2_Y5_N27  ; 13      ; Clock enable               ; no     ; --                   ; --               ; --                        ;
; jtag_bridge_system:bridge_sys_inst|jtag_bridge_system_master_0:master_0|altera_avalon_st_jtag_interface:jtag_phy_embedded_in_jtag_master|altera_jtag_dc_streaming:normal.jtag_dc_streaming|altera_jtag_streaming:jtag_streaming|scan_length_byte_counter[0]~10                                                                                             ; MLABCELL_X4_Y1_N24 ; 13      ; Clock enable               ; no     ; --                   ; --               ; --                        ;
; jtag_bridge_system:bridge_sys_inst|jtag_bridge_system_master_0:master_0|altera_avalon_st_jtag_interface:jtag_phy_embedded_in_jtag_master|altera_jtag_dc_streaming:normal.jtag_dc_streaming|altera_jtag_streaming:jtag_streaming|scan_length_byte_counter[2]~1                                                                                              ; MLABCELL_X4_Y1_N12 ; 22      ; Sync. load                 ; no     ; --                   ; --               ; --                        ;
; jtag_bridge_system:bridge_sys_inst|jtag_bridge_system_master_0:master_0|altera_avalon_st_jtag_interface:jtag_phy_embedded_in_jtag_master|altera_jtag_dc_streaming:normal.jtag_dc_streaming|altera_jtag_streaming:jtag_streaming|valid_write_data_length_byte_counter[0]~1                                                                                  ; LABCELL_X1_Y5_N57  ; 25      ; Clock enable               ; no     ; --                   ; --               ; --                        ;
; jtag_bridge_system:bridge_sys_inst|jtag_bridge_system_master_0:master_0|altera_avalon_st_jtag_interface:jtag_phy_embedded_in_jtag_master|altera_jtag_dc_streaming:normal.jtag_dc_streaming|altera_jtag_streaming:jtag_streaming|valid_write_data_length_byte_counter[0]~3                                                                                  ; LABCELL_X1_Y5_N48  ; 17      ; Sync. clear                ; no     ; --                   ; --               ; --                        ;
; jtag_bridge_system:bridge_sys_inst|jtag_bridge_system_master_0:master_0|altera_avalon_st_jtag_interface:jtag_phy_embedded_in_jtag_master|altera_jtag_dc_streaming:normal.jtag_dc_streaming|altera_jtag_streaming:jtag_streaming|write_data_bit_counter[0]~1                                                                                                ; LABCELL_X1_Y5_N27  ; 5       ; Clock enable               ; no     ; --                   ; --               ; --                        ;
; jtag_bridge_system:bridge_sys_inst|jtag_bridge_system_master_0:master_0|altera_avalon_st_jtag_interface:jtag_phy_embedded_in_jtag_master|altera_jtag_dc_streaming:normal.jtag_dc_streaming|altera_jtag_streaming:jtag_streaming|write_data_length[0]~2                                                                                                     ; LABCELL_X2_Y5_N30  ; 3       ; Clock enable               ; no     ; --                   ; --               ; --                        ;
; jtag_bridge_system:bridge_sys_inst|jtag_bridge_system_master_0:master_0|altera_avalon_st_jtag_interface:jtag_phy_embedded_in_jtag_master|altera_jtag_dc_streaming:normal.jtag_dc_streaming|altera_jtag_streaming:jtag_streaming|write_state~17                                                                                                             ; LABCELL_X1_Y3_N21  ; 4       ; Clock enable               ; no     ; --                   ; --               ; --                        ;
; jtag_bridge_system:bridge_sys_inst|jtag_bridge_system_master_0:master_0|altera_avalon_st_jtag_interface:jtag_phy_embedded_in_jtag_master|altera_jtag_dc_streaming:normal.jtag_dc_streaming|altera_std_synchronizer:synchronizer|dreg[1]                                                                                                                    ; FF_X5_Y1_N59       ; 41      ; Async. clear               ; no     ; --                   ; --               ; --                        ;
; jtag_bridge_system:bridge_sys_inst|jtag_bridge_system_master_0:master_0|altera_avalon_st_packets_to_bytes:p2b|in_ready~0                                                                                                                                                                                                                                   ; MLABCELL_X9_Y5_N21 ; 13      ; Clock enable               ; no     ; --                   ; --               ; --                        ;
; jtag_bridge_system:bridge_sys_inst|jtag_bridge_system_master_0:master_0|altera_reset_controller:rst_controller|altera_reset_synchronizer:alt_rst_sync_uq1|altera_reset_synchronizer_int_chain_out                                                                                                                                                          ; FF_X4_Y7_N17       ; 184     ; Async. clear               ; no     ; --                   ; --               ; --                        ;
; sld_hub:auto_hub|alt_sld_fab_with_jtag_input:\instrumentation_fabric_with_node_gen:fabric_gen_new_way:with_jtag_input_gen:instrumentation_fabric|alt_sld_fab:instrumentation_fabric|alt_sld_fab_alt_sld_fab:alt_sld_fab|alt_sld_fab_alt_sld_fab_sldfabric:sldfabric|sld_jtag_hub:\jtag_hub_gen:real_sld_jtag_hub|clr_reg                                   ; FF_X1_Y2_N20       ; 13      ; Async. clear               ; no     ; --                   ; --               ; --                        ;
; sld_hub:auto_hub|alt_sld_fab_with_jtag_input:\instrumentation_fabric_with_node_gen:fabric_gen_new_way:with_jtag_input_gen:instrumentation_fabric|alt_sld_fab:instrumentation_fabric|alt_sld_fab_alt_sld_fab:alt_sld_fab|alt_sld_fab_alt_sld_fab_sldfabric:sldfabric|sld_jtag_hub:\jtag_hub_gen:real_sld_jtag_hub|design_hash_reg[1]~3                      ; LABCELL_X5_Y2_N48  ; 4       ; Clock enable               ; no     ; --                   ; --               ; --                        ;
; sld_hub:auto_hub|alt_sld_fab_with_jtag_input:\instrumentation_fabric_with_node_gen:fabric_gen_new_way:with_jtag_input_gen:instrumentation_fabric|alt_sld_fab:instrumentation_fabric|alt_sld_fab_alt_sld_fab:alt_sld_fab|alt_sld_fab_alt_sld_fab_sldfabric:sldfabric|sld_jtag_hub:\jtag_hub_gen:real_sld_jtag_hub|hub_info_reg_ena~0                        ; MLABCELL_X4_Y2_N54 ; 5       ; Clock enable               ; no     ; --                   ; --               ; --                        ;
; sld_hub:auto_hub|alt_sld_fab_with_jtag_input:\instrumentation_fabric_with_node_gen:fabric_gen_new_way:with_jtag_input_gen:instrumentation_fabric|alt_sld_fab:instrumentation_fabric|alt_sld_fab_alt_sld_fab:alt_sld_fab|alt_sld_fab_alt_sld_fab_sldfabric:sldfabric|sld_jtag_hub:\jtag_hub_gen:real_sld_jtag_hub|identity_contrib_shift_reg[0]~0           ; MLABCELL_X4_Y2_N12 ; 4       ; Clock enable               ; no     ; --                   ; --               ; --                        ;
; sld_hub:auto_hub|alt_sld_fab_with_jtag_input:\instrumentation_fabric_with_node_gen:fabric_gen_new_way:with_jtag_input_gen:instrumentation_fabric|alt_sld_fab:instrumentation_fabric|alt_sld_fab_alt_sld_fab:alt_sld_fab|alt_sld_fab_alt_sld_fab_sldfabric:sldfabric|sld_jtag_hub:\jtag_hub_gen:real_sld_jtag_hub|irf_reg[1][0]~0                           ; LABCELL_X5_Y2_N39  ; 3       ; Clock enable               ; no     ; --                   ; --               ; --                        ;
; sld_hub:auto_hub|alt_sld_fab_with_jtag_input:\instrumentation_fabric_with_node_gen:fabric_gen_new_way:with_jtag_input_gen:instrumentation_fabric|alt_sld_fab:instrumentation_fabric|alt_sld_fab_alt_sld_fab:alt_sld_fab|alt_sld_fab_alt_sld_fab_sldfabric:sldfabric|sld_jtag_hub:\jtag_hub_gen:real_sld_jtag_hub|irsr_reg[2]~1                             ; MLABCELL_X4_Y2_N27 ; 4       ; Clock enable               ; no     ; --                   ; --               ; --                        ;
; sld_hub:auto_hub|alt_sld_fab_with_jtag_input:\instrumentation_fabric_with_node_gen:fabric_gen_new_way:with_jtag_input_gen:instrumentation_fabric|alt_sld_fab:instrumentation_fabric|alt_sld_fab_alt_sld_fab:alt_sld_fab|alt_sld_fab_alt_sld_fab_sldfabric:sldfabric|sld_jtag_hub:\jtag_hub_gen:real_sld_jtag_hub|mixer_addr_reg_internal[4]~1              ; MLABCELL_X4_Y2_N9  ; 5       ; Clock enable               ; no     ; --                   ; --               ; --                        ;
; sld_hub:auto_hub|alt_sld_fab_with_jtag_input:\instrumentation_fabric_with_node_gen:fabric_gen_new_way:with_jtag_input_gen:instrumentation_fabric|alt_sld_fab:instrumentation_fabric|alt_sld_fab_alt_sld_fab:alt_sld_fab|alt_sld_fab_alt_sld_fab_sldfabric:sldfabric|sld_jtag_hub:\jtag_hub_gen:real_sld_jtag_hub|sld_rom_sr:hub_info_reg|WORD_SR[1]~1      ; LABCELL_X5_Y2_N30  ; 4       ; Clock enable               ; no     ; --                   ; --               ; --                        ;
; sld_hub:auto_hub|alt_sld_fab_with_jtag_input:\instrumentation_fabric_with_node_gen:fabric_gen_new_way:with_jtag_input_gen:instrumentation_fabric|alt_sld_fab:instrumentation_fabric|alt_sld_fab_alt_sld_fab:alt_sld_fab|alt_sld_fab_alt_sld_fab_sldfabric:sldfabric|sld_jtag_hub:\jtag_hub_gen:real_sld_jtag_hub|sld_rom_sr:hub_info_reg|word_counter[2]~1 ; LABCELL_X2_Y2_N39  ; 8       ; Clock enable               ; no     ; --                   ; --               ; --                        ;
; sld_hub:auto_hub|alt_sld_fab_with_jtag_input:\instrumentation_fabric_with_node_gen:fabric_gen_new_way:with_jtag_input_gen:instrumentation_fabric|alt_sld_fab:instrumentation_fabric|alt_sld_fab_alt_sld_fab:alt_sld_fab|alt_sld_fab_alt_sld_fab_sldfabric:sldfabric|sld_jtag_hub:\jtag_hub_gen:real_sld_jtag_hub|sld_shadow_jsm:shadow_jsm|state[0]        ; FF_X5_Y2_N26       ; 15      ; Async. clear               ; no     ; --                   ; --               ; --                        ;
; sld_hub:auto_hub|alt_sld_fab_with_jtag_input:\instrumentation_fabric_with_node_gen:fabric_gen_new_way:with_jtag_input_gen:instrumentation_fabric|alt_sld_fab:instrumentation_fabric|alt_sld_fab_alt_sld_fab:alt_sld_fab|alt_sld_fab_alt_sld_fab_sldfabric:sldfabric|sld_jtag_hub:\jtag_hub_gen:real_sld_jtag_hub|sld_shadow_jsm:shadow_jsm|state[11]       ; FF_X1_Y2_N23       ; 12      ; Clock enable               ; no     ; --                   ; --               ; --                        ;
; sld_hub:auto_hub|alt_sld_fab_with_jtag_input:\instrumentation_fabric_with_node_gen:fabric_gen_new_way:with_jtag_input_gen:instrumentation_fabric|alt_sld_fab:instrumentation_fabric|alt_sld_fab_alt_sld_fab:alt_sld_fab|alt_sld_fab_alt_sld_fab_sldfabric:sldfabric|sld_jtag_hub:\jtag_hub_gen:real_sld_jtag_hub|virtual_ir_dr_scan_proc~0                 ; LABCELL_X5_Y2_N27  ; 3       ; Clock enable               ; no     ; --                   ; --               ; --                        ;
; sld_hub:auto_hub|alt_sld_fab_with_jtag_input:\instrumentation_fabric_with_node_gen:fabric_gen_new_way:with_jtag_input_gen:instrumentation_fabric|alt_sld_fab:instrumentation_fabric|alt_sld_fab_alt_sld_fab:alt_sld_fab|alt_sld_fab_alt_sld_fab_sldfabric:sldfabric|sld_jtag_hub:\jtag_hub_gen:real_sld_jtag_hub|virtual_ir_scan_reg                       ; FF_X5_Y2_N20       ; 75      ; Async. clear, Clock enable ; no     ; --                   ; --               ; --                        ;
; sld_hub:auto_hub|alt_sld_fab_with_jtag_input:\instrumentation_fabric_with_node_gen:fabric_gen_new_way:with_jtag_input_gen:instrumentation_fabric|alt_sld_fab:instrumentation_fabric|alt_sld_fab_alt_sld_fab:alt_sld_fab|sldfabric_ident_writedata[0]~0                                                                                                     ; LABCELL_X2_Y2_N9   ; 4       ; Clock enable               ; no     ; --                   ; --               ; --                        ;
+------------------------------------------------------------------------------------------------------------------------------------------------------------------------------------------------------------------------------------------------------------------------------------------------------------------------------------------------------------+--------------------+---------+----------------------------+--------+----------------------+------------------+---------------------------+


+-------------------------------------------------------------------------------------------------+
; Global & Other Fast Signals                                                                     ;
+------+----------+---------+----------------------+------------------+---------------------------+
; Name ; Location ; Fan-Out ; Global Resource Used ; Global Line Name ; Enable Signal Source Name ;
+------+----------+---------+----------------------+------------------+---------------------------+
; clk  ; PIN_M9   ; 285     ; Global Clock         ; GCLK5            ; --                        ;
+------+----------+---------+----------------------+------------------+---------------------------+


+----------------------------------------------------------------------------------------------------------------------------------------------------------------------------------------------------------------------------------------------------------------------------------------------------------------------------------------------------------------------------------------------------------------------------------------------------------------------------------------------------------------------------------------------------------------------------------------------------------------------------------------------------------------------------------------------------------------------------------------------------------------------------------------------------------------------------------------------------------------------------------------------+
; Fitter RAM Summary                                                                                                                                                                                                                                                                                                                                                                                                                                                                                                                                                                                                                                                                                                                                                                                                                                                                           ;
+-------------------------------------------------------------------------------------------------------------------------------------------------------------------+------+------------------+--------------+--------------+--------------+--------------+--------------+------------------------+-------------------------+------------------------+-------------------------+-------+-----------------------------+-----------------------------+-----------------------------+-----------------------------+---------------------+-------------+-------+-------------------------------------------------------+------------------------------------------------------------------------------------------------------------------------------+----------------------+-----------------+-----------------+----------+------------------------+---------------------------------------------+
; Name                                                                                                                                                              ; Type ; Mode             ; Clock Mode   ; Port A Depth ; Port A Width ; Port B Depth ; Port B Width ; Port A Input Registers ; Port A Output Registers ; Port B Input Registers ; Port B Output Registers ; Size  ; Implementation Port A Depth ; Implementation Port A Width ; Implementation Port B Depth ; Implementation Port B Width ; Implementation Bits ; M10K blocks ; MLABs ; MIF                                                   ; Location                                                                                                                     ; Mixed Width RDW Mode ; Port A RDW Mode ; Port B RDW Mode ; ECC Mode ; ECC Pipeline Registers ; Fits in MLABs                               ;
+-------------------------------------------------------------------------------------------------------------------------------------------------------------------+------+------------------+--------------+--------------+--------------+--------------+--------------+------------------------+-------------------------+------------------------+-------------------------+-------+-----------------------------+-----------------------------+-----------------------------+-----------------------------+---------------------+-------------+-------+-------------------------------------------------------+------------------------------------------------------------------------------------------------------------------------------+----------------------+-----------------+-----------------+----------+------------------------+---------------------------------------------+
; jtag_bridge_system:bridge_sys_inst|capture_buffer:capture_buffer_0|altsyncram:mem_rtl_0|altsyncram_flo1:auto_generated|ALTSYNCRAM                                 ; AUTO ; Simple Dual Port ; Single Clock ; 8192         ; 8            ; 8192         ; 8            ; yes                    ; no                      ; yes                    ; no                      ; 65536 ; 8192                        ; 8                           ; 8192                        ; 8                           ; 65536               ; 8           ; 0     ; db/oscilatorRing.ram0_capture_buffer_49830562.hdl.mif ; M10K_X11_Y9_N0, M10K_X11_Y10_N0, M10K_X11_Y8_N0, M10K_X3_Y10_N0, M10K_X3_Y8_N0, M10K_X3_Y9_N0, M10K_X3_Y7_N0, M10K_X11_Y7_N0 ; Don't care           ; New data        ; New data        ; Off      ; No                     ; No - Address Too Wide                       ;
; jtag_bridge_system:bridge_sys_inst|jtag_bridge_system_master_0:master_0|altera_avalon_sc_fifo:fifo|altsyncram:mem_rtl_0|altsyncram_g0n1:auto_generated|ALTSYNCRAM ; AUTO ; Simple Dual Port ; Single Clock ; 64           ; 8            ; 64           ; 8            ; yes                    ; no                      ; yes                    ; yes                     ; 512   ; 64                          ; 8                           ; 64                          ; 8                           ; 512                 ; 1           ; 0     ; None                                                  ; M10K_X3_Y6_N0                                                                                                                ; Old data             ; New data        ; New data        ; Off      ; No                     ; No - Unsupported Mixed Feed Through Setting ;
+-------------------------------------------------------------------------------------------------------------------------------------------------------------------+------+------------------+--------------+--------------+--------------+--------------+--------------+------------------------+-------------------------+------------------------+-------------------------+-------+-----------------------------+-----------------------------+-----------------------------+-----------------------------+---------------------+-------------+-------+-------------------------------------------------------+------------------------------------------------------------------------------------------------------------------------------+----------------------+-----------------+-----------------+----------+------------------------+---------------------------------------------+
Note: Fitter may spread logical memories into multiple blocks to improve timing. The actual required RAM blocks can be found in the Fitter Resource Usage section.


+--------------------------------------------------------+
; Routing Usage Summary                                  ;
+------------------------------+-------------------------+
; Routing Resource Type        ; Usage                   ;
+------------------------------+-------------------------+
; Block interconnects          ; 1,657 / 140,056 ( 1 % ) ;
; C12 interconnects            ; 0 / 6,048 ( 0 % )       ;
; C2 interconnects             ; 468 / 54,648 ( < 1 % )  ;
; C4 interconnects             ; 217 / 25,920 ( < 1 % )  ;
; DQS bus muxes                ; 0 / 17 ( 0 % )          ;
; DQS-18 I/O buses             ; 0 / 17 ( 0 % )          ;
; DQS-9 I/O buses              ; 0 / 17 ( 0 % )          ;
; Direct links                 ; 165 / 140,056 ( < 1 % ) ;
; Global clocks                ; 1 / 16 ( 6 % )          ;
; Local interconnects          ; 306 / 36,960 ( < 1 % )  ;
; Quadrant clocks              ; 0 / 88 ( 0 % )          ;
; R14 interconnects            ; 13 / 5,984 ( < 1 % )    ;
; R14/C12 interconnect drivers ; 13 / 9,504 ( < 1 % )    ;
; R3 interconnects             ; 697 / 60,192 ( 1 % )    ;
; R6 interconnects             ; 960 / 127,072 ( < 1 % ) ;
; Spine clocks                 ; 1 / 120 ( < 1 % )       ;
; Wire stub REs                ; 0 / 7,344 ( 0 % )       ;
+------------------------------+-------------------------+


+------------------------------------------+
; I/O Rules Summary                        ;
+----------------------------------+-------+
; I/O Rules Statistic              ; Total ;
+----------------------------------+-------+
; Total I/O Rules                  ; 28    ;
; Number of I/O Rules Passed       ; 6     ;
; Number of I/O Rules Failed       ; 0     ;
; Number of I/O Rules Unchecked    ; 0     ;
; Number of I/O Rules Inapplicable ; 22    ;
+----------------------------------+-------+


+--------------------------------------------------------------------------------------------------------------------------------------------------------------------------------------------------------------------------------------------------------------------+
; I/O Rules Details                                                                                                                                                                                                                                                  ;
+--------------+-----------+-----------------------------------+------------------------------------------------------------------------------------+----------+--------------------------------------------------------------------------+------+-------------------+
; Status       ; ID        ; Category                          ; Rule Description                                                                   ; Severity ; Information                                                              ; Area ; Extra Information ;
+--------------+-----------+-----------------------------------+------------------------------------------------------------------------------------+----------+--------------------------------------------------------------------------+------+-------------------+
; Inapplicable ; IO_000002 ; Capacity Checks                   ; Number of clocks in an I/O bank should not exceed the number of clocks available.  ; Critical ; No Global Signal assignments found.                                      ; I/O  ;                   ;
; Pass         ; IO_000001 ; Capacity Checks                   ; Number of pins in an I/O bank should not exceed the number of locations available. ; Critical ; 0 such failures found.                                                   ; I/O  ;                   ;
; Pass         ; IO_000003 ; Capacity Checks                   ; Number of pins in a Vrefgroup should not exceed the number of locations available. ; Critical ; 0 such failures found.                                                   ; I/O  ;                   ;
; Inapplicable ; IO_000004 ; Voltage Compatibility Checks      ; The I/O bank should support the requested VCCIO.                                   ; Critical ; No IOBANK_VCCIO assignments found.                                       ; I/O  ;                   ;
; Inapplicable ; IO_000005 ; Voltage Compatibility Checks      ; The I/O bank should not have competing VREF values.                                ; Critical ; No VREF I/O Standard assignments found.                                  ; I/O  ;                   ;
; Pass         ; IO_000006 ; Voltage Compatibility Checks      ; The I/O bank should not have competing VCCIO values.                               ; Critical ; 0 such failures found.                                                   ; I/O  ;                   ;
; Pass         ; IO_000007 ; Valid Location Checks             ; Checks for unavailable locations.                                                  ; Critical ; 0 such failures found.                                                   ; I/O  ;                   ;
; Inapplicable ; IO_000008 ; Valid Location Checks             ; Checks for reserved locations.                                                     ; Critical ; No reserved LogicLock region found.                                      ; I/O  ;                   ;
; Inapplicable ; IO_000047 ; I/O Properties Checks for One I/O ; On Chip Termination and Slew Rate should not be used at the same time.             ; Critical ; No Slew Rate assignments found.                                          ; I/O  ;                   ;
; Inapplicable ; IO_000046 ; I/O Properties Checks for One I/O ; The location should support the requested Slew Rate value.                         ; Critical ; No Slew Rate assignments found.                                          ; I/O  ;                   ;
; Inapplicable ; IO_000045 ; I/O Properties Checks for One I/O ; The I/O standard should support the requested Slew Rate value.                     ; Critical ; No Slew Rate assignments found.                                          ; I/O  ;                   ;
; Inapplicable ; IO_000027 ; I/O Properties Checks for One I/O ; Weak Pull Up and Bus Hold should not be used at the same time.                     ; Critical ; No Enable Bus-Hold Circuitry or Weak Pull-Up Resistor assignments found. ; I/O  ;                   ;
; Inapplicable ; IO_000026 ; I/O Properties Checks for One I/O ; On Chip Termination and Current Strength should not be used at the same time.      ; Critical ; No Current Strength or Termination assignments found.                    ; I/O  ;                   ;
; Inapplicable ; IO_000024 ; I/O Properties Checks for One I/O ; The I/O direction should support the On Chip Termination value.                    ; Critical ; No Termination assignments found.                                        ; I/O  ;                   ;
; Inapplicable ; IO_000023 ; I/O Properties Checks for One I/O ; The I/O standard should support the Open Drain value.                              ; Critical ; No open drain assignments found.                                         ; I/O  ;                   ;
; Inapplicable ; IO_000022 ; I/O Properties Checks for One I/O ; The I/O standard should support the requested Bus Hold value.                      ; Critical ; No Enable Bus-Hold Circuitry assignments found.                          ; I/O  ;                   ;
; Inapplicable ; IO_000021 ; I/O Properties Checks for One I/O ; The I/O standard should support the requested Weak Pull Up value.                  ; Critical ; No Weak Pull-Up Resistor assignments found.                              ; I/O  ;                   ;
; Inapplicable ; IO_000020 ; I/O Properties Checks for One I/O ; The I/O standard should support the requested PCI Clamp Diode.                     ; Critical ; No Clamping Diode assignments found.                                     ; I/O  ;                   ;
; Inapplicable ; IO_000019 ; I/O Properties Checks for One I/O ; The I/O standard should support the requested On Chip Termination value.           ; Critical ; No Termination assignments found.                                        ; I/O  ;                   ;
; Inapplicable ; IO_000018 ; I/O Properties Checks for One I/O ; The I/O standard should support the requested Current Strength.                    ; Critical ; No Current Strength assignments found.                                   ; I/O  ;                   ;
; Inapplicable ; IO_000015 ; I/O Properties Checks for One I/O ; The location should support the requested PCI Clamp Diode.                         ; Critical ; No Clamping Diode assignments found.                                     ; I/O  ;                   ;
; Inapplicable ; IO_000014 ; I/O Properties Checks for One I/O ; The location should support the requested Weak Pull Up value.                      ; Critical ; No Weak Pull-Up Resistor assignments found.                              ; I/O  ;                   ;
; Inapplicable ; IO_000013 ; I/O Properties Checks for One I/O ; The location should support the requested Bus Hold value.                          ; Critical ; No Enable Bus-Hold Circuitry assignments found.                          ; I/O  ;                   ;
; Inapplicable ; IO_000012 ; I/O Properties Checks for One I/O ; The location should support the requested On Chip Termination value.               ; Critical ; No Termination assignments found.                                        ; I/O  ;                   ;
; Inapplicable ; IO_000011 ; I/O Properties Checks for One I/O ; The location should support the requested Current Strength.                        ; Critical ; No Current Strength assignments found.                                   ; I/O  ;                   ;
; Pass         ; IO_000010 ; I/O Properties Checks for One I/O ; The location should support the requested I/O direction.                           ; Critical ; 0 such failures found.                                                   ; I/O  ;                   ;
; Pass         ; IO_000009 ; I/O Properties Checks for One I/O ; The location should support the requested I/O standard.                            ; Critical ; 0 such failures found.                                                   ; I/O  ;                   ;
; Inapplicable ; IO_000034 ; SI Related Distance Checks        ; Single-ended outputs should be 0 LAB row(s) away from a differential I/O.          ; High     ; No Differential I/O Standard assignments found.                          ; I/O  ;                   ;
+--------------+-----------+-----------------------------------+------------------------------------------------------------------------------------+----------+--------------------------------------------------------------------------+------+-------------------+


+------------------------------------------------------------------------------------------------------------------------------------------------------------------------------------------------------------------------------------------------------------------------------------------------------------------------------------------------------------------------------------------------------------------------------------------------+
; I/O Rules Matrix                                                                                                                                                                                                                                                                                                                                                                                                                               ;
+---------------------+--------------+--------------+--------------+--------------+--------------+-----------+--------------+--------------+--------------+--------------+--------------+--------------+--------------+--------------+--------------+--------------+--------------+--------------+--------------+--------------+--------------+--------------+--------------+--------------+--------------+-----------+-----------+--------------+
; Pin/Rules           ; IO_000002    ; IO_000001    ; IO_000003    ; IO_000004    ; IO_000005    ; IO_000006 ; IO_000007    ; IO_000008    ; IO_000047    ; IO_000046    ; IO_000045    ; IO_000027    ; IO_000026    ; IO_000024    ; IO_000023    ; IO_000022    ; IO_000021    ; IO_000020    ; IO_000019    ; IO_000018    ; IO_000015    ; IO_000014    ; IO_000013    ; IO_000012    ; IO_000011    ; IO_000010 ; IO_000009 ; IO_000034    ;
+---------------------+--------------+--------------+--------------+--------------+--------------+-----------+--------------+--------------+--------------+--------------+--------------+--------------+--------------+--------------+--------------+--------------+--------------+--------------+--------------+--------------+--------------+--------------+--------------+--------------+--------------+-----------+-----------+--------------+
; Total Pass          ; 0            ; 1            ; 1            ; 0            ; 0            ; 5         ; 1            ; 0            ; 0            ; 0            ; 0            ; 0            ; 0            ; 0            ; 0            ; 0            ; 0            ; 0            ; 0            ; 0            ; 0            ; 0            ; 0            ; 0            ; 0            ; 5         ; 5         ; 0            ;
; Total Unchecked     ; 0            ; 0            ; 0            ; 0            ; 0            ; 0         ; 0            ; 0            ; 0            ; 0            ; 0            ; 0            ; 0            ; 0            ; 0            ; 0            ; 0            ; 0            ; 0            ; 0            ; 0            ; 0            ; 0            ; 0            ; 0            ; 0         ; 0         ; 0            ;
; Total Inapplicable  ; 5            ; 4            ; 4            ; 5            ; 5            ; 0         ; 4            ; 5            ; 5            ; 5            ; 5            ; 5            ; 5            ; 5            ; 5            ; 5            ; 5            ; 5            ; 5            ; 5            ; 5            ; 5            ; 5            ; 5            ; 5            ; 0         ; 0         ; 5            ;
; Total Fail          ; 0            ; 0            ; 0            ; 0            ; 0            ; 0         ; 0            ; 0            ; 0            ; 0            ; 0            ; 0            ; 0            ; 0            ; 0            ; 0            ; 0            ; 0            ; 0            ; 0            ; 0            ; 0            ; 0            ; 0            ; 0            ; 0         ; 0         ; 0            ;
; clk                 ; Inapplicable ; Pass         ; Pass         ; Inapplicable ; Inapplicable ; Pass      ; Pass         ; Inapplicable ; Inapplicable ; Inapplicable ; Inapplicable ; Inapplicable ; Inapplicable ; Inapplicable ; Inapplicable ; Inapplicable ; Inapplicable ; Inapplicable ; Inapplicable ; Inapplicable ; Inapplicable ; Inapplicable ; Inapplicable ; Inapplicable ; Inapplicable ; Pass      ; Pass      ; Inapplicable ;
; altera_reserved_tms ; Inapplicable ; Inapplicable ; Inapplicable ; Inapplicable ; Inapplicable ; Pass      ; Inapplicable ; Inapplicable ; Inapplicable ; Inapplicable ; Inapplicable ; Inapplicable ; Inapplicable ; Inapplicable ; Inapplicable ; Inapplicable ; Inapplicable ; Inapplicable ; Inapplicable ; Inapplicable ; Inapplicable ; Inapplicable ; Inapplicable ; Inapplicable ; Inapplicable ; Pass      ; Pass      ; Inapplicable ;
; altera_reserved_tck ; Inapplicable ; Inapplicable ; Inapplicable ; Inapplicable ; Inapplicable ; Pass      ; Inapplicable ; Inapplicable ; Inapplicable ; Inapplicable ; Inapplicable ; Inapplicable ; Inapplicable ; Inapplicable ; Inapplicable ; Inapplicable ; Inapplicable ; Inapplicable ; Inapplicable ; Inapplicable ; Inapplicable ; Inapplicable ; Inapplicable ; Inapplicable ; Inapplicable ; Pass      ; Pass      ; Inapplicable ;
; altera_reserved_tdi ; Inapplicable ; Inapplicable ; Inapplicable ; Inapplicable ; Inapplicable ; Pass      ; Inapplicable ; Inapplicable ; Inapplicable ; Inapplicable ; Inapplicable ; Inapplicable ; Inapplicable ; Inapplicable ; Inapplicable ; Inapplicable ; Inapplicable ; Inapplicable ; Inapplicable ; Inapplicable ; Inapplicable ; Inapplicable ; Inapplicable ; Inapplicable ; Inapplicable ; Pass      ; Pass      ; Inapplicable ;
; altera_reserved_tdo ; Inapplicable ; Inapplicable ; Inapplicable ; Inapplicable ; Inapplicable ; Pass      ; Inapplicable ; Inapplicable ; Inapplicable ; Inapplicable ; Inapplicable ; Inapplicable ; Inapplicable ; Inapplicable ; Inapplicable ; Inapplicable ; Inapplicable ; Inapplicable ; Inapplicable ; Inapplicable ; Inapplicable ; Inapplicable ; Inapplicable ; Inapplicable ; Inapplicable ; Pass      ; Pass      ; Inapplicable ;
+---------------------+--------------+--------------+--------------+--------------+--------------+-----------+--------------+--------------+--------------+--------------+--------------+--------------+--------------+--------------+--------------+--------------+--------------+--------------+--------------+--------------+--------------+--------------+--------------+--------------+--------------+-----------+-----------+--------------+


+------------------------------------------------------------------------------------------------+
; Fitter Device Options                                                                          ;
+------------------------------------------------------------------+-----------------------------+
; Option                                                           ; Setting                     ;
+------------------------------------------------------------------+-----------------------------+
; Enable user-supplied start-up clock (CLKUSR)                     ; Off                         ;
; Enable device-wide reset (DEV_CLRn)                              ; Off                         ;
; Enable device-wide output enable (DEV_OE)                        ; Off                         ;
; Enable INIT_DONE output                                          ; Off                         ;
; Configuration scheme                                             ; Passive Serial              ;
; Enable Error Detection CRC_ERROR pin                             ; Off                         ;
; Enable CvP_CONFDONE pin                                          ; Off                         ;
; Enable open drain on CRC_ERROR pin                               ; On                          ;
; Enable open drain on CvP_CONFDONE pin                            ; On                          ;
; Enable open drain on INIT_DONE pin                               ; On                          ;
; Enable open drain on Partial Reconfiguration pins                ; Off                         ;
; Enable open drain on nCEO pin                                    ; On                          ;
; Enable Partial Reconfiguration pins                              ; Off                         ;
; Enable input tri-state on active configuration pins in user mode ; Off                         ;
; Enable internal scrubbing                                        ; Off                         ;
; Active Serial clock source                                       ; 100 MHz Internal Oscillator ;
; Device initialization clock source                               ; Internal Oscillator         ;
; Configuration via Protocol                                       ; Off                         ;
; Configuration Voltage Level                                      ; Auto                        ;
; Force Configuration Voltage Level                                ; Off                         ;
; Enable nCEO output                                               ; Off                         ;
; Data[15..8]                                                      ; Unreserved                  ;
; Data[7..5]                                                       ; Unreserved                  ;
; Base pin-out file on sameframe device                            ; Off                         ;
+------------------------------------------------------------------+-----------------------------+


+------------------------------------+
; Operating Settings and Conditions  ;
+---------------------------+--------+
; Setting                   ; Value  ;
+---------------------------+--------+
; Nominal Core Voltage      ; 1.10 V ;
; Low Junction Temperature  ; 0 °C   ;
; High Junction Temperature ; 85 °C  ;
+---------------------------+--------+


+--------------------------------------------------------------------+
; Estimated Delay Added for Hold Timing Summary                      ;
+-------------------------+----------------------+-------------------+
; Source Clock(s)         ; Destination Clock(s) ; Delay Added in ns ;
+-------------------------+----------------------+-------------------+
; altera_reserved_tck     ; altera_reserved_tck  ; 337.4             ;
; altera_reserved_tck,I/O ; altera_reserved_tck  ; 10.8              ;
+-------------------------+----------------------+-------------------+
Note: For more information on problematic transfers, consider running the Fitter again with the Optimize hold timing option (Settings Menu) turned off.
This will disable optimization of problematic paths and expose them for further analysis using the Timing Analyzer.


+-----------------------------------------------------------------------------------------------------------------------------------------------------------------------------------------------------------------------------------------------------------------------------------------------------------------------------------------------------------------------------------------------------------------------------------------------------------------------------------------------------------------------------------------------------------------------------------------------------------------------------------------------------------------------------------------------------------------------------------------+
; Estimated Delay Added for Hold Timing Details                                                                                                                                                                                                                                                                                                                                                                                                                                                                                                                                                                                                                                                                                           ;
+----------------------------------------------------------------------------------------------------------------------------------------------------------------------------------------------------------------------------------------------------------------------------------------------------------------------------------------------------------+----------------------------------------------------------------------------------------------------------------------------------------------------------------------------------------------------------------------------------------------------------------------------------------------------------------------------------------------------------+-------------------+
; Source Register                                                                                                                                                                                                                                                                                                                                          ; Destination Register                                                                                                                                                                                                                                                                                                                                     ; Delay Added in ns ;
+----------------------------------------------------------------------------------------------------------------------------------------------------------------------------------------------------------------------------------------------------------------------------------------------------------------------------------------------------------+----------------------------------------------------------------------------------------------------------------------------------------------------------------------------------------------------------------------------------------------------------------------------------------------------------------------------------------------------------+-------------------+
; jtag_bridge_system:bridge_sys_inst|jtag_bridge_system_master_0:master_0|altera_avalon_st_jtag_interface:jtag_phy_embedded_in_jtag_master|altera_jtag_dc_streaming:normal.jtag_dc_streaming|altera_jtag_streaming:jtag_streaming|padded_bit_counter[1]                                                                                                    ; jtag_bridge_system:bridge_sys_inst|jtag_bridge_system_master_0:master_0|altera_avalon_st_jtag_interface:jtag_phy_embedded_in_jtag_master|altera_jtag_dc_streaming:normal.jtag_dc_streaming|altera_jtag_streaming:jtag_streaming|dr_data_out[6]                                                                                                           ; 1.826             ;
; jtag_bridge_system:bridge_sys_inst|jtag_bridge_system_master_0:master_0|altera_avalon_st_jtag_interface:jtag_phy_embedded_in_jtag_master|altera_jtag_dc_streaming:normal.jtag_dc_streaming|altera_jtag_streaming:jtag_streaming|padded_bit_counter[2]                                                                                                    ; jtag_bridge_system:bridge_sys_inst|jtag_bridge_system_master_0:master_0|altera_avalon_st_jtag_interface:jtag_phy_embedded_in_jtag_master|altera_jtag_dc_streaming:normal.jtag_dc_streaming|altera_jtag_streaming:jtag_streaming|dr_data_out[6]                                                                                                           ; 1.792             ;
; jtag_bridge_system:bridge_sys_inst|jtag_bridge_system_master_0:master_0|altera_avalon_st_jtag_interface:jtag_phy_embedded_in_jtag_master|altera_jtag_dc_streaming:normal.jtag_dc_streaming|altera_jtag_streaming:jtag_streaming|scan_length_byte_counter[0]                                                                                              ; jtag_bridge_system:bridge_sys_inst|jtag_bridge_system_master_0:master_0|altera_avalon_st_jtag_interface:jtag_phy_embedded_in_jtag_master|altera_jtag_dc_streaming:normal.jtag_dc_streaming|altera_jtag_streaming:jtag_streaming|dr_data_out[6]                                                                                                           ; 1.599             ;
; jtag_bridge_system:bridge_sys_inst|jtag_bridge_system_master_0:master_0|altera_avalon_st_jtag_interface:jtag_phy_embedded_in_jtag_master|altera_jtag_dc_streaming:normal.jtag_dc_streaming|altera_jtag_streaming:jtag_streaming|scan_length_byte_counter[1]                                                                                              ; jtag_bridge_system:bridge_sys_inst|jtag_bridge_system_master_0:master_0|altera_avalon_st_jtag_interface:jtag_phy_embedded_in_jtag_master|altera_jtag_dc_streaming:normal.jtag_dc_streaming|altera_jtag_streaming:jtag_streaming|dr_data_out[6]                                                                                                           ; 1.591             ;
; sld_hub:auto_hub|alt_sld_fab_with_jtag_input:\instrumentation_fabric_with_node_gen:fabric_gen_new_way:with_jtag_input_gen:instrumentation_fabric|alt_sld_fab:instrumentation_fabric|alt_sld_fab_alt_sld_fab:alt_sld_fab|alt_sld_fab_alt_sld_fab_sldfabric:sldfabric|sld_jtag_hub:\jtag_hub_gen:real_sld_jtag_hub|irf_reg[1][2]                           ; jtag_bridge_system:bridge_sys_inst|jtag_bridge_system_master_0:master_0|altera_avalon_st_jtag_interface:jtag_phy_embedded_in_jtag_master|altera_jtag_dc_streaming:normal.jtag_dc_streaming|altera_jtag_streaming:jtag_streaming|read_state.ST_READ_DATA                                                                                                  ; 1.586             ;
; jtag_bridge_system:bridge_sys_inst|jtag_bridge_system_master_0:master_0|altera_avalon_st_jtag_interface:jtag_phy_embedded_in_jtag_master|altera_jtag_dc_streaming:normal.jtag_dc_streaming|altera_jtag_streaming:jtag_streaming|padded_bit_counter[5]                                                                                                    ; jtag_bridge_system:bridge_sys_inst|jtag_bridge_system_master_0:master_0|altera_avalon_st_jtag_interface:jtag_phy_embedded_in_jtag_master|altera_jtag_dc_streaming:normal.jtag_dc_streaming|altera_jtag_streaming:jtag_streaming|dr_data_out[6]                                                                                                           ; 1.583             ;
; jtag_bridge_system:bridge_sys_inst|jtag_bridge_system_master_0:master_0|altera_avalon_st_jtag_interface:jtag_phy_embedded_in_jtag_master|altera_jtag_dc_streaming:normal.jtag_dc_streaming|altera_jtag_streaming:jtag_streaming|padded_bit_counter[4]                                                                                                    ; jtag_bridge_system:bridge_sys_inst|jtag_bridge_system_master_0:master_0|altera_avalon_st_jtag_interface:jtag_phy_embedded_in_jtag_master|altera_jtag_dc_streaming:normal.jtag_dc_streaming|altera_jtag_streaming:jtag_streaming|dr_data_out[6]                                                                                                           ; 1.581             ;
; jtag_bridge_system:bridge_sys_inst|jtag_bridge_system_master_0:master_0|altera_avalon_st_jtag_interface:jtag_phy_embedded_in_jtag_master|altera_jtag_dc_streaming:normal.jtag_dc_streaming|altera_jtag_streaming:jtag_streaming|padded_bit_counter[3]                                                                                                    ; jtag_bridge_system:bridge_sys_inst|jtag_bridge_system_master_0:master_0|altera_avalon_st_jtag_interface:jtag_phy_embedded_in_jtag_master|altera_jtag_dc_streaming:normal.jtag_dc_streaming|altera_jtag_streaming:jtag_streaming|dr_data_out[6]                                                                                                           ; 1.577             ;
; jtag_bridge_system:bridge_sys_inst|jtag_bridge_system_master_0:master_0|altera_avalon_st_jtag_interface:jtag_phy_embedded_in_jtag_master|altera_jtag_dc_streaming:normal.jtag_dc_streaming|altera_jtag_streaming:jtag_streaming|scan_length_byte_counter[4]                                                                                              ; jtag_bridge_system:bridge_sys_inst|jtag_bridge_system_master_0:master_0|altera_avalon_st_jtag_interface:jtag_phy_embedded_in_jtag_master|altera_jtag_dc_streaming:normal.jtag_dc_streaming|altera_jtag_streaming:jtag_streaming|dr_data_out[6]                                                                                                           ; 1.567             ;
; sld_hub:auto_hub|alt_sld_fab_with_jtag_input:\instrumentation_fabric_with_node_gen:fabric_gen_new_way:with_jtag_input_gen:instrumentation_fabric|alt_sld_fab:instrumentation_fabric|alt_sld_fab_alt_sld_fab:alt_sld_fab|alt_sld_fab_alt_sld_fab_sldfabric:sldfabric|sld_jtag_hub:\jtag_hub_gen:real_sld_jtag_hub|irf_reg[1][1]                           ; jtag_bridge_system:bridge_sys_inst|jtag_bridge_system_master_0:master_0|altera_avalon_st_jtag_interface:jtag_phy_embedded_in_jtag_master|altera_jtag_dc_streaming:normal.jtag_dc_streaming|altera_jtag_streaming:jtag_streaming|read_state.ST_READ_DATA                                                                                                  ; 1.555             ;
; sld_hub:auto_hub|alt_sld_fab_with_jtag_input:\instrumentation_fabric_with_node_gen:fabric_gen_new_way:with_jtag_input_gen:instrumentation_fabric|alt_sld_fab:instrumentation_fabric|alt_sld_fab_alt_sld_fab:alt_sld_fab|alt_sld_fab_alt_sld_fab_sldfabric:sldfabric|sld_jtag_hub:\jtag_hub_gen:real_sld_jtag_hub|irf_reg[1][0]                           ; jtag_bridge_system:bridge_sys_inst|jtag_bridge_system_master_0:master_0|altera_avalon_st_jtag_interface:jtag_phy_embedded_in_jtag_master|altera_jtag_dc_streaming:normal.jtag_dc_streaming|altera_jtag_streaming:jtag_streaming|read_state.ST_READ_DATA                                                                                                  ; 1.552             ;
; jtag_bridge_system:bridge_sys_inst|jtag_bridge_system_master_0:master_0|altera_avalon_st_jtag_interface:jtag_phy_embedded_in_jtag_master|altera_jtag_dc_streaming:normal.jtag_dc_streaming|altera_jtag_streaming:jtag_streaming|scan_length_byte_counter[18]                                                                                             ; jtag_bridge_system:bridge_sys_inst|jtag_bridge_system_master_0:master_0|altera_avalon_st_jtag_interface:jtag_phy_embedded_in_jtag_master|altera_jtag_dc_streaming:normal.jtag_dc_streaming|altera_jtag_streaming:jtag_streaming|dr_data_out[6]                                                                                                           ; 1.497             ;
; jtag_bridge_system:bridge_sys_inst|jtag_bridge_system_master_0:master_0|altera_avalon_st_jtag_interface:jtag_phy_embedded_in_jtag_master|altera_jtag_dc_streaming:normal.jtag_dc_streaming|altera_jtag_streaming:jtag_streaming|padded_bit_counter[0]                                                                                                    ; jtag_bridge_system:bridge_sys_inst|jtag_bridge_system_master_0:master_0|altera_avalon_st_jtag_interface:jtag_phy_embedded_in_jtag_master|altera_jtag_dc_streaming:normal.jtag_dc_streaming|altera_jtag_streaming:jtag_streaming|read_state.ST_READ_DATA                                                                                                  ; 1.494             ;
; jtag_bridge_system:bridge_sys_inst|jtag_bridge_system_master_0:master_0|altera_avalon_st_jtag_interface:jtag_phy_embedded_in_jtag_master|altera_jtag_dc_streaming:normal.jtag_dc_streaming|altera_jtag_streaming:jtag_streaming|write_state.ST_BYPASS                                                                                                    ; jtag_bridge_system:bridge_sys_inst|jtag_bridge_system_master_0:master_0|altera_avalon_st_jtag_interface:jtag_phy_embedded_in_jtag_master|altera_jtag_dc_streaming:normal.jtag_dc_streaming|altera_jtag_streaming:jtag_streaming|header_in_bit_counter[1]                                                                                                 ; 1.491             ;
; jtag_bridge_system:bridge_sys_inst|jtag_bridge_system_master_0:master_0|altera_avalon_st_jtag_interface:jtag_phy_embedded_in_jtag_master|altera_jtag_dc_streaming:normal.jtag_dc_streaming|altera_jtag_streaming:jtag_streaming|padded_bit_counter[6]                                                                                                    ; jtag_bridge_system:bridge_sys_inst|jtag_bridge_system_master_0:master_0|altera_avalon_st_jtag_interface:jtag_phy_embedded_in_jtag_master|altera_jtag_dc_streaming:normal.jtag_dc_streaming|altera_jtag_streaming:jtag_streaming|dr_data_out[6]                                                                                                           ; 1.484             ;
; jtag_bridge_system:bridge_sys_inst|jtag_bridge_system_master_0:master_0|altera_avalon_st_jtag_interface:jtag_phy_embedded_in_jtag_master|altera_jtag_dc_streaming:normal.jtag_dc_streaming|altera_jtag_streaming:jtag_streaming|write_state.ST_WRITE_DATA                                                                                                ; jtag_bridge_system:bridge_sys_inst|jtag_bridge_system_master_0:master_0|altera_avalon_st_jtag_interface:jtag_phy_embedded_in_jtag_master|altera_jtag_dc_streaming:normal.jtag_dc_streaming|altera_jtag_streaming:jtag_streaming|header_in_bit_counter[1]                                                                                                 ; 1.479             ;
; jtag_bridge_system:bridge_sys_inst|jtag_bridge_system_master_0:master_0|altera_avalon_st_jtag_interface:jtag_phy_embedded_in_jtag_master|altera_jtag_dc_streaming:normal.jtag_dc_streaming|altera_jtag_streaming:jtag_streaming|write_data_bit_counter[0]                                                                                                ; jtag_bridge_system:bridge_sys_inst|jtag_bridge_system_master_0:master_0|altera_avalon_st_jtag_interface:jtag_phy_embedded_in_jtag_master|altera_jtag_dc_streaming:normal.jtag_dc_streaming|altera_jtag_streaming:jtag_streaming|valid_write_data_length_byte_counter[6]                                                                                  ; 1.449             ;
; sld_hub:auto_hub|alt_sld_fab_with_jtag_input:\instrumentation_fabric_with_node_gen:fabric_gen_new_way:with_jtag_input_gen:instrumentation_fabric|alt_sld_fab:instrumentation_fabric|alt_sld_fab_alt_sld_fab:alt_sld_fab|alt_sld_fab_alt_sld_fab_sldfabric:sldfabric|sld_jtag_hub:\jtag_hub_gen:real_sld_jtag_hub|virtual_ir_scan_reg                     ; sld_hub:auto_hub|alt_sld_fab_with_jtag_input:\instrumentation_fabric_with_node_gen:fabric_gen_new_way:with_jtag_input_gen:instrumentation_fabric|alt_sld_fab:instrumentation_fabric|alt_sld_fab_alt_sld_fab:alt_sld_fab|alt_sld_fab_alt_sld_fab_sldfabric:sldfabric|sld_jtag_hub:\jtag_hub_gen:real_sld_jtag_hub|sld_rom_sr:hub_info_reg|word_counter[4] ; 1.439             ;
; jtag_bridge_system:bridge_sys_inst|jtag_bridge_system_master_0:master_0|altera_avalon_st_jtag_interface:jtag_phy_embedded_in_jtag_master|altera_jtag_dc_streaming:normal.jtag_dc_streaming|altera_jtag_streaming:jtag_streaming|write_data_bit_counter[1]                                                                                                ; jtag_bridge_system:bridge_sys_inst|jtag_bridge_system_master_0:master_0|altera_avalon_st_jtag_interface:jtag_phy_embedded_in_jtag_master|altera_jtag_dc_streaming:normal.jtag_dc_streaming|altera_jtag_streaming:jtag_streaming|valid_write_data_length_byte_counter[6]                                                                                  ; 1.438             ;
; jtag_bridge_system:bridge_sys_inst|jtag_bridge_system_master_0:master_0|altera_avalon_st_jtag_interface:jtag_phy_embedded_in_jtag_master|altera_jtag_dc_streaming:normal.jtag_dc_streaming|altera_jtag_streaming:jtag_streaming|write_data_bit_counter[2]                                                                                                ; jtag_bridge_system:bridge_sys_inst|jtag_bridge_system_master_0:master_0|altera_avalon_st_jtag_interface:jtag_phy_embedded_in_jtag_master|altera_jtag_dc_streaming:normal.jtag_dc_streaming|altera_jtag_streaming:jtag_streaming|valid_write_data_length_byte_counter[6]                                                                                  ; 1.436             ;
; jtag_bridge_system:bridge_sys_inst|jtag_bridge_system_master_0:master_0|altera_avalon_st_jtag_interface:jtag_phy_embedded_in_jtag_master|altera_jtag_dc_streaming:normal.jtag_dc_streaming|altera_jtag_streaming:jtag_streaming|scan_length_byte_counter[5]                                                                                              ; jtag_bridge_system:bridge_sys_inst|jtag_bridge_system_master_0:master_0|altera_avalon_st_jtag_interface:jtag_phy_embedded_in_jtag_master|altera_jtag_dc_streaming:normal.jtag_dc_streaming|altera_jtag_streaming:jtag_streaming|dr_data_out[6]                                                                                                           ; 1.430             ;
; sld_hub:auto_hub|alt_sld_fab_with_jtag_input:\instrumentation_fabric_with_node_gen:fabric_gen_new_way:with_jtag_input_gen:instrumentation_fabric|alt_sld_fab:instrumentation_fabric|alt_sld_fab_alt_sld_fab:alt_sld_fab|alt_sld_fab_alt_sld_fab_sldfabric:sldfabric|sld_jtag_hub:\jtag_hub_gen:real_sld_jtag_hub|sld_shadow_jsm:shadow_jsm|state[7]      ; sld_hub:auto_hub|alt_sld_fab_with_jtag_input:\instrumentation_fabric_with_node_gen:fabric_gen_new_way:with_jtag_input_gen:instrumentation_fabric|alt_sld_fab:instrumentation_fabric|alt_sld_fab_alt_sld_fab:alt_sld_fab|alt_sld_fab_alt_sld_fab_sldfabric:sldfabric|sld_jtag_hub:\jtag_hub_gen:real_sld_jtag_hub|hub_mode_reg[1]                         ; 1.295             ;
; sld_hub:auto_hub|alt_sld_fab_with_jtag_input:\instrumentation_fabric_with_node_gen:fabric_gen_new_way:with_jtag_input_gen:instrumentation_fabric|alt_sld_fab:instrumentation_fabric|alt_sld_fab_alt_sld_fab:alt_sld_fab|alt_sld_fab_alt_sld_fab_sldfabric:sldfabric|sld_jtag_hub:\jtag_hub_gen:real_sld_jtag_hub|sld_shadow_jsm:shadow_jsm|state[4]      ; jtag_bridge_system:bridge_sys_inst|jtag_bridge_system_master_0:master_0|altera_avalon_st_jtag_interface:jtag_phy_embedded_in_jtag_master|altera_jtag_dc_streaming:normal.jtag_dc_streaming|altera_jtag_streaming:jtag_streaming|read_state.ST_READ_DATA                                                                                                  ; 1.291             ;
; sld_hub:auto_hub|alt_sld_fab_with_jtag_input:\instrumentation_fabric_with_node_gen:fabric_gen_new_way:with_jtag_input_gen:instrumentation_fabric|alt_sld_fab:instrumentation_fabric|alt_sld_fab_alt_sld_fab:alt_sld_fab|splitter_nodes_receive_0[3]                                                                                                      ; jtag_bridge_system:bridge_sys_inst|jtag_bridge_system_master_0:master_0|altera_avalon_st_jtag_interface:jtag_phy_embedded_in_jtag_master|altera_jtag_dc_streaming:normal.jtag_dc_streaming|altera_jtag_streaming:jtag_streaming|read_state.ST_READ_DATA                                                                                                  ; 1.289             ;
; jtag_bridge_system:bridge_sys_inst|jtag_bridge_system_master_0:master_0|altera_avalon_st_jtag_interface:jtag_phy_embedded_in_jtag_master|altera_jtag_dc_streaming:normal.jtag_dc_streaming|altera_jtag_streaming:jtag_streaming|read_state.ST_HEADER                                                                                                     ; jtag_bridge_system:bridge_sys_inst|jtag_bridge_system_master_0:master_0|altera_avalon_st_jtag_interface:jtag_phy_embedded_in_jtag_master|altera_jtag_dc_streaming:normal.jtag_dc_streaming|altera_jtag_streaming:jtag_streaming|dr_data_out[6]                                                                                                           ; 1.277             ;
; sld_hub:auto_hub|alt_sld_fab_with_jtag_input:\instrumentation_fabric_with_node_gen:fabric_gen_new_way:with_jtag_input_gen:instrumentation_fabric|alt_sld_fab:instrumentation_fabric|alt_sld_fab_alt_sld_fab:alt_sld_fab|alt_sld_fab_alt_sld_fab_sldfabric:sldfabric|sld_jtag_hub:\jtag_hub_gen:real_sld_jtag_hub|sld_shadow_jsm:shadow_jsm|state[8]      ; sld_hub:auto_hub|alt_sld_fab_with_jtag_input:\instrumentation_fabric_with_node_gen:fabric_gen_new_way:with_jtag_input_gen:instrumentation_fabric|alt_sld_fab:instrumentation_fabric|alt_sld_fab_alt_sld_fab:alt_sld_fab|alt_sld_fab_alt_sld_fab_sldfabric:sldfabric|sld_jtag_hub:\jtag_hub_gen:real_sld_jtag_hub|sld_rom_sr:hub_info_reg|word_counter[4] ; 1.264             ;
; jtag_bridge_system:bridge_sys_inst|jtag_bridge_system_master_0:master_0|altera_avalon_st_jtag_interface:jtag_phy_embedded_in_jtag_master|altera_jtag_dc_streaming:normal.jtag_dc_streaming|altera_jtag_streaming:jtag_streaming|padded_bit_counter[8]                                                                                                    ; jtag_bridge_system:bridge_sys_inst|jtag_bridge_system_master_0:master_0|altera_avalon_st_jtag_interface:jtag_phy_embedded_in_jtag_master|altera_jtag_dc_streaming:normal.jtag_dc_streaming|altera_jtag_streaming:jtag_streaming|dr_data_out[6]                                                                                                           ; 1.261             ;
; jtag_bridge_system:bridge_sys_inst|jtag_bridge_system_master_0:master_0|altera_avalon_st_jtag_interface:jtag_phy_embedded_in_jtag_master|altera_jtag_dc_streaming:normal.jtag_dc_streaming|altera_jtag_streaming:jtag_streaming|altera_avalon_st_idle_inserter:idle_inserter|received_esc                                                                ; jtag_bridge_system:bridge_sys_inst|jtag_bridge_system_master_0:master_0|altera_avalon_st_jtag_interface:jtag_phy_embedded_in_jtag_master|altera_jtag_dc_streaming:normal.jtag_dc_streaming|altera_jtag_streaming:jtag_streaming|dr_data_out[6]                                                                                                           ; 1.261             ;
; jtag_bridge_system:bridge_sys_inst|jtag_bridge_system_master_0:master_0|altera_avalon_st_jtag_interface:jtag_phy_embedded_in_jtag_master|altera_jtag_dc_streaming:normal.jtag_dc_streaming|altera_avalon_st_clock_crosser:sink_crosser|altera_avalon_st_pipeline_base:output_stage|data1[7]                                                              ; jtag_bridge_system:bridge_sys_inst|jtag_bridge_system_master_0:master_0|altera_avalon_st_jtag_interface:jtag_phy_embedded_in_jtag_master|altera_jtag_dc_streaming:normal.jtag_dc_streaming|altera_jtag_streaming:jtag_streaming|dr_data_out[6]                                                                                                           ; 1.261             ;
; jtag_bridge_system:bridge_sys_inst|jtag_bridge_system_master_0:master_0|altera_avalon_st_jtag_interface:jtag_phy_embedded_in_jtag_master|altera_jtag_dc_streaming:normal.jtag_dc_streaming|altera_avalon_st_clock_crosser:sink_crosser|altera_avalon_st_pipeline_base:output_stage|data1[6]                                                              ; jtag_bridge_system:bridge_sys_inst|jtag_bridge_system_master_0:master_0|altera_avalon_st_jtag_interface:jtag_phy_embedded_in_jtag_master|altera_jtag_dc_streaming:normal.jtag_dc_streaming|altera_jtag_streaming:jtag_streaming|dr_data_out[6]                                                                                                           ; 1.261             ;
; jtag_bridge_system:bridge_sys_inst|jtag_bridge_system_master_0:master_0|altera_avalon_st_jtag_interface:jtag_phy_embedded_in_jtag_master|altera_jtag_dc_streaming:normal.jtag_dc_streaming|altera_avalon_st_clock_crosser:sink_crosser|altera_avalon_st_pipeline_base:output_stage|data1[5]                                                              ; jtag_bridge_system:bridge_sys_inst|jtag_bridge_system_master_0:master_0|altera_avalon_st_jtag_interface:jtag_phy_embedded_in_jtag_master|altera_jtag_dc_streaming:normal.jtag_dc_streaming|altera_jtag_streaming:jtag_streaming|dr_data_out[6]                                                                                                           ; 1.261             ;
; jtag_bridge_system:bridge_sys_inst|jtag_bridge_system_master_0:master_0|altera_avalon_st_jtag_interface:jtag_phy_embedded_in_jtag_master|altera_jtag_dc_streaming:normal.jtag_dc_streaming|altera_avalon_st_clock_crosser:sink_crosser|altera_avalon_st_pipeline_base:output_stage|data1[4]                                                              ; jtag_bridge_system:bridge_sys_inst|jtag_bridge_system_master_0:master_0|altera_avalon_st_jtag_interface:jtag_phy_embedded_in_jtag_master|altera_jtag_dc_streaming:normal.jtag_dc_streaming|altera_jtag_streaming:jtag_streaming|dr_data_out[6]                                                                                                           ; 1.261             ;
; jtag_bridge_system:bridge_sys_inst|jtag_bridge_system_master_0:master_0|altera_avalon_st_jtag_interface:jtag_phy_embedded_in_jtag_master|altera_jtag_dc_streaming:normal.jtag_dc_streaming|altera_avalon_st_clock_crosser:sink_crosser|altera_avalon_st_pipeline_base:output_stage|data1[0]                                                              ; jtag_bridge_system:bridge_sys_inst|jtag_bridge_system_master_0:master_0|altera_avalon_st_jtag_interface:jtag_phy_embedded_in_jtag_master|altera_jtag_dc_streaming:normal.jtag_dc_streaming|altera_jtag_streaming:jtag_streaming|dr_data_out[6]                                                                                                           ; 1.261             ;
; jtag_bridge_system:bridge_sys_inst|jtag_bridge_system_master_0:master_0|altera_avalon_st_jtag_interface:jtag_phy_embedded_in_jtag_master|altera_jtag_dc_streaming:normal.jtag_dc_streaming|altera_avalon_st_clock_crosser:sink_crosser|altera_avalon_st_pipeline_base:output_stage|data1[2]                                                              ; jtag_bridge_system:bridge_sys_inst|jtag_bridge_system_master_0:master_0|altera_avalon_st_jtag_interface:jtag_phy_embedded_in_jtag_master|altera_jtag_dc_streaming:normal.jtag_dc_streaming|altera_jtag_streaming:jtag_streaming|dr_data_out[6]                                                                                                           ; 1.261             ;
; jtag_bridge_system:bridge_sys_inst|jtag_bridge_system_master_0:master_0|altera_avalon_st_jtag_interface:jtag_phy_embedded_in_jtag_master|altera_jtag_dc_streaming:normal.jtag_dc_streaming|altera_avalon_st_clock_crosser:sink_crosser|altera_avalon_st_pipeline_base:output_stage|full1                                                                 ; jtag_bridge_system:bridge_sys_inst|jtag_bridge_system_master_0:master_0|altera_avalon_st_jtag_interface:jtag_phy_embedded_in_jtag_master|altera_jtag_dc_streaming:normal.jtag_dc_streaming|altera_jtag_streaming:jtag_streaming|dr_data_out[6]                                                                                                           ; 1.261             ;
; jtag_bridge_system:bridge_sys_inst|jtag_bridge_system_master_0:master_0|altera_avalon_st_jtag_interface:jtag_phy_embedded_in_jtag_master|altera_jtag_dc_streaming:normal.jtag_dc_streaming|altera_avalon_st_clock_crosser:sink_crosser|altera_avalon_st_pipeline_base:output_stage|data1[1]                                                              ; jtag_bridge_system:bridge_sys_inst|jtag_bridge_system_master_0:master_0|altera_avalon_st_jtag_interface:jtag_phy_embedded_in_jtag_master|altera_jtag_dc_streaming:normal.jtag_dc_streaming|altera_jtag_streaming:jtag_streaming|dr_data_out[6]                                                                                                           ; 1.261             ;
; jtag_bridge_system:bridge_sys_inst|jtag_bridge_system_master_0:master_0|altera_avalon_st_jtag_interface:jtag_phy_embedded_in_jtag_master|altera_jtag_dc_streaming:normal.jtag_dc_streaming|altera_jtag_streaming:jtag_streaming|read_data_valid                                                                                                          ; jtag_bridge_system:bridge_sys_inst|jtag_bridge_system_master_0:master_0|altera_avalon_st_jtag_interface:jtag_phy_embedded_in_jtag_master|altera_jtag_dc_streaming:normal.jtag_dc_streaming|altera_jtag_streaming:jtag_streaming|dr_data_out[6]                                                                                                           ; 1.261             ;
; jtag_bridge_system:bridge_sys_inst|jtag_bridge_system_master_0:master_0|altera_avalon_st_jtag_interface:jtag_phy_embedded_in_jtag_master|altera_jtag_dc_streaming:normal.jtag_dc_streaming|altera_jtag_streaming:jtag_streaming|scan_length_byte_counter[17]                                                                                             ; jtag_bridge_system:bridge_sys_inst|jtag_bridge_system_master_0:master_0|altera_avalon_st_jtag_interface:jtag_phy_embedded_in_jtag_master|altera_jtag_dc_streaming:normal.jtag_dc_streaming|altera_jtag_streaming:jtag_streaming|dr_data_out[6]                                                                                                           ; 1.261             ;
; jtag_bridge_system:bridge_sys_inst|jtag_bridge_system_master_0:master_0|altera_avalon_st_jtag_interface:jtag_phy_embedded_in_jtag_master|altera_jtag_dc_streaming:normal.jtag_dc_streaming|altera_jtag_streaming:jtag_streaming|scan_length_byte_counter[15]                                                                                             ; jtag_bridge_system:bridge_sys_inst|jtag_bridge_system_master_0:master_0|altera_avalon_st_jtag_interface:jtag_phy_embedded_in_jtag_master|altera_jtag_dc_streaming:normal.jtag_dc_streaming|altera_jtag_streaming:jtag_streaming|dr_data_out[6]                                                                                                           ; 1.261             ;
; jtag_bridge_system:bridge_sys_inst|jtag_bridge_system_master_0:master_0|altera_avalon_st_jtag_interface:jtag_phy_embedded_in_jtag_master|altera_jtag_dc_streaming:normal.jtag_dc_streaming|altera_jtag_streaming:jtag_streaming|scan_length_byte_counter[13]                                                                                             ; jtag_bridge_system:bridge_sys_inst|jtag_bridge_system_master_0:master_0|altera_avalon_st_jtag_interface:jtag_phy_embedded_in_jtag_master|altera_jtag_dc_streaming:normal.jtag_dc_streaming|altera_jtag_streaming:jtag_streaming|dr_data_out[6]                                                                                                           ; 1.261             ;
; jtag_bridge_system:bridge_sys_inst|jtag_bridge_system_master_0:master_0|altera_avalon_st_jtag_interface:jtag_phy_embedded_in_jtag_master|altera_jtag_dc_streaming:normal.jtag_dc_streaming|altera_jtag_streaming:jtag_streaming|scan_length_byte_counter[12]                                                                                             ; jtag_bridge_system:bridge_sys_inst|jtag_bridge_system_master_0:master_0|altera_avalon_st_jtag_interface:jtag_phy_embedded_in_jtag_master|altera_jtag_dc_streaming:normal.jtag_dc_streaming|altera_jtag_streaming:jtag_streaming|dr_data_out[6]                                                                                                           ; 1.261             ;
; jtag_bridge_system:bridge_sys_inst|jtag_bridge_system_master_0:master_0|altera_avalon_st_jtag_interface:jtag_phy_embedded_in_jtag_master|altera_jtag_dc_streaming:normal.jtag_dc_streaming|altera_jtag_streaming:jtag_streaming|scan_length_byte_counter[11]                                                                                             ; jtag_bridge_system:bridge_sys_inst|jtag_bridge_system_master_0:master_0|altera_avalon_st_jtag_interface:jtag_phy_embedded_in_jtag_master|altera_jtag_dc_streaming:normal.jtag_dc_streaming|altera_jtag_streaming:jtag_streaming|dr_data_out[6]                                                                                                           ; 1.261             ;
; jtag_bridge_system:bridge_sys_inst|jtag_bridge_system_master_0:master_0|altera_avalon_st_jtag_interface:jtag_phy_embedded_in_jtag_master|altera_jtag_dc_streaming:normal.jtag_dc_streaming|altera_jtag_streaming:jtag_streaming|scan_length_byte_counter[10]                                                                                             ; jtag_bridge_system:bridge_sys_inst|jtag_bridge_system_master_0:master_0|altera_avalon_st_jtag_interface:jtag_phy_embedded_in_jtag_master|altera_jtag_dc_streaming:normal.jtag_dc_streaming|altera_jtag_streaming:jtag_streaming|dr_data_out[6]                                                                                                           ; 1.261             ;
; jtag_bridge_system:bridge_sys_inst|jtag_bridge_system_master_0:master_0|altera_avalon_st_jtag_interface:jtag_phy_embedded_in_jtag_master|altera_jtag_dc_streaming:normal.jtag_dc_streaming|altera_jtag_streaming:jtag_streaming|scan_length_byte_counter[14]                                                                                             ; jtag_bridge_system:bridge_sys_inst|jtag_bridge_system_master_0:master_0|altera_avalon_st_jtag_interface:jtag_phy_embedded_in_jtag_master|altera_jtag_dc_streaming:normal.jtag_dc_streaming|altera_jtag_streaming:jtag_streaming|dr_data_out[6]                                                                                                           ; 1.261             ;
; jtag_bridge_system:bridge_sys_inst|jtag_bridge_system_master_0:master_0|altera_avalon_st_jtag_interface:jtag_phy_embedded_in_jtag_master|altera_jtag_dc_streaming:normal.jtag_dc_streaming|altera_jtag_streaming:jtag_streaming|scan_length_byte_counter[8]                                                                                              ; jtag_bridge_system:bridge_sys_inst|jtag_bridge_system_master_0:master_0|altera_avalon_st_jtag_interface:jtag_phy_embedded_in_jtag_master|altera_jtag_dc_streaming:normal.jtag_dc_streaming|altera_jtag_streaming:jtag_streaming|dr_data_out[6]                                                                                                           ; 1.261             ;
; jtag_bridge_system:bridge_sys_inst|jtag_bridge_system_master_0:master_0|altera_avalon_st_jtag_interface:jtag_phy_embedded_in_jtag_master|altera_jtag_dc_streaming:normal.jtag_dc_streaming|altera_jtag_streaming:jtag_streaming|scan_length_byte_counter[7]                                                                                              ; jtag_bridge_system:bridge_sys_inst|jtag_bridge_system_master_0:master_0|altera_avalon_st_jtag_interface:jtag_phy_embedded_in_jtag_master|altera_jtag_dc_streaming:normal.jtag_dc_streaming|altera_jtag_streaming:jtag_streaming|dr_data_out[6]                                                                                                           ; 1.261             ;
; jtag_bridge_system:bridge_sys_inst|jtag_bridge_system_master_0:master_0|altera_avalon_st_jtag_interface:jtag_phy_embedded_in_jtag_master|altera_jtag_dc_streaming:normal.jtag_dc_streaming|altera_jtag_streaming:jtag_streaming|scan_length_byte_counter[3]                                                                                              ; jtag_bridge_system:bridge_sys_inst|jtag_bridge_system_master_0:master_0|altera_avalon_st_jtag_interface:jtag_phy_embedded_in_jtag_master|altera_jtag_dc_streaming:normal.jtag_dc_streaming|altera_jtag_streaming:jtag_streaming|dr_data_out[6]                                                                                                           ; 1.261             ;
; jtag_bridge_system:bridge_sys_inst|jtag_bridge_system_master_0:master_0|altera_avalon_st_jtag_interface:jtag_phy_embedded_in_jtag_master|altera_jtag_dc_streaming:normal.jtag_dc_streaming|altera_jtag_streaming:jtag_streaming|scan_length_byte_counter[2]                                                                                              ; jtag_bridge_system:bridge_sys_inst|jtag_bridge_system_master_0:master_0|altera_avalon_st_jtag_interface:jtag_phy_embedded_in_jtag_master|altera_jtag_dc_streaming:normal.jtag_dc_streaming|altera_jtag_streaming:jtag_streaming|dr_data_out[6]                                                                                                           ; 1.261             ;
; jtag_bridge_system:bridge_sys_inst|jtag_bridge_system_master_0:master_0|altera_avalon_st_jtag_interface:jtag_phy_embedded_in_jtag_master|altera_jtag_dc_streaming:normal.jtag_dc_streaming|altera_jtag_streaming:jtag_streaming|scan_length_byte_counter[6]                                                                                              ; jtag_bridge_system:bridge_sys_inst|jtag_bridge_system_master_0:master_0|altera_avalon_st_jtag_interface:jtag_phy_embedded_in_jtag_master|altera_jtag_dc_streaming:normal.jtag_dc_streaming|altera_jtag_streaming:jtag_streaming|dr_data_out[6]                                                                                                           ; 1.261             ;
; jtag_bridge_system:bridge_sys_inst|jtag_bridge_system_master_0:master_0|altera_avalon_st_jtag_interface:jtag_phy_embedded_in_jtag_master|altera_jtag_dc_streaming:normal.jtag_dc_streaming|altera_jtag_streaming:jtag_streaming|scan_length_byte_counter[9]                                                                                              ; jtag_bridge_system:bridge_sys_inst|jtag_bridge_system_master_0:master_0|altera_avalon_st_jtag_interface:jtag_phy_embedded_in_jtag_master|altera_jtag_dc_streaming:normal.jtag_dc_streaming|altera_jtag_streaming:jtag_streaming|dr_data_out[6]                                                                                                           ; 1.261             ;
; jtag_bridge_system:bridge_sys_inst|jtag_bridge_system_master_0:master_0|altera_avalon_st_jtag_interface:jtag_phy_embedded_in_jtag_master|altera_jtag_dc_streaming:normal.jtag_dc_streaming|altera_jtag_streaming:jtag_streaming|scan_length_byte_counter[16]                                                                                             ; jtag_bridge_system:bridge_sys_inst|jtag_bridge_system_master_0:master_0|altera_avalon_st_jtag_interface:jtag_phy_embedded_in_jtag_master|altera_jtag_dc_streaming:normal.jtag_dc_streaming|altera_jtag_streaming:jtag_streaming|dr_data_out[6]                                                                                                           ; 1.261             ;
; jtag_bridge_system:bridge_sys_inst|jtag_bridge_system_master_0:master_0|altera_avalon_st_jtag_interface:jtag_phy_embedded_in_jtag_master|altera_jtag_dc_streaming:normal.jtag_dc_streaming|altera_jtag_streaming:jtag_streaming|read_data_all_valid                                                                                                      ; jtag_bridge_system:bridge_sys_inst|jtag_bridge_system_master_0:master_0|altera_avalon_st_jtag_interface:jtag_phy_embedded_in_jtag_master|altera_jtag_dc_streaming:normal.jtag_dc_streaming|altera_jtag_streaming:jtag_streaming|dr_data_out[6]                                                                                                           ; 1.261             ;
; jtag_bridge_system:bridge_sys_inst|jtag_bridge_system_master_0:master_0|altera_avalon_st_jtag_interface:jtag_phy_embedded_in_jtag_master|altera_jtag_dc_streaming:normal.jtag_dc_streaming|altera_jtag_streaming:jtag_streaming|header_out_bit_counter[0]                                                                                                ; jtag_bridge_system:bridge_sys_inst|jtag_bridge_system_master_0:master_0|altera_avalon_st_jtag_interface:jtag_phy_embedded_in_jtag_master|altera_jtag_dc_streaming:normal.jtag_dc_streaming|altera_jtag_streaming:jtag_streaming|dr_data_out[6]                                                                                                           ; 1.261             ;
; jtag_bridge_system:bridge_sys_inst|jtag_bridge_system_master_0:master_0|altera_avalon_st_jtag_interface:jtag_phy_embedded_in_jtag_master|altera_jtag_dc_streaming:normal.jtag_dc_streaming|altera_jtag_streaming:jtag_streaming|header_out_bit_counter[1]                                                                                                ; jtag_bridge_system:bridge_sys_inst|jtag_bridge_system_master_0:master_0|altera_avalon_st_jtag_interface:jtag_phy_embedded_in_jtag_master|altera_jtag_dc_streaming:normal.jtag_dc_streaming|altera_jtag_streaming:jtag_streaming|dr_data_out[6]                                                                                                           ; 1.261             ;
; jtag_bridge_system:bridge_sys_inst|jtag_bridge_system_master_0:master_0|altera_avalon_st_jtag_interface:jtag_phy_embedded_in_jtag_master|altera_jtag_dc_streaming:normal.jtag_dc_streaming|altera_jtag_streaming:jtag_streaming|header_out_bit_counter[2]                                                                                                ; jtag_bridge_system:bridge_sys_inst|jtag_bridge_system_master_0:master_0|altera_avalon_st_jtag_interface:jtag_phy_embedded_in_jtag_master|altera_jtag_dc_streaming:normal.jtag_dc_streaming|altera_jtag_streaming:jtag_streaming|dr_data_out[6]                                                                                                           ; 1.261             ;
; jtag_bridge_system:bridge_sys_inst|jtag_bridge_system_master_0:master_0|altera_avalon_st_jtag_interface:jtag_phy_embedded_in_jtag_master|altera_jtag_dc_streaming:normal.jtag_dc_streaming|altera_jtag_streaming:jtag_streaming|header_out_bit_counter[3]                                                                                                ; jtag_bridge_system:bridge_sys_inst|jtag_bridge_system_master_0:master_0|altera_avalon_st_jtag_interface:jtag_phy_embedded_in_jtag_master|altera_jtag_dc_streaming:normal.jtag_dc_streaming|altera_jtag_streaming:jtag_streaming|dr_data_out[6]                                                                                                           ; 1.261             ;
; jtag_bridge_system:bridge_sys_inst|jtag_bridge_system_master_0:master_0|altera_avalon_st_jtag_interface:jtag_phy_embedded_in_jtag_master|altera_jtag_dc_streaming:normal.jtag_dc_streaming|altera_jtag_streaming:jtag_streaming|read_data_bit_counter[0]                                                                                                 ; jtag_bridge_system:bridge_sys_inst|jtag_bridge_system_master_0:master_0|altera_avalon_st_jtag_interface:jtag_phy_embedded_in_jtag_master|altera_jtag_dc_streaming:normal.jtag_dc_streaming|altera_jtag_streaming:jtag_streaming|dr_data_out[6]                                                                                                           ; 1.261             ;
; jtag_bridge_system:bridge_sys_inst|jtag_bridge_system_master_0:master_0|altera_avalon_st_jtag_interface:jtag_phy_embedded_in_jtag_master|altera_jtag_dc_streaming:normal.jtag_dc_streaming|altera_jtag_streaming:jtag_streaming|read_data_bit_counter[1]                                                                                                 ; jtag_bridge_system:bridge_sys_inst|jtag_bridge_system_master_0:master_0|altera_avalon_st_jtag_interface:jtag_phy_embedded_in_jtag_master|altera_jtag_dc_streaming:normal.jtag_dc_streaming|altera_jtag_streaming:jtag_streaming|dr_data_out[6]                                                                                                           ; 1.261             ;
; jtag_bridge_system:bridge_sys_inst|jtag_bridge_system_master_0:master_0|altera_avalon_st_jtag_interface:jtag_phy_embedded_in_jtag_master|altera_jtag_dc_streaming:normal.jtag_dc_streaming|altera_jtag_streaming:jtag_streaming|read_data_bit_counter[2]                                                                                                 ; jtag_bridge_system:bridge_sys_inst|jtag_bridge_system_master_0:master_0|altera_avalon_st_jtag_interface:jtag_phy_embedded_in_jtag_master|altera_jtag_dc_streaming:normal.jtag_dc_streaming|altera_jtag_streaming:jtag_streaming|dr_data_out[6]                                                                                                           ; 1.261             ;
; jtag_bridge_system:bridge_sys_inst|jtag_bridge_system_master_0:master_0|altera_avalon_st_jtag_interface:jtag_phy_embedded_in_jtag_master|altera_jtag_dc_streaming:normal.jtag_dc_streaming|altera_avalon_st_clock_crosser:sink_crosser|altera_avalon_st_pipeline_base:output_stage|data1[3]                                                              ; jtag_bridge_system:bridge_sys_inst|jtag_bridge_system_master_0:master_0|altera_avalon_st_jtag_interface:jtag_phy_embedded_in_jtag_master|altera_jtag_dc_streaming:normal.jtag_dc_streaming|altera_jtag_streaming:jtag_streaming|dr_data_out[6]                                                                                                           ; 1.261             ;
; jtag_bridge_system:bridge_sys_inst|jtag_bridge_system_master_0:master_0|altera_avalon_st_jtag_interface:jtag_phy_embedded_in_jtag_master|altera_jtag_dc_streaming:normal.jtag_dc_streaming|altera_jtag_streaming:jtag_streaming|read_state.ST_PADDED                                                                                                     ; jtag_bridge_system:bridge_sys_inst|jtag_bridge_system_master_0:master_0|altera_avalon_st_jtag_interface:jtag_phy_embedded_in_jtag_master|altera_jtag_dc_streaming:normal.jtag_dc_streaming|altera_jtag_streaming:jtag_streaming|dr_data_out[6]                                                                                                           ; 1.261             ;
; jtag_bridge_system:bridge_sys_inst|jtag_bridge_system_master_0:master_0|altera_avalon_st_jtag_interface:jtag_phy_embedded_in_jtag_master|altera_jtag_dc_streaming:normal.jtag_dc_streaming|altera_jtag_streaming:jtag_streaming|read_state.ST_READ_DATA                                                                                                  ; jtag_bridge_system:bridge_sys_inst|jtag_bridge_system_master_0:master_0|altera_avalon_st_jtag_interface:jtag_phy_embedded_in_jtag_master|altera_jtag_dc_streaming:normal.jtag_dc_streaming|altera_jtag_streaming:jtag_streaming|dr_data_out[6]                                                                                                           ; 1.261             ;
; jtag_bridge_system:bridge_sys_inst|jtag_bridge_system_master_0:master_0|altera_avalon_st_jtag_interface:jtag_phy_embedded_in_jtag_master|altera_jtag_dc_streaming:normal.jtag_dc_streaming|altera_jtag_streaming:jtag_streaming|padded_bit_counter[7]                                                                                                    ; jtag_bridge_system:bridge_sys_inst|jtag_bridge_system_master_0:master_0|altera_avalon_st_jtag_interface:jtag_phy_embedded_in_jtag_master|altera_jtag_dc_streaming:normal.jtag_dc_streaming|altera_jtag_streaming:jtag_streaming|dr_data_out[6]                                                                                                           ; 1.261             ;
; jtag_bridge_system:bridge_sys_inst|jtag_bridge_system_master_0:master_0|altera_avalon_st_jtag_interface:jtag_phy_embedded_in_jtag_master|altera_jtag_dc_streaming:normal.jtag_dc_streaming|altera_jtag_streaming:jtag_streaming|write_data_length[2]                                                                                                     ; jtag_bridge_system:bridge_sys_inst|jtag_bridge_system_master_0:master_0|altera_avalon_st_jtag_interface:jtag_phy_embedded_in_jtag_master|altera_jtag_dc_streaming:normal.jtag_dc_streaming|altera_jtag_streaming:jtag_streaming|valid_write_data_length_byte_counter[13]                                                                                 ; 1.164             ;
; jtag_bridge_system:bridge_sys_inst|jtag_bridge_system_master_0:master_0|altera_avalon_st_jtag_interface:jtag_phy_embedded_in_jtag_master|altera_jtag_dc_streaming:normal.jtag_dc_streaming|altera_jtag_streaming:jtag_streaming|write_data_length[0]                                                                                                     ; jtag_bridge_system:bridge_sys_inst|jtag_bridge_system_master_0:master_0|altera_avalon_st_jtag_interface:jtag_phy_embedded_in_jtag_master|altera_jtag_dc_streaming:normal.jtag_dc_streaming|altera_jtag_streaming:jtag_streaming|valid_write_data_length_byte_counter[12]                                                                                 ; 1.164             ;
; sld_hub:auto_hub|alt_sld_fab_with_jtag_input:\instrumentation_fabric_with_node_gen:fabric_gen_new_way:with_jtag_input_gen:instrumentation_fabric|alt_sld_fab:instrumentation_fabric|alt_sld_fab_alt_sld_fab:alt_sld_fab|alt_sld_fab_alt_sld_fab_sldfabric:sldfabric|sld_jtag_hub:\jtag_hub_gen:real_sld_jtag_hub|sld_rom_sr:hub_info_reg|word_counter[0] ; sld_hub:auto_hub|alt_sld_fab_with_jtag_input:\instrumentation_fabric_with_node_gen:fabric_gen_new_way:with_jtag_input_gen:instrumentation_fabric|alt_sld_fab:instrumentation_fabric|alt_sld_fab_alt_sld_fab:alt_sld_fab|alt_sld_fab_alt_sld_fab_sldfabric:sldfabric|sld_jtag_hub:\jtag_hub_gen:real_sld_jtag_hub|sld_rom_sr:hub_info_reg|word_counter[3] ; 1.156             ;
; sld_hub:auto_hub|alt_sld_fab_with_jtag_input:\instrumentation_fabric_with_node_gen:fabric_gen_new_way:with_jtag_input_gen:instrumentation_fabric|alt_sld_fab:instrumentation_fabric|alt_sld_fab_alt_sld_fab:alt_sld_fab|alt_sld_fab_alt_sld_fab_sldfabric:sldfabric|sld_jtag_hub:\jtag_hub_gen:real_sld_jtag_hub|sld_shadow_jsm:shadow_jsm|state[3]      ; jtag_bridge_system:bridge_sys_inst|jtag_bridge_system_master_0:master_0|altera_avalon_st_jtag_interface:jtag_phy_embedded_in_jtag_master|altera_jtag_dc_streaming:normal.jtag_dc_streaming|altera_jtag_streaming:jtag_streaming|read_state.ST_READ_DATA                                                                                                  ; 1.140             ;
; jtag_bridge_system:bridge_sys_inst|jtag_bridge_system_master_0:master_0|altera_avalon_st_jtag_interface:jtag_phy_embedded_in_jtag_master|altera_jtag_dc_streaming:normal.jtag_dc_streaming|altera_jtag_streaming:jtag_streaming|write_data_length[1]                                                                                                     ; jtag_bridge_system:bridge_sys_inst|jtag_bridge_system_master_0:master_0|altera_avalon_st_jtag_interface:jtag_phy_embedded_in_jtag_master|altera_jtag_dc_streaming:normal.jtag_dc_streaming|altera_jtag_streaming:jtag_streaming|valid_write_data_length_byte_counter[12]                                                                                 ; 1.137             ;
; sld_hub:auto_hub|alt_sld_fab_with_jtag_input:\instrumentation_fabric_with_node_gen:fabric_gen_new_way:with_jtag_input_gen:instrumentation_fabric|alt_sld_fab:instrumentation_fabric|alt_sld_fab_alt_sld_fab:alt_sld_fab|sldfabric_ident_writedata[2]                                                                                                     ; sld_hub:auto_hub|alt_sld_fab_with_jtag_input:\instrumentation_fabric_with_node_gen:fabric_gen_new_way:with_jtag_input_gen:instrumentation_fabric|alt_sld_fab:instrumentation_fabric|alt_sld_fab_alt_sld_fab:alt_sld_fab|alt_sld_fab_alt_sld_fab_sldfabric:sldfabric|sld_jtag_hub:\jtag_hub_gen:real_sld_jtag_hub|design_hash_reg[2]                      ; 1.115             ;
; jtag_bridge_system:bridge_sys_inst|jtag_bridge_system_master_0:master_0|altera_avalon_st_jtag_interface:jtag_phy_embedded_in_jtag_master|altera_jtag_dc_streaming:normal.jtag_dc_streaming|altera_jtag_streaming:jtag_streaming|write_data_valid                                                                                                         ; jtag_bridge_system:bridge_sys_inst|jtag_bridge_system_master_0:master_0|altera_avalon_st_jtag_interface:jtag_phy_embedded_in_jtag_master|altera_jtag_dc_streaming:normal.jtag_dc_streaming|altera_jtag_streaming:jtag_streaming|valid_write_data_length_byte_counter[6]                                                                                  ; 1.078             ;
; jtag_bridge_system:bridge_sys_inst|jtag_bridge_system_master_0:master_0|altera_avalon_st_jtag_interface:jtag_phy_embedded_in_jtag_master|altera_jtag_dc_streaming:normal.jtag_dc_streaming|altera_jtag_streaming:jtag_streaming|dr_debug[2]                                                                                                              ; jtag_bridge_system:bridge_sys_inst|jtag_bridge_system_master_0:master_0|altera_avalon_st_jtag_interface:jtag_phy_embedded_in_jtag_master|altera_jtag_dc_streaming:normal.jtag_dc_streaming|altera_jtag_streaming:jtag_streaming|dr_debug[1]                                                                                                              ; 1.058             ;
; sld_hub:auto_hub|alt_sld_fab_with_jtag_input:\instrumentation_fabric_with_node_gen:fabric_gen_new_way:with_jtag_input_gen:instrumentation_fabric|alt_sld_fab:instrumentation_fabric|alt_sld_fab_alt_sld_fab:alt_sld_fab|alt_sld_fab_alt_sld_fab_sldfabric:sldfabric|sld_jtag_hub:\jtag_hub_gen:real_sld_jtag_hub|sld_rom_sr:hub_info_reg|word_counter[1] ; sld_hub:auto_hub|alt_sld_fab_with_jtag_input:\instrumentation_fabric_with_node_gen:fabric_gen_new_way:with_jtag_input_gen:instrumentation_fabric|alt_sld_fab:instrumentation_fabric|alt_sld_fab_alt_sld_fab:alt_sld_fab|alt_sld_fab_alt_sld_fab_sldfabric:sldfabric|sld_jtag_hub:\jtag_hub_gen:real_sld_jtag_hub|sld_rom_sr:hub_info_reg|WORD_SR[2]      ; 1.046             ;
; sld_hub:auto_hub|alt_sld_fab_with_jtag_input:\instrumentation_fabric_with_node_gen:fabric_gen_new_way:with_jtag_input_gen:instrumentation_fabric|alt_sld_fab:instrumentation_fabric|alt_sld_fab_alt_sld_fab:alt_sld_fab|alt_sld_fab_alt_sld_fab_sldfabric:sldfabric|sld_jtag_hub:\jtag_hub_gen:real_sld_jtag_hub|irsr_reg[3]                             ; sld_hub:auto_hub|alt_sld_fab_with_jtag_input:\instrumentation_fabric_with_node_gen:fabric_gen_new_way:with_jtag_input_gen:instrumentation_fabric|alt_sld_fab:instrumentation_fabric|alt_sld_fab_alt_sld_fab:alt_sld_fab|alt_sld_fab_alt_sld_fab_sldfabric:sldfabric|sld_jtag_hub:\jtag_hub_gen:real_sld_jtag_hub|irsr_reg[2]                             ; 1.040             ;
; sld_hub:auto_hub|alt_sld_fab_with_jtag_input:\instrumentation_fabric_with_node_gen:fabric_gen_new_way:with_jtag_input_gen:instrumentation_fabric|alt_sld_fab:instrumentation_fabric|alt_sld_fab_alt_sld_fab:alt_sld_fab|alt_sld_fab_alt_sld_fab_sldfabric:sldfabric|sld_jtag_hub:\jtag_hub_gen:real_sld_jtag_hub|jtag_ir_reg[1]                          ; sld_hub:auto_hub|alt_sld_fab_with_jtag_input:\instrumentation_fabric_with_node_gen:fabric_gen_new_way:with_jtag_input_gen:instrumentation_fabric|alt_sld_fab:instrumentation_fabric|alt_sld_fab_alt_sld_fab:alt_sld_fab|alt_sld_fab_alt_sld_fab_sldfabric:sldfabric|sld_jtag_hub:\jtag_hub_gen:real_sld_jtag_hub|jtag_ir_reg[0]                          ; 1.019             ;
; sld_hub:auto_hub|alt_sld_fab_with_jtag_input:\instrumentation_fabric_with_node_gen:fabric_gen_new_way:with_jtag_input_gen:instrumentation_fabric|alt_sld_fab:instrumentation_fabric|alt_sld_fab_alt_sld_fab:alt_sld_fab|sldfabric_ident_writedata[3]                                                                                                     ; sld_hub:auto_hub|alt_sld_fab_with_jtag_input:\instrumentation_fabric_with_node_gen:fabric_gen_new_way:with_jtag_input_gen:instrumentation_fabric|alt_sld_fab:instrumentation_fabric|alt_sld_fab_alt_sld_fab:alt_sld_fab|alt_sld_fab_alt_sld_fab_sldfabric:sldfabric|sld_jtag_hub:\jtag_hub_gen:real_sld_jtag_hub|design_hash_reg[3]                      ; 1.016             ;
; sld_hub:auto_hub|alt_sld_fab_with_jtag_input:\instrumentation_fabric_with_node_gen:fabric_gen_new_way:with_jtag_input_gen:instrumentation_fabric|alt_sld_fab:instrumentation_fabric|alt_sld_fab_alt_sld_fab:alt_sld_fab|sldfabric_ident_writedata[0]                                                                                                     ; sld_hub:auto_hub|alt_sld_fab_with_jtag_input:\instrumentation_fabric_with_node_gen:fabric_gen_new_way:with_jtag_input_gen:instrumentation_fabric|alt_sld_fab:instrumentation_fabric|alt_sld_fab_alt_sld_fab:alt_sld_fab|alt_sld_fab_alt_sld_fab_sldfabric:sldfabric|sld_jtag_hub:\jtag_hub_gen:real_sld_jtag_hub|design_hash_reg[0]                      ; 1.016             ;
; jtag_bridge_system:bridge_sys_inst|jtag_bridge_system_master_0:master_0|altera_avalon_st_jtag_interface:jtag_phy_embedded_in_jtag_master|altera_jtag_dc_streaming:normal.jtag_dc_streaming|altera_jtag_streaming:jtag_streaming|altera_std_synchronizer:clock_to_sample_div2_synchronizer|dreg[1]                                                        ; jtag_bridge_system:bridge_sys_inst|jtag_bridge_system_master_0:master_0|altera_avalon_st_jtag_interface:jtag_phy_embedded_in_jtag_master|altera_jtag_dc_streaming:normal.jtag_dc_streaming|altera_jtag_streaming:jtag_streaming|dr_debug[1]                                                                                                              ; 1.011             ;
; sld_hub:auto_hub|alt_sld_fab_with_jtag_input:\instrumentation_fabric_with_node_gen:fabric_gen_new_way:with_jtag_input_gen:instrumentation_fabric|alt_sld_fab:instrumentation_fabric|alt_sld_fab_alt_sld_fab:alt_sld_fab|alt_sld_fab_alt_sld_fab_sldfabric:sldfabric|sld_jtag_hub:\jtag_hub_gen:real_sld_jtag_hub|design_hash_reg[1]                      ; sld_hub:auto_hub|alt_sld_fab_with_jtag_input:\instrumentation_fabric_with_node_gen:fabric_gen_new_way:with_jtag_input_gen:instrumentation_fabric|alt_sld_fab:instrumentation_fabric|alt_sld_fab_alt_sld_fab:alt_sld_fab|alt_sld_fab_alt_sld_fab_sldfabric:sldfabric|sld_jtag_hub:\jtag_hub_gen:real_sld_jtag_hub|design_hash_reg[0]                      ; 1.010             ;
; sld_hub:auto_hub|alt_sld_fab_with_jtag_input:\instrumentation_fabric_with_node_gen:fabric_gen_new_way:with_jtag_input_gen:instrumentation_fabric|alt_sld_fab:instrumentation_fabric|alt_sld_fab_alt_sld_fab:alt_sld_fab|alt_sld_fab_alt_sld_fab_sldfabric:sldfabric|sld_jtag_hub:\jtag_hub_gen:real_sld_jtag_hub|jtag_ir_reg[3]                          ; sld_hub:auto_hub|alt_sld_fab_with_jtag_input:\instrumentation_fabric_with_node_gen:fabric_gen_new_way:with_jtag_input_gen:instrumentation_fabric|alt_sld_fab:instrumentation_fabric|alt_sld_fab_alt_sld_fab:alt_sld_fab|alt_sld_fab_alt_sld_fab_sldfabric:sldfabric|sld_jtag_hub:\jtag_hub_gen:real_sld_jtag_hub|jtag_ir_reg[2]                          ; 1.003             ;
; sld_hub:auto_hub|alt_sld_fab_with_jtag_input:\instrumentation_fabric_with_node_gen:fabric_gen_new_way:with_jtag_input_gen:instrumentation_fabric|alt_sld_fab:instrumentation_fabric|alt_sld_fab_alt_sld_fab:alt_sld_fab|sldfabric_ident_writedata[1]                                                                                                     ; sld_hub:auto_hub|alt_sld_fab_with_jtag_input:\instrumentation_fabric_with_node_gen:fabric_gen_new_way:with_jtag_input_gen:instrumentation_fabric|alt_sld_fab:instrumentation_fabric|alt_sld_fab_alt_sld_fab:alt_sld_fab|alt_sld_fab_alt_sld_fab_sldfabric:sldfabric|sld_jtag_hub:\jtag_hub_gen:real_sld_jtag_hub|design_hash_reg[1]                      ; 0.999             ;
; sld_hub:auto_hub|alt_sld_fab_with_jtag_input:\instrumentation_fabric_with_node_gen:fabric_gen_new_way:with_jtag_input_gen:instrumentation_fabric|alt_sld_fab:instrumentation_fabric|alt_sld_fab_alt_sld_fab:alt_sld_fab|alt_sld_fab_alt_sld_fab_sldfabric:sldfabric|sld_jtag_hub:\jtag_hub_gen:real_sld_jtag_hub|design_hash_reg[2]                      ; sld_hub:auto_hub|alt_sld_fab_with_jtag_input:\instrumentation_fabric_with_node_gen:fabric_gen_new_way:with_jtag_input_gen:instrumentation_fabric|alt_sld_fab:instrumentation_fabric|alt_sld_fab_alt_sld_fab:alt_sld_fab|alt_sld_fab_alt_sld_fab_sldfabric:sldfabric|sld_jtag_hub:\jtag_hub_gen:real_sld_jtag_hub|design_hash_reg[1]                      ; 0.997             ;
; jtag_bridge_system:bridge_sys_inst|jtag_bridge_system_master_0:master_0|altera_avalon_st_jtag_interface:jtag_phy_embedded_in_jtag_master|altera_jtag_dc_streaming:normal.jtag_dc_streaming|altera_jtag_streaming:jtag_streaming|altera_std_synchronizer:reset_to_sample_synchronizer|dreg[1]                                                             ; jtag_bridge_system:bridge_sys_inst|jtag_bridge_system_master_0:master_0|altera_avalon_st_jtag_interface:jtag_phy_embedded_in_jtag_master|altera_jtag_dc_streaming:normal.jtag_dc_streaming|altera_jtag_streaming:jtag_streaming|dr_debug[0]                                                                                                              ; 0.994             ;
; sld_hub:auto_hub|alt_sld_fab_with_jtag_input:\instrumentation_fabric_with_node_gen:fabric_gen_new_way:with_jtag_input_gen:instrumentation_fabric|alt_sld_fab:instrumentation_fabric|alt_sld_fab_alt_sld_fab:alt_sld_fab|alt_sld_fab_alt_sld_fab_sldfabric:sldfabric|sld_jtag_hub:\jtag_hub_gen:real_sld_jtag_hub|sld_rom_sr:hub_info_reg|word_counter[2] ; sld_hub:auto_hub|alt_sld_fab_with_jtag_input:\instrumentation_fabric_with_node_gen:fabric_gen_new_way:with_jtag_input_gen:instrumentation_fabric|alt_sld_fab:instrumentation_fabric|alt_sld_fab_alt_sld_fab:alt_sld_fab|alt_sld_fab_alt_sld_fab_sldfabric:sldfabric|sld_jtag_hub:\jtag_hub_gen:real_sld_jtag_hub|sld_rom_sr:hub_info_reg|WORD_SR[2]      ; 0.994             ;
; sld_hub:auto_hub|alt_sld_fab_with_jtag_input:\instrumentation_fabric_with_node_gen:fabric_gen_new_way:with_jtag_input_gen:instrumentation_fabric|alt_sld_fab:instrumentation_fabric|alt_sld_fab_alt_sld_fab:alt_sld_fab|alt_sld_fab_alt_sld_fab_sldfabric:sldfabric|sld_jtag_hub:\jtag_hub_gen:real_sld_jtag_hub|design_hash_reg[3]                      ; sld_hub:auto_hub|alt_sld_fab_with_jtag_input:\instrumentation_fabric_with_node_gen:fabric_gen_new_way:with_jtag_input_gen:instrumentation_fabric|alt_sld_fab:instrumentation_fabric|alt_sld_fab_alt_sld_fab:alt_sld_fab|alt_sld_fab_alt_sld_fab_sldfabric:sldfabric|sld_jtag_hub:\jtag_hub_gen:real_sld_jtag_hub|design_hash_reg[2]                      ; 0.991             ;
; sld_hub:auto_hub|alt_sld_fab_with_jtag_input:\instrumentation_fabric_with_node_gen:fabric_gen_new_way:with_jtag_input_gen:instrumentation_fabric|alt_sld_fab:instrumentation_fabric|alt_sld_fab_alt_sld_fab:alt_sld_fab|alt_sld_fab_alt_sld_fab_sldfabric:sldfabric|sld_jtag_hub:\jtag_hub_gen:real_sld_jtag_hub|hub_minor_ver_reg[2]                    ; sld_hub:auto_hub|alt_sld_fab_with_jtag_input:\instrumentation_fabric_with_node_gen:fabric_gen_new_way:with_jtag_input_gen:instrumentation_fabric|alt_sld_fab:instrumentation_fabric|alt_sld_fab_alt_sld_fab:alt_sld_fab|alt_sld_fab_alt_sld_fab_sldfabric:sldfabric|sld_jtag_hub:\jtag_hub_gen:real_sld_jtag_hub|hub_minor_ver_reg[1]                    ; 0.990             ;
; sld_hub:auto_hub|alt_sld_fab_with_jtag_input:\instrumentation_fabric_with_node_gen:fabric_gen_new_way:with_jtag_input_gen:instrumentation_fabric|alt_sld_fab:instrumentation_fabric|alt_sld_fab_alt_sld_fab:alt_sld_fab|alt_sld_fab_alt_sld_fab_sldfabric:sldfabric|sld_jtag_hub:\jtag_hub_gen:real_sld_jtag_hub|hub_minor_ver_reg[1]                    ; sld_hub:auto_hub|alt_sld_fab_with_jtag_input:\instrumentation_fabric_with_node_gen:fabric_gen_new_way:with_jtag_input_gen:instrumentation_fabric|alt_sld_fab:instrumentation_fabric|alt_sld_fab_alt_sld_fab:alt_sld_fab|alt_sld_fab_alt_sld_fab_sldfabric:sldfabric|sld_jtag_hub:\jtag_hub_gen:real_sld_jtag_hub|hub_minor_ver_reg[0]                    ; 0.990             ;
; sld_hub:auto_hub|alt_sld_fab_with_jtag_input:\instrumentation_fabric_with_node_gen:fabric_gen_new_way:with_jtag_input_gen:instrumentation_fabric|alt_sld_fab:instrumentation_fabric|alt_sld_fab_alt_sld_fab:alt_sld_fab|alt_sld_fab_alt_sld_fab_sldfabric:sldfabric|sld_jtag_hub:\jtag_hub_gen:real_sld_jtag_hub|sld_rom_sr:hub_info_reg|word_counter[4] ; sld_hub:auto_hub|alt_sld_fab_with_jtag_input:\instrumentation_fabric_with_node_gen:fabric_gen_new_way:with_jtag_input_gen:instrumentation_fabric|alt_sld_fab:instrumentation_fabric|alt_sld_fab_alt_sld_fab:alt_sld_fab|alt_sld_fab_alt_sld_fab_sldfabric:sldfabric|sld_jtag_hub:\jtag_hub_gen:real_sld_jtag_hub|sld_rom_sr:hub_info_reg|WORD_SR[3]      ; 0.980             ;
; sld_hub:auto_hub|alt_sld_fab_with_jtag_input:\instrumentation_fabric_with_node_gen:fabric_gen_new_way:with_jtag_input_gen:instrumentation_fabric|alt_sld_fab:instrumentation_fabric|alt_sld_fab_alt_sld_fab:alt_sld_fab|alt_sld_fab_alt_sld_fab_sldfabric:sldfabric|sld_jtag_hub:\jtag_hub_gen:real_sld_jtag_hub|sld_rom_sr:hub_info_reg|word_counter[3] ; sld_hub:auto_hub|alt_sld_fab_with_jtag_input:\instrumentation_fabric_with_node_gen:fabric_gen_new_way:with_jtag_input_gen:instrumentation_fabric|alt_sld_fab:instrumentation_fabric|alt_sld_fab_alt_sld_fab:alt_sld_fab|alt_sld_fab_alt_sld_fab_sldfabric:sldfabric|sld_jtag_hub:\jtag_hub_gen:real_sld_jtag_hub|sld_rom_sr:hub_info_reg|WORD_SR[3]      ; 0.980             ;
; sld_hub:auto_hub|alt_sld_fab_with_jtag_input:\instrumentation_fabric_with_node_gen:fabric_gen_new_way:with_jtag_input_gen:instrumentation_fabric|alt_sld_fab:instrumentation_fabric|alt_sld_fab_alt_sld_fab:alt_sld_fab|alt_sld_fab_alt_sld_fab_sldfabric:sldfabric|sld_jtag_hub:\jtag_hub_gen:real_sld_jtag_hub|hub_minor_ver_reg[3]                    ; sld_hub:auto_hub|alt_sld_fab_with_jtag_input:\instrumentation_fabric_with_node_gen:fabric_gen_new_way:with_jtag_input_gen:instrumentation_fabric|alt_sld_fab:instrumentation_fabric|alt_sld_fab_alt_sld_fab:alt_sld_fab|alt_sld_fab_alt_sld_fab_sldfabric:sldfabric|sld_jtag_hub:\jtag_hub_gen:real_sld_jtag_hub|hub_minor_ver_reg[2]                    ; 0.969             ;
; sld_hub:auto_hub|alt_sld_fab_with_jtag_input:\instrumentation_fabric_with_node_gen:fabric_gen_new_way:with_jtag_input_gen:instrumentation_fabric|alt_sld_fab:instrumentation_fabric|alt_sld_fab_alt_sld_fab:alt_sld_fab|alt_sld_fab_alt_sld_fab_sldfabric:sldfabric|sld_jtag_hub:\jtag_hub_gen:real_sld_jtag_hub|irsr_reg[1]                             ; sld_hub:auto_hub|alt_sld_fab_with_jtag_input:\instrumentation_fabric_with_node_gen:fabric_gen_new_way:with_jtag_input_gen:instrumentation_fabric|alt_sld_fab:instrumentation_fabric|alt_sld_fab_alt_sld_fab:alt_sld_fab|alt_sld_fab_alt_sld_fab_sldfabric:sldfabric|sld_jtag_hub:\jtag_hub_gen:real_sld_jtag_hub|irsr_reg[0]                             ; 0.951             ;
; jtag_bridge_system:bridge_sys_inst|jtag_bridge_system_master_0:master_0|altera_avalon_st_jtag_interface:jtag_phy_embedded_in_jtag_master|altera_jtag_dc_streaming:normal.jtag_dc_streaming|altera_jtag_streaming:jtag_streaming|write_state.ST_HEADER_2                                                                                                  ; jtag_bridge_system:bridge_sys_inst|jtag_bridge_system_master_0:master_0|altera_avalon_st_jtag_interface:jtag_phy_embedded_in_jtag_master|altera_jtag_dc_streaming:normal.jtag_dc_streaming|altera_jtag_streaming:jtag_streaming|write_state.ST_WRITE_DATA                                                                                                ; 0.944             ;
; jtag_bridge_system:bridge_sys_inst|jtag_bridge_system_master_0:master_0|altera_avalon_st_jtag_interface:jtag_phy_embedded_in_jtag_master|altera_jtag_dc_streaming:normal.jtag_dc_streaming|altera_jtag_streaming:jtag_streaming|dr_control[1]                                                                                                            ; jtag_bridge_system:bridge_sys_inst|jtag_bridge_system_master_0:master_0|altera_avalon_st_jtag_interface:jtag_phy_embedded_in_jtag_master|altera_jtag_dc_streaming:normal.jtag_dc_streaming|altera_jtag_streaming:jtag_streaming|dr_control[0]                                                                                                            ; 0.943             ;
; jtag_bridge_system:bridge_sys_inst|jtag_bridge_system_master_0:master_0|altera_avalon_st_jtag_interface:jtag_phy_embedded_in_jtag_master|altera_jtag_dc_streaming:normal.jtag_dc_streaming|altera_jtag_streaming:jtag_streaming|dr_control[3]                                                                                                            ; jtag_bridge_system:bridge_sys_inst|jtag_bridge_system_master_0:master_0|altera_avalon_st_jtag_interface:jtag_phy_embedded_in_jtag_master|altera_jtag_dc_streaming:normal.jtag_dc_streaming|altera_jtag_streaming:jtag_streaming|dr_control[2]                                                                                                            ; 0.941             ;
; jtag_bridge_system:bridge_sys_inst|jtag_bridge_system_master_0:master_0|altera_avalon_st_jtag_interface:jtag_phy_embedded_in_jtag_master|altera_jtag_dc_streaming:normal.jtag_dc_streaming|altera_jtag_streaming:jtag_streaming|dr_info[3]                                                                                                               ; jtag_bridge_system:bridge_sys_inst|jtag_bridge_system_master_0:master_0|altera_avalon_st_jtag_interface:jtag_phy_embedded_in_jtag_master|altera_jtag_dc_streaming:normal.jtag_dc_streaming|altera_jtag_streaming:jtag_streaming|dr_info[2]                                                                                                               ; 0.941             ;
; jtag_bridge_system:bridge_sys_inst|jtag_bridge_system_master_0:master_0|altera_avalon_st_jtag_interface:jtag_phy_embedded_in_jtag_master|altera_jtag_dc_streaming:normal.jtag_dc_streaming|altera_jtag_streaming:jtag_streaming|dr_info[1]                                                                                                               ; jtag_bridge_system:bridge_sys_inst|jtag_bridge_system_master_0:master_0|altera_avalon_st_jtag_interface:jtag_phy_embedded_in_jtag_master|altera_jtag_dc_streaming:normal.jtag_dc_streaming|altera_jtag_streaming:jtag_streaming|dr_info[0]                                                                                                               ; 0.941             ;
; jtag_bridge_system:bridge_sys_inst|jtag_bridge_system_master_0:master_0|altera_avalon_st_jtag_interface:jtag_phy_embedded_in_jtag_master|altera_jtag_dc_streaming:normal.jtag_dc_streaming|altera_jtag_streaming:jtag_streaming|dr_control[7]                                                                                                            ; jtag_bridge_system:bridge_sys_inst|jtag_bridge_system_master_0:master_0|altera_avalon_st_jtag_interface:jtag_phy_embedded_in_jtag_master|altera_jtag_dc_streaming:normal.jtag_dc_streaming|altera_jtag_streaming:jtag_streaming|dr_control[6]                                                                                                            ; 0.939             ;
; jtag_bridge_system:bridge_sys_inst|jtag_bridge_system_master_0:master_0|altera_avalon_st_jtag_interface:jtag_phy_embedded_in_jtag_master|altera_jtag_dc_streaming:normal.jtag_dc_streaming|altera_jtag_streaming:jtag_streaming|dr_control[5]                                                                                                            ; jtag_bridge_system:bridge_sys_inst|jtag_bridge_system_master_0:master_0|altera_avalon_st_jtag_interface:jtag_phy_embedded_in_jtag_master|altera_jtag_dc_streaming:normal.jtag_dc_streaming|altera_jtag_streaming:jtag_streaming|dr_control[4]                                                                                                            ; 0.939             ;
; sld_hub:auto_hub|alt_sld_fab_with_jtag_input:\instrumentation_fabric_with_node_gen:fabric_gen_new_way:with_jtag_input_gen:instrumentation_fabric|alt_sld_fab:instrumentation_fabric|alt_sld_fab_alt_sld_fab:alt_sld_fab|alt_sld_fab_alt_sld_fab_sldfabric:sldfabric|sld_jtag_hub:\jtag_hub_gen:real_sld_jtag_hub|sld_rom_sr:hub_info_reg|WORD_SR[1]      ; sld_hub:auto_hub|alt_sld_fab_with_jtag_input:\instrumentation_fabric_with_node_gen:fabric_gen_new_way:with_jtag_input_gen:instrumentation_fabric|alt_sld_fab:instrumentation_fabric|alt_sld_fab_alt_sld_fab:alt_sld_fab|alt_sld_fab_alt_sld_fab_sldfabric:sldfabric|sld_jtag_hub:\jtag_hub_gen:real_sld_jtag_hub|sld_rom_sr:hub_info_reg|WORD_SR[0]      ; 0.939             ;
; jtag_bridge_system:bridge_sys_inst|jtag_bridge_system_master_0:master_0|altera_avalon_st_jtag_interface:jtag_phy_embedded_in_jtag_master|altera_jtag_dc_streaming:normal.jtag_dc_streaming|altera_jtag_streaming:jtag_streaming|dr_info[7]                                                                                                               ; jtag_bridge_system:bridge_sys_inst|jtag_bridge_system_master_0:master_0|altera_avalon_st_jtag_interface:jtag_phy_embedded_in_jtag_master|altera_jtag_dc_streaming:normal.jtag_dc_streaming|altera_jtag_streaming:jtag_streaming|dr_info[6]                                                                                                               ; 0.937             ;
; jtag_bridge_system:bridge_sys_inst|jtag_bridge_system_master_0:master_0|altera_avalon_st_jtag_interface:jtag_phy_embedded_in_jtag_master|altera_jtag_dc_streaming:normal.jtag_dc_streaming|altera_jtag_streaming:jtag_streaming|dr_info[5]                                                                                                               ; jtag_bridge_system:bridge_sys_inst|jtag_bridge_system_master_0:master_0|altera_avalon_st_jtag_interface:jtag_phy_embedded_in_jtag_master|altera_jtag_dc_streaming:normal.jtag_dc_streaming|altera_jtag_streaming:jtag_streaming|dr_info[4]                                                                                                               ; 0.937             ;
+----------------------------------------------------------------------------------------------------------------------------------------------------------------------------------------------------------------------------------------------------------------------------------------------------------------------------------------------------------+----------------------------------------------------------------------------------------------------------------------------------------------------------------------------------------------------------------------------------------------------------------------------------------------------------------------------------------------------------+-------------------+
Note: This table only shows the top 100 path(s) that have the largest delay added for hold.


+-----------------+
; Fitter Messages ;
+-----------------+
Warning (18236): Number of processors has not been specified which may cause overloading on shared machines.  Set the global assignment NUM_PARALLEL_PROCESSORS in your QSF to an appropriate value for best performance.
Info (20030): Parallel compilation is enabled and will use 8 of the 8 processors detected
Info (119006): Selected device 5CEBA4F23C7 for design "oscilatorRing"
Info (21077): Low junction temperature is 0 degrees C
Info (21077): High junction temperature is 85 degrees C
Info (171003): Fitter is performing an Auto Fit compilation, which may decrease Fitter effort to reduce compilation time
Warning (292013): Feature LogicLock is only available with a valid subscription license. You can purchase a software subscription to gain full access to this feature.
Warning (15714): Some pins have incomplete I/O assignments. Refer to the I/O Assignment Warnings report for details
Info (176045): Design uses memory blocks. Violating setup or hold times of memory block address registers for either read or write operations could cause memory contents to be corrupted. Make sure that all memory block address registers meet the setup and hold time requirements.
Info (184020): Starting Fitter periphery placement operations
Info (11191): Automatically promoted 1 clock (1 global)
    Info (11162): clk~inputCLKENA0 with 289 fanout uses global clock CLKCTRL_G5
Info (184021): Fitter periphery placement operations ending: elapsed time is 00:00:00
Info (176233): Starting register packing
Info (332164): Evaluating HDL-embedded SDC commands
    Info (332165): Entity altera_std_synchronizer
        Info (332166): set_false_path -to [get_keepers {*altera_std_synchronizer:*|din_s1}]
    Info (332165): Entity sld_hub
        Info (332166): create_clock -name altera_reserved_tck [get_ports {altera_reserved_tck}] -period 30MHz   
        Info (332166): if { [string equal quartus_fit $::TimeQuestInfo(nameofexecutable)] } { set_max_delay -to [get_ports { altera_reserved_tdo } ] 0 }
        Info (332166): set_clock_groups -asynchronous -group {altera_reserved_tck}
Info (332104): Reading SDC File: 'jtag_bridge_system/synthesis/submodules/altera_reset_controller.sdc'
Info (332104): Reading SDC File: 'jtag_bridge_system/synthesis/submodules/altera_avalon_st_jtag_interface.sdc'
Warning (332125): Found combinational loop of 6 nodes File: /home/rodizio/projects/ringOscilator/code/oscilatorRing.vhd Line: 13
    Warning (332126): Node "rings_inst|\genRings:2:oscRing|step[2]|combout"
    Warning (332126): Node "rings_inst|\genRings:2:oscRing|step[0]|dataa"
    Warning (332126): Node "rings_inst|\genRings:2:oscRing|step[0]|combout"
    Warning (332126): Node "rings_inst|\genRings:2:oscRing|step[1]|dataa"
    Warning (332126): Node "rings_inst|\genRings:2:oscRing|step[1]|combout"
    Warning (332126): Node "rings_inst|\genRings:2:oscRing|step[2]|dataa"
Warning (332125): Found combinational loop of 6 nodes File: /home/rodizio/projects/ringOscilator/code/oscilatorRing.vhd Line: 13
    Warning (332126): Node "rings_inst|\genRings:1:oscRing|step[2]|combout"
    Warning (332126): Node "rings_inst|\genRings:1:oscRing|step[0]|dataa"
    Warning (332126): Node "rings_inst|\genRings:1:oscRing|step[0]|combout"
    Warning (332126): Node "rings_inst|\genRings:1:oscRing|step[1]|dataa"
    Warning (332126): Node "rings_inst|\genRings:1:oscRing|step[1]|combout"
    Warning (332126): Node "rings_inst|\genRings:1:oscRing|step[2]|dataa"
Warning (332125): Found combinational loop of 6 nodes File: /home/rodizio/projects/ringOscilator/code/oscilatorRing.vhd Line: 13
    Warning (332126): Node "rings_inst|\genRings:0:oscRing|step[2]|combout"
    Warning (332126): Node "rings_inst|\genRings:0:oscRing|step[0]|dataa"
    Warning (332126): Node "rings_inst|\genRings:0:oscRing|step[0]|combout"
    Warning (332126): Node "rings_inst|\genRings:0:oscRing|step[1]|dataa"
    Warning (332126): Node "rings_inst|\genRings:0:oscRing|step[1]|combout"
    Warning (332126): Node "rings_inst|\genRings:0:oscRing|step[2]|dataa"
Warning (332060): Node: clk was determined to be a clock but was found without an associated clock assignment.
    Info (13166): Register jtag_bridge_system:bridge_sys_inst|jtag_bridge_system_master_0:master_0|altera_reset_controller:rst_controller|altera_reset_synchronizer:alt_rst_sync_uq1|altera_reset_synchronizer_int_chain_out is being clocked by clk
Info (332143): No user constrained clock uncertainty found in the design. Calling "derive_clock_uncertainty"
Info (332123): Deriving Clock Uncertainty. Please refer to report_sdc in the Timing Analyzer to see clock uncertainties.
Info (332129): Detected timing requirements -- optimizing circuit to achieve only the specified requirements
Info (332111): Found 1 clocks
    Info (332111):   Period   Clock Name
    Info (332111): ======== ============
    Info (332111):   33.333 altera_reserved_tck
Info (176235): Finished register packing
    Extra Info (176218): Packed 8 registers into blocks of type Block RAM
Info (11798): Fitter preparation operations ending: elapsed time is 00:00:04
Info (170189): Fitter placement preparation operations beginning
Info (14951): The Fitter is using Advanced Physical Optimization.
Info (170190): Fitter placement preparation operations ending: elapsed time is 00:00:02
Info (170191): Fitter placement operations beginning
Info (170137): Fitter placement was successful
Info (170192): Fitter placement operations ending: elapsed time is 00:00:01
Info (170193): Fitter routing operations beginning
Info (170195): Router estimated average interconnect usage is 0% of the available device resources
    Info (170196): Router estimated peak interconnect usage is 15% of the available device resources in the region that extends from location X0_Y0 to location X10_Y10
Info (170199): The Fitter performed an Auto Fit compilation.  Optimizations were skipped to reduce compilation time.
    Info (170201): Optimizations that may affect the design's routability were skipped
Info (170194): Fitter routing operations ending: elapsed time is 00:00:02
Info (11888): Total time spent on timing analysis during the Fitter is 0.88 seconds.
Info (334003): Started post-fitting delay annotation
Info (334004): Delay annotation completed successfully
Info (334003): Started post-fitting delay annotation
Info (334004): Delay annotation completed successfully
Info (11801): Fitter post-fit operations ending: elapsed time is 00:00:02
Info (144001): Generated suppressed messages file /home/rodizio/projects/ringOscilator/code/output_files/oscilatorRing.fit.smsg
Info: Quartus Prime Fitter was successful. 0 errors, 25 warnings
    Info: Peak virtual memory: 2138 megabytes
    Info: Processing ended: Fri Aug 28 03:38:40 2026
    Info: Elapsed time: 00:00:17
    Info: Total CPU time (on all processors): 00:00:56


+----------------------------+
; Fitter Suppressed Messages ;
+----------------------------+
The suppressed messages can be found in /home/rodizio/projects/ringOscilator/code/output_files/oscilatorRing.fit.smsg.


