Timing Analyzer report for oscilatorRing
Fri Aug 28 05:49:06 2026
Quartus Prime Version 24.1std.0 Build 1077 03/04/2025 SC Lite Edition


---------------------
; Table of Contents ;
---------------------
  1. Legal Notice
  2. Timing Analyzer Summary
  3. Parallel Compilation
  4. SDC File List
  5. Clocks
  6. Slow 1100mV 85C Model Fmax Summary
  7. Timing Closure Recommendations
  8. Slow 1100mV 85C Model Setup Summary
  9. Slow 1100mV 85C Model Hold Summary
 10. Slow 1100mV 85C Model Recovery Summary
 11. Slow 1100mV 85C Model Removal Summary
 12. Slow 1100mV 85C Model Minimum Pulse Width Summary
 13. Slow 1100mV 85C Model Metastability Summary
 14. Slow 1100mV 0C Model Fmax Summary
 15. Slow 1100mV 0C Model Setup Summary
 16. Slow 1100mV 0C Model Hold Summary
 17. Slow 1100mV 0C Model Recovery Summary
 18. Slow 1100mV 0C Model Removal Summary
 19. Slow 1100mV 0C Model Minimum Pulse Width Summary
 20. Slow 1100mV 0C Model Metastability Summary
 21. Fast 1100mV 85C Model Setup Summary
 22. Fast 1100mV 85C Model Hold Summary
 23. Fast 1100mV 85C Model Recovery Summary
 24. Fast 1100mV 85C Model Removal Summary
 25. Fast 1100mV 85C Model Minimum Pulse Width Summary
 26. Fast 1100mV 85C Model Metastability Summary
 27. Fast 1100mV 0C Model Setup Summary
 28. Fast 1100mV 0C Model Hold Summary
 29. Fast 1100mV 0C Model Recovery Summary
 30. Fast 1100mV 0C Model Removal Summary
 31. Fast 1100mV 0C Model Minimum Pulse Width Summary
 32. Fast 1100mV 0C Model Metastability Summary
 33. Multicorner Timing Analysis Summary
 34. Board Trace Model Assignments
 35. Input Transition Times
 36. Signal Integrity Metrics (Slow 1100mv 0c Model)
 37. Signal Integrity Metrics (Slow 1100mv 85c Model)
 38. Signal Integrity Metrics (Fast 1100mv 0c Model)
 39. Signal Integrity Metrics (Fast 1100mv 85c Model)
 40. Setup Transfers
 41. Hold Transfers
 42. Recovery Transfers
 43. Removal Transfers
 44. Report TCCS
 45. Report RSKM
 46. Unconstrained Paths Summary
 47. Clock Status Summary
 48. Unconstrained Input Ports
 49. Unconstrained Output Ports
 50. Unconstrained Input Ports
 51. Unconstrained Output Ports
 52. Timing Analyzer Messages



----------------
; Legal Notice ;
----------------
Copyright (C) 2025  Altera Corporation. All rights reserved.
Your use of Altera Corporation's design tools, logic functions 
and other software and tools, and any partner logic 
functions, and any output files from any of the foregoing 
(including device programming or simulation files), and any 
associated documentation or information are expressly subject 
to the terms and conditions of the Altera Program License 
Subscription Agreement, the Altera Quartus Prime License Agreement,
the Altera IP License Agreement, or other applicable license
agreement, including, without limitation, that your use is for
the sole purpose of programming logic devices manufactured by
Altera and sold by Altera or its authorized distributors.  Please
refer to the Altera Software License Subscription Agreements 
on the Quartus Prime software download page.



+---------------------------------------------------------------------------------+
; Timing Analyzer Summary                                                         ;
+-----------------------+---------------------------------------------------------+
; Quartus Prime Version ; Version 24.1std.0 Build 1077 03/04/2025 SC Lite Edition ;
; Timing Analyzer       ; Legacy Timing Analyzer                                  ;
; Revision Name         ; oscilatorRing                                           ;
; Device Family         ; Cyclone V                                               ;
; Device Name           ; 5CEBA4F23C7                                             ;
; Timing Models         ; Final                                                   ;
; Delay Model           ; Combined                                                ;
; Rise/Fall Delays      ; Enabled                                                 ;
+-----------------------+---------------------------------------------------------+


+------------------------------------------+
; Parallel Compilation                     ;
+----------------------------+-------------+
; Processors                 ; Number      ;
+----------------------------+-------------+
; Number detected on machine ; 12          ;
; Maximum allowed            ; 8           ;
;                            ;             ;
; Average used               ; 1.72        ;
; Maximum used               ; 8           ;
;                            ;             ;
; Usage by Processor         ; % Time Used ;
;     Processor 1            ; 100.0%      ;
;     Processor 2            ;  10.8%      ;
;     Processor 3            ;  10.6%      ;
;     Processor 4            ;  10.3%      ;
;     Processor 5            ;  10.1%      ;
;     Processor 6            ;  10.1%      ;
;     Processor 7            ;  10.0%      ;
;     Processor 8            ;   9.7%      ;
+----------------------------+-------------+


+-----------------------------------------------------------------------------------------------------------------+
; SDC File List                                                                                                   ;
+-----------------------------------------------------------------------------+--------+--------------------------+
; SDC File Path                                                               ; Status ; Read at                  ;
+-----------------------------------------------------------------------------+--------+--------------------------+
; jtag_bridge_system/synthesis/submodules/altera_reset_controller.sdc         ; OK     ; Fri Aug 28 05:49:02 2026 ;
; jtag_bridge_system/synthesis/submodules/altera_avalon_st_jtag_interface.sdc ; OK     ; Fri Aug 28 05:49:02 2026 ;
+-----------------------------------------------------------------------------+--------+--------------------------+


+----------------------------------------------------------------------------------------------------------------------------------------------------------------------------------------------------------+
; Clocks                                                                                                                                                                                                   ;
+---------------------+------+--------+-----------+-------+--------+------------+-----------+-------------+-------+--------+-----------+------------+----------+--------+--------+-------------------------+
; Clock Name          ; Type ; Period ; Frequency ; Rise  ; Fall   ; Duty Cycle ; Divide by ; Multiply by ; Phase ; Offset ; Edge List ; Edge Shift ; Inverted ; Master ; Source ; Targets                 ;
+---------------------+------+--------+-----------+-------+--------+------------+-----------+-------------+-------+--------+-----------+------------+----------+--------+--------+-------------------------+
; altera_reserved_tck ; Base ; 33.333 ; 30.0 MHz  ; 0.000 ; 16.666 ;            ;           ;             ;       ;        ;           ;            ;          ;        ;        ; { altera_reserved_tck } ;
+---------------------+------+--------+-----------+-------+--------+------------+-----------+-------------+-------+--------+-----------+------------+----------+--------+--------+-------------------------+


+----------------------------------------------------------+
; Slow 1100mV 85C Model Fmax Summary                       ;
+-----------+-----------------+---------------------+------+
; Fmax      ; Restricted Fmax ; Clock Name          ; Note ;
+-----------+-----------------+---------------------+------+
; 72.46 MHz ; 72.46 MHz       ; altera_reserved_tck ;      ;
+-----------+-----------------+---------------------+------+
This panel reports FMAX for every clock in the design, regardless of the user-specified clock periods.  FMAX is only computed for paths where the source and destination registers or ports are driven by the same clock.  Paths of different clocks, including generated clocks, are ignored.  For paths between a clock and its inversion, FMAX is computed as if the rising and falling edges are scaled along with FMAX, such that the duty cycle (in terms of a percentage) is maintained. Altera recommends that you always use clock constraints and other slack reports for sign-off analysis.


----------------------------------
; Timing Closure Recommendations ;
----------------------------------
HTML report is unavailable in plain text report export.


+---------------------------------------------+
; Slow 1100mV 85C Model Setup Summary         ;
+---------------------+-------+---------------+
; Clock               ; Slack ; End Point TNS ;
+---------------------+-------+---------------+
; altera_reserved_tck ; 9.766 ; 0.000         ;
+---------------------+-------+---------------+


+---------------------------------------------+
; Slow 1100mV 85C Model Hold Summary          ;
+---------------------+-------+---------------+
; Clock               ; Slack ; End Point TNS ;
+---------------------+-------+---------------+
; altera_reserved_tck ; 0.427 ; 0.000         ;
+---------------------+-------+---------------+


+----------------------------------------------+
; Slow 1100mV 85C Model Recovery Summary       ;
+---------------------+--------+---------------+
; Clock               ; Slack  ; End Point TNS ;
+---------------------+--------+---------------+
; altera_reserved_tck ; 30.000 ; 0.000         ;
+---------------------+--------+---------------+


+---------------------------------------------+
; Slow 1100mV 85C Model Removal Summary       ;
+---------------------+-------+---------------+
; Clock               ; Slack ; End Point TNS ;
+---------------------+-------+---------------+
; altera_reserved_tck ; 0.932 ; 0.000         ;
+---------------------+-------+---------------+


+---------------------------------------------------+
; Slow 1100mV 85C Model Minimum Pulse Width Summary ;
+---------------------+--------+--------------------+
; Clock               ; Slack  ; End Point TNS      ;
+---------------------+--------+--------------------+
; altera_reserved_tck ; 15.679 ; 0.000              ;
+---------------------+--------+--------------------+


-----------------------------------------------
; Slow 1100mV 85C Model Metastability Summary ;
-----------------------------------------------
Worst-Case MTBF of Design is 1e+09 years or 3.15e+16 seconds.
Typical MTBF of Design is 1e+09 years or 3.15e+16 seconds.

Number of Synchronizer Chains Found: 5
Shortest Synchronizer Chain: 3 Registers
Fraction of Chains for which MTBFs Could Not be Calculated: 0.000
Worst Case Available Settling Time: 62.476 ns

Worst-Case MTBF values are calculated based on the worst-case silicon characteristics, with worst-case operating conditions.
  - Under worst-case conditions, an increase of 100ps in available settling time will increase MTBF values by a factor of 7.8
Typical MTBF values are calculated based on the nominal silicon characteristics, at nominal operating conditions.
  - Under typical conditions, an increase of 100ps in available settling time will increase MTBF values by a factor of 17.8



+----------------------------------------------------------+
; Slow 1100mV 0C Model Fmax Summary                        ;
+-----------+-----------------+---------------------+------+
; Fmax      ; Restricted Fmax ; Clock Name          ; Note ;
+-----------+-----------------+---------------------+------+
; 73.31 MHz ; 73.31 MHz       ; altera_reserved_tck ;      ;
+-----------+-----------------+---------------------+------+
This panel reports FMAX for every clock in the design, regardless of the user-specified clock periods.  FMAX is only computed for paths where the source and destination registers or ports are driven by the same clock.  Paths of different clocks, including generated clocks, are ignored.  For paths between a clock and its inversion, FMAX is computed as if the rising and falling edges are scaled along with FMAX, such that the duty cycle (in terms of a percentage) is maintained. Altera recommends that you always use clock constraints and other slack reports for sign-off analysis.


+---------------------------------------------+
; Slow 1100mV 0C Model Setup Summary          ;
+---------------------+-------+---------------+
; Clock               ; Slack ; End Point TNS ;
+---------------------+-------+---------------+
; altera_reserved_tck ; 9.846 ; 0.000         ;
+---------------------+-------+---------------+


+---------------------------------------------+
; Slow 1100mV 0C Model Hold Summary           ;
+---------------------+-------+---------------+
; Clock               ; Slack ; End Point TNS ;
+---------------------+-------+---------------+
; altera_reserved_tck ; 0.382 ; 0.000         ;
+---------------------+-------+---------------+


+----------------------------------------------+
; Slow 1100mV 0C Model Recovery Summary        ;
+---------------------+--------+---------------+
; Clock               ; Slack  ; End Point TNS ;
+---------------------+--------+---------------+
; altera_reserved_tck ; 30.128 ; 0.000         ;
+---------------------+--------+---------------+


+---------------------------------------------+
; Slow 1100mV 0C Model Removal Summary        ;
+---------------------+-------+---------------+
; Clock               ; Slack ; End Point TNS ;
+---------------------+-------+---------------+
; altera_reserved_tck ; 0.883 ; 0.000         ;
+---------------------+-------+---------------+


+--------------------------------------------------+
; Slow 1100mV 0C Model Minimum Pulse Width Summary ;
+---------------------+--------+-------------------+
; Clock               ; Slack  ; End Point TNS     ;
+---------------------+--------+-------------------+
; altera_reserved_tck ; 15.704 ; 0.000             ;
+---------------------+--------+-------------------+


----------------------------------------------
; Slow 1100mV 0C Model Metastability Summary ;
----------------------------------------------
Worst-Case MTBF of Design is 1e+09 years or 3.15e+16 seconds.
Typical MTBF of Design is 1e+09 years or 3.15e+16 seconds.

Number of Synchronizer Chains Found: 5
Shortest Synchronizer Chain: 3 Registers
Fraction of Chains for which MTBFs Could Not be Calculated: 0.000
Worst Case Available Settling Time: 62.478 ns

Worst-Case MTBF values are calculated based on the worst-case silicon characteristics, with worst-case operating conditions.
  - Under worst-case conditions, an increase of 100ps in available settling time will increase MTBF values by a factor of 2.4
Typical MTBF values are calculated based on the nominal silicon characteristics, at nominal operating conditions.
  - Under typical conditions, an increase of 100ps in available settling time will increase MTBF values by a factor of 17.8



+----------------------------------------------+
; Fast 1100mV 85C Model Setup Summary          ;
+---------------------+--------+---------------+
; Clock               ; Slack  ; End Point TNS ;
+---------------------+--------+---------------+
; altera_reserved_tck ; 13.065 ; 0.000         ;
+---------------------+--------+---------------+


+---------------------------------------------+
; Fast 1100mV 85C Model Hold Summary          ;
+---------------------+-------+---------------+
; Clock               ; Slack ; End Point TNS ;
+---------------------+-------+---------------+
; altera_reserved_tck ; 0.135 ; 0.000         ;
+---------------------+-------+---------------+


+----------------------------------------------+
; Fast 1100mV 85C Model Recovery Summary       ;
+---------------------+--------+---------------+
; Clock               ; Slack  ; End Point TNS ;
+---------------------+--------+---------------+
; altera_reserved_tck ; 31.299 ; 0.000         ;
+---------------------+--------+---------------+


+---------------------------------------------+
; Fast 1100mV 85C Model Removal Summary       ;
+---------------------+-------+---------------+
; Clock               ; Slack ; End Point TNS ;
+---------------------+-------+---------------+
; altera_reserved_tck ; 0.419 ; 0.000         ;
+---------------------+-------+---------------+


+---------------------------------------------------+
; Fast 1100mV 85C Model Minimum Pulse Width Summary ;
+---------------------+--------+--------------------+
; Clock               ; Slack  ; End Point TNS      ;
+---------------------+--------+--------------------+
; altera_reserved_tck ; 15.723 ; 0.000              ;
+---------------------+--------+--------------------+


-----------------------------------------------
; Fast 1100mV 85C Model Metastability Summary ;
-----------------------------------------------
Worst-Case MTBF of Design is 1e+09 years or 3.15e+16 seconds.
Typical MTBF of Design is 1e+09 years or 3.15e+16 seconds.

Number of Synchronizer Chains Found: 5
Shortest Synchronizer Chain: 3 Registers
Fraction of Chains for which MTBFs Could Not be Calculated: 0.000
Worst Case Available Settling Time: 64.142 ns

Worst-Case MTBF values are calculated based on the worst-case silicon characteristics, with worst-case operating conditions.
  - Under worst-case conditions, an increase of 100ps in available settling time will increase MTBF values by a factor of 7.8
Typical MTBF values are calculated based on the nominal silicon characteristics, at nominal operating conditions.
  - Under typical conditions, an increase of 100ps in available settling time will increase MTBF values by a factor of 17.8



+----------------------------------------------+
; Fast 1100mV 0C Model Setup Summary           ;
+---------------------+--------+---------------+
; Clock               ; Slack  ; End Point TNS ;
+---------------------+--------+---------------+
; altera_reserved_tck ; 13.503 ; 0.000         ;
+---------------------+--------+---------------+


+---------------------------------------------+
; Fast 1100mV 0C Model Hold Summary           ;
+---------------------+-------+---------------+
; Clock               ; Slack ; End Point TNS ;
+---------------------+-------+---------------+
; altera_reserved_tck ; 0.102 ; 0.000         ;
+---------------------+-------+---------------+


+----------------------------------------------+
; Fast 1100mV 0C Model Recovery Summary        ;
+---------------------+--------+---------------+
; Clock               ; Slack  ; End Point TNS ;
+---------------------+--------+---------------+
; altera_reserved_tck ; 31.496 ; 0.000         ;
+---------------------+--------+---------------+


+---------------------------------------------+
; Fast 1100mV 0C Model Removal Summary        ;
+---------------------+-------+---------------+
; Clock               ; Slack ; End Point TNS ;
+---------------------+-------+---------------+
; altera_reserved_tck ; 0.371 ; 0.000         ;
+---------------------+-------+---------------+


+--------------------------------------------------+
; Fast 1100mV 0C Model Minimum Pulse Width Summary ;
+---------------------+--------+-------------------+
; Clock               ; Slack  ; End Point TNS     ;
+---------------------+--------+-------------------+
; altera_reserved_tck ; 15.755 ; 0.000             ;
+---------------------+--------+-------------------+


----------------------------------------------
; Fast 1100mV 0C Model Metastability Summary ;
----------------------------------------------
Worst-Case MTBF of Design is 1e+09 years or 3.15e+16 seconds.
Typical MTBF of Design is 1e+09 years or 3.15e+16 seconds.

Number of Synchronizer Chains Found: 5
Shortest Synchronizer Chain: 3 Registers
Fraction of Chains for which MTBFs Could Not be Calculated: 0.000
Worst Case Available Settling Time: 64.297 ns

Worst-Case MTBF values are calculated based on the worst-case silicon characteristics, with worst-case operating conditions.
  - Under worst-case conditions, an increase of 100ps in available settling time will increase MTBF values by a factor of 2.4
Typical MTBF values are calculated based on the nominal silicon characteristics, at nominal operating conditions.
  - Under typical conditions, an increase of 100ps in available settling time will increase MTBF values by a factor of 17.8



+---------------------------------------------------------------------------------+
; Multicorner Timing Analysis Summary                                             ;
+----------------------+-------+-------+----------+---------+---------------------+
; Clock                ; Setup ; Hold  ; Recovery ; Removal ; Minimum Pulse Width ;
+----------------------+-------+-------+----------+---------+---------------------+
; Worst-case Slack     ; 9.766 ; 0.102 ; 30.000   ; 0.371   ; 15.679              ;
;  altera_reserved_tck ; 9.766 ; 0.102 ; 30.000   ; 0.371   ; 15.679              ;
; Design-wide TNS      ; 0.0   ; 0.0   ; 0.0      ; 0.0     ; 0.0                 ;
;  altera_reserved_tck ; 0.000 ; 0.000 ; 0.000    ; 0.000   ; 0.000               ;
+----------------------+-------+-------+----------+---------+---------------------+


+------------------------------------------------------------------------------------------------------------------------------------------------------------------------------------------------------------------------------------------------------------------------------------------------------------------------------------------------------------------------------------------------------------------------+
; Board Trace Model Assignments                                                                                                                                                                                                                                                                                                                                                                                          ;
+---------------------+--------------+-------------------+-------------------------+-------------------------+---------------+---------------------+----------------+------------------+--------+------------------+------------------------+------------------------+--------------+---------------+-----------------+-------+---------------------+--------------------+---------------+-----------------+-------------+
; Pin                 ; I/O Standard ; Near Tline Length ; Near Tline L per Length ; Near Tline C per Length ; Near Series R ; Near Differential R ; Near Pull-up R ; Near Pull-down R ; Near C ; Far Tline Length ; Far Tline L per Length ; Far Tline C per Length ; Far Series R ; Far Pull-up R ; Far Pull-down R ; Far C ; Termination Voltage ; Far Differential R ; EBD File Name ; EBD Signal Name ; EBD Far-end ;
+---------------------+--------------+-------------------+-------------------------+-------------------------+---------------+---------------------+----------------+------------------+--------+------------------+------------------------+------------------------+--------------+---------------+-----------------+-------+---------------------+--------------------+---------------+-----------------+-------------+
; altera_reserved_tdo ; 2.5 V        ; 0 in              ; 0 H/in                  ; 0 F/in                  ; short         ; -                   ; open           ; open             ; open   ; 0 in             ; 0 H/in                 ; 0 F/in                 ; short        ; open          ; open            ; open  ; 0 V                 ; -                  ; n/a           ; n/a             ; n/a         ;
+---------------------+--------------+-------------------+-------------------------+-------------------------+---------------+---------------------+----------------+------------------+--------+------------------+------------------------+------------------------+--------------+---------------+-----------------+-------+---------------------+--------------------+---------------+-----------------+-------------+


+------------------------------------------------------------------------+
; Input Transition Times                                                 ;
+---------------------+--------------+-----------------+-----------------+
; Pin                 ; I/O Standard ; 10-90 Rise Time ; 90-10 Fall Time ;
+---------------------+--------------+-----------------+-----------------+
; clk                 ; 2.5 V        ; 2000 ps         ; 2000 ps         ;
; altera_reserved_tms ; 2.5 V        ; 2000 ps         ; 2000 ps         ;
; altera_reserved_tck ; 2.5 V        ; 2000 ps         ; 2000 ps         ;
; altera_reserved_tdi ; 2.5 V        ; 2000 ps         ; 2000 ps         ;
+---------------------+--------------+-----------------+-----------------+


+--------------------------------------------------------------------------------------------------------------------------------------------------------------------------------------------------------------------------------------------------------------------------------------------------------------------------------------------------------------------------------------------------------------------------------------------------------------------------------------------------------------------------------------------------------------------------------------------------------------------------------------------------------------------------------------------------+
; Signal Integrity Metrics (Slow 1100mv 0c Model)                                                                                                                                                                                                                                                                                                                                                                                                                                                                                                                                                                                                                                                  ;
+---------------------+--------------+---------------------+---------------------+------------------------------+------------------------------+---------------------+---------------------+--------------------------------------+--------------------------------------+-----------------------------+-----------------------------+----------------------------+----------------------------+-----------------------------+-----------------------------+--------------------+--------------------+-------------------------------------+-------------------------------------+----------------------------+----------------------------+---------------------------+---------------------------+
; Pin                 ; I/O Standard ; Board Delay on Rise ; Board Delay on Fall ; Steady State Voh at FPGA Pin ; Steady State Vol at FPGA Pin ; Voh Max at FPGA Pin ; Vol Min at FPGA Pin ; Ringback Voltage on Rise at FPGA Pin ; Ringback Voltage on Fall at FPGA Pin ; 10-90 Rise Time at FPGA Pin ; 90-10 Fall Time at FPGA Pin ; Monotonic Rise at FPGA Pin ; Monotonic Fall at FPGA Pin ; Steady State Voh at Far-end ; Steady State Vol at Far-end ; Voh Max at Far-end ; Vol Min at Far-end ; Ringback Voltage on Rise at Far-end ; Ringback Voltage on Fall at Far-end ; 10-90 Rise Time at Far-end ; 90-10 Fall Time at Far-end ; Monotonic Rise at Far-end ; Monotonic Fall at Far-end ;
+---------------------+--------------+---------------------+---------------------+------------------------------+------------------------------+---------------------+---------------------+--------------------------------------+--------------------------------------+-----------------------------+-----------------------------+----------------------------+----------------------------+-----------------------------+-----------------------------+--------------------+--------------------+-------------------------------------+-------------------------------------+----------------------------+----------------------------+---------------------------+---------------------------+
; altera_reserved_tdo ; 2.5 V        ; 0 s                 ; 0 s                 ; 2.32 V                       ; 1.95e-07 V                   ; 2.4 V               ; -0.0546 V           ; 0.16 V                               ; 0.114 V                              ; 4.56e-10 s                  ; 4.36e-10 s                  ; No                         ; No                         ; 2.32 V                      ; 1.95e-07 V                  ; 2.4 V              ; -0.0546 V          ; 0.16 V                              ; 0.114 V                             ; 4.56e-10 s                 ; 4.36e-10 s                 ; No                        ; No                        ;
+---------------------+--------------+---------------------+---------------------+------------------------------+------------------------------+---------------------+---------------------+--------------------------------------+--------------------------------------+-----------------------------+-----------------------------+----------------------------+----------------------------+-----------------------------+-----------------------------+--------------------+--------------------+-------------------------------------+-------------------------------------+----------------------------+----------------------------+---------------------------+---------------------------+


+--------------------------------------------------------------------------------------------------------------------------------------------------------------------------------------------------------------------------------------------------------------------------------------------------------------------------------------------------------------------------------------------------------------------------------------------------------------------------------------------------------------------------------------------------------------------------------------------------------------------------------------------------------------------------------------------------+
; Signal Integrity Metrics (Slow 1100mv 85c Model)                                                                                                                                                                                                                                                                                                                                                                                                                                                                                                                                                                                                                                                 ;
+---------------------+--------------+---------------------+---------------------+------------------------------+------------------------------+---------------------+---------------------+--------------------------------------+--------------------------------------+-----------------------------+-----------------------------+----------------------------+----------------------------+-----------------------------+-----------------------------+--------------------+--------------------+-------------------------------------+-------------------------------------+----------------------------+----------------------------+---------------------------+---------------------------+
; Pin                 ; I/O Standard ; Board Delay on Rise ; Board Delay on Fall ; Steady State Voh at FPGA Pin ; Steady State Vol at FPGA Pin ; Voh Max at FPGA Pin ; Vol Min at FPGA Pin ; Ringback Voltage on Rise at FPGA Pin ; Ringback Voltage on Fall at FPGA Pin ; 10-90 Rise Time at FPGA Pin ; 90-10 Fall Time at FPGA Pin ; Monotonic Rise at FPGA Pin ; Monotonic Fall at FPGA Pin ; Steady State Voh at Far-end ; Steady State Vol at Far-end ; Voh Max at Far-end ; Vol Min at Far-end ; Ringback Voltage on Rise at Far-end ; Ringback Voltage on Fall at Far-end ; 10-90 Rise Time at Far-end ; 90-10 Fall Time at Far-end ; Monotonic Rise at Far-end ; Monotonic Fall at Far-end ;
+---------------------+--------------+---------------------+---------------------+------------------------------+------------------------------+---------------------+---------------------+--------------------------------------+--------------------------------------+-----------------------------+-----------------------------+----------------------------+----------------------------+-----------------------------+-----------------------------+--------------------+--------------------+-------------------------------------+-------------------------------------+----------------------------+----------------------------+---------------------------+---------------------------+
; altera_reserved_tdo ; 2.5 V        ; 0 s                 ; 0 s                 ; 2.32 V                       ; 2.26e-05 V                   ; 2.37 V              ; -0.0374 V           ; 0.182 V                              ; 0.159 V                              ; 4.8e-10 s                   ; 4.68e-10 s                  ; Yes                        ; Yes                        ; 2.32 V                      ; 2.26e-05 V                  ; 2.37 V             ; -0.0374 V          ; 0.182 V                             ; 0.159 V                             ; 4.8e-10 s                  ; 4.68e-10 s                 ; Yes                       ; Yes                       ;
+---------------------+--------------+---------------------+---------------------+------------------------------+------------------------------+---------------------+---------------------+--------------------------------------+--------------------------------------+-----------------------------+-----------------------------+----------------------------+----------------------------+-----------------------------+-----------------------------+--------------------+--------------------+-------------------------------------+-------------------------------------+----------------------------+----------------------------+---------------------------+---------------------------+


+--------------------------------------------------------------------------------------------------------------------------------------------------------------------------------------------------------------------------------------------------------------------------------------------------------------------------------------------------------------------------------------------------------------------------------------------------------------------------------------------------------------------------------------------------------------------------------------------------------------------------------------------------------------------------------------------------+
; Signal Integrity Metrics (Fast 1100mv 0c Model)                                                                                                                                                                                                                                                                                                                                                                                                                                                                                                                                                                                                                                                  ;
+---------------------+--------------+---------------------+---------------------+------------------------------+------------------------------+---------------------+---------------------+--------------------------------------+--------------------------------------+-----------------------------+-----------------------------+----------------------------+----------------------------+-----------------------------+-----------------------------+--------------------+--------------------+-------------------------------------+-------------------------------------+----------------------------+----------------------------+---------------------------+---------------------------+
; Pin                 ; I/O Standard ; Board Delay on Rise ; Board Delay on Fall ; Steady State Voh at FPGA Pin ; Steady State Vol at FPGA Pin ; Voh Max at FPGA Pin ; Vol Min at FPGA Pin ; Ringback Voltage on Rise at FPGA Pin ; Ringback Voltage on Fall at FPGA Pin ; 10-90 Rise Time at FPGA Pin ; 90-10 Fall Time at FPGA Pin ; Monotonic Rise at FPGA Pin ; Monotonic Fall at FPGA Pin ; Steady State Voh at Far-end ; Steady State Vol at Far-end ; Voh Max at Far-end ; Vol Min at Far-end ; Ringback Voltage on Rise at Far-end ; Ringback Voltage on Fall at Far-end ; 10-90 Rise Time at Far-end ; 90-10 Fall Time at Far-end ; Monotonic Rise at Far-end ; Monotonic Fall at Far-end ;
+---------------------+--------------+---------------------+---------------------+------------------------------+------------------------------+---------------------+---------------------+--------------------------------------+--------------------------------------+-----------------------------+-----------------------------+----------------------------+----------------------------+-----------------------------+-----------------------------+--------------------+--------------------+-------------------------------------+-------------------------------------+----------------------------+----------------------------+---------------------------+---------------------------+
; altera_reserved_tdo ; 2.5 V        ; 0 s                 ; 0 s                 ; 2.75 V                       ; 3.79e-06 V                   ; 2.89 V              ; -0.122 V            ; 0.311 V                              ; 0.277 V                              ; 2.78e-10 s                  ; 2.7e-10 s                   ; No                         ; No                         ; 2.75 V                      ; 3.79e-06 V                  ; 2.89 V             ; -0.122 V           ; 0.311 V                             ; 0.277 V                             ; 2.78e-10 s                 ; 2.7e-10 s                  ; No                        ; No                        ;
+---------------------+--------------+---------------------+---------------------+------------------------------+------------------------------+---------------------+---------------------+--------------------------------------+--------------------------------------+-----------------------------+-----------------------------+----------------------------+----------------------------+-----------------------------+-----------------------------+--------------------+--------------------+-------------------------------------+-------------------------------------+----------------------------+----------------------------+---------------------------+---------------------------+


+--------------------------------------------------------------------------------------------------------------------------------------------------------------------------------------------------------------------------------------------------------------------------------------------------------------------------------------------------------------------------------------------------------------------------------------------------------------------------------------------------------------------------------------------------------------------------------------------------------------------------------------------------------------------------------------------------+
; Signal Integrity Metrics (Fast 1100mv 85c Model)                                                                                                                                                                                                                                                                                                                                                                                                                                                                                                                                                                                                                                                 ;
+---------------------+--------------+---------------------+---------------------+------------------------------+------------------------------+---------------------+---------------------+--------------------------------------+--------------------------------------+-----------------------------+-----------------------------+----------------------------+----------------------------+-----------------------------+-----------------------------+--------------------+--------------------+-------------------------------------+-------------------------------------+----------------------------+----------------------------+---------------------------+---------------------------+
; Pin                 ; I/O Standard ; Board Delay on Rise ; Board Delay on Fall ; Steady State Voh at FPGA Pin ; Steady State Vol at FPGA Pin ; Voh Max at FPGA Pin ; Vol Min at FPGA Pin ; Ringback Voltage on Rise at FPGA Pin ; Ringback Voltage on Fall at FPGA Pin ; 10-90 Rise Time at FPGA Pin ; 90-10 Fall Time at FPGA Pin ; Monotonic Rise at FPGA Pin ; Monotonic Fall at FPGA Pin ; Steady State Voh at Far-end ; Steady State Vol at Far-end ; Voh Max at Far-end ; Vol Min at Far-end ; Ringback Voltage on Rise at Far-end ; Ringback Voltage on Fall at Far-end ; 10-90 Rise Time at Far-end ; 90-10 Fall Time at Far-end ; Monotonic Rise at Far-end ; Monotonic Fall at Far-end ;
+---------------------+--------------+---------------------+---------------------+------------------------------+------------------------------+---------------------+---------------------+--------------------------------------+--------------------------------------+-----------------------------+-----------------------------+----------------------------+----------------------------+-----------------------------+-----------------------------+--------------------+--------------------+-------------------------------------+-------------------------------------+----------------------------+----------------------------+---------------------------+---------------------------+
; altera_reserved_tdo ; 2.5 V        ; 0 s                 ; 0 s                 ; 2.75 V                       ; 0.000219 V                   ; 2.85 V              ; -0.0938 V           ; 0.339 V                              ; 0.157 V                              ; 3.08e-10 s                  ; 4.29e-10 s                  ; No                         ; No                         ; 2.75 V                      ; 0.000219 V                  ; 2.85 V             ; -0.0938 V          ; 0.339 V                             ; 0.157 V                             ; 3.08e-10 s                 ; 4.29e-10 s                 ; No                        ; No                        ;
+---------------------+--------------+---------------------+---------------------+------------------------------+------------------------------+---------------------+---------------------+--------------------------------------+--------------------------------------+-----------------------------+-----------------------------+----------------------------+----------------------------+-----------------------------+-----------------------------+--------------------+--------------------+-------------------------------------+-------------------------------------+----------------------------+----------------------------+---------------------------+---------------------------+


+---------------------------------------------------------------------------------------+
; Setup Transfers                                                                       ;
+---------------------+---------------------+----------+----------+----------+----------+
; From Clock          ; To Clock            ; RR Paths ; FR Paths ; RF Paths ; FF Paths ;
+---------------------+---------------------+----------+----------+----------+----------+
; altera_reserved_tck ; altera_reserved_tck ; 6274     ; 0        ; 41       ; 0        ;
+---------------------+---------------------+----------+----------+----------+----------+
Entries labeled "false path" only account for clock-to-clock false paths and not path-based false paths. As a result, actual path counts may be lower than reported.


+---------------------------------------------------------------------------------------+
; Hold Transfers                                                                        ;
+---------------------+---------------------+----------+----------+----------+----------+
; From Clock          ; To Clock            ; RR Paths ; FR Paths ; RF Paths ; FF Paths ;
+---------------------+---------------------+----------+----------+----------+----------+
; altera_reserved_tck ; altera_reserved_tck ; 6274     ; 0        ; 41       ; 0        ;
+---------------------+---------------------+----------+----------+----------+----------+
Entries labeled "false path" only account for clock-to-clock false paths and not path-based false paths. As a result, actual path counts may be lower than reported.


+---------------------------------------------------------------------------------------+
; Recovery Transfers                                                                    ;
+---------------------+---------------------+----------+----------+----------+----------+
; From Clock          ; To Clock            ; RR Paths ; FR Paths ; RF Paths ; FF Paths ;
+---------------------+---------------------+----------+----------+----------+----------+
; altera_reserved_tck ; altera_reserved_tck ; 68       ; 0        ; 0        ; 0        ;
+---------------------+---------------------+----------+----------+----------+----------+
Entries labeled "false path" only account for clock-to-clock false paths and not path-based false paths. As a result, actual path counts may be lower than reported.


+---------------------------------------------------------------------------------------+
; Removal Transfers                                                                     ;
+---------------------+---------------------+----------+----------+----------+----------+
; From Clock          ; To Clock            ; RR Paths ; FR Paths ; RF Paths ; FF Paths ;
+---------------------+---------------------+----------+----------+----------+----------+
; altera_reserved_tck ; altera_reserved_tck ; 68       ; 0        ; 0        ; 0        ;
+---------------------+---------------------+----------+----------+----------+----------+
Entries labeled "false path" only account for clock-to-clock false paths and not path-based false paths. As a result, actual path counts may be lower than reported.


---------------
; Report TCCS ;
---------------
No dedicated SERDES Transmitter circuitry present in device or used in design


---------------
; Report RSKM ;
---------------
No non-DPA dedicated SERDES Receiver circuitry present in device or used in design


+------------------------------------------------+
; Unconstrained Paths Summary                    ;
+---------------------------------+-------+------+
; Property                        ; Setup ; Hold ;
+---------------------------------+-------+------+
; Illegal Clocks                  ; 0     ; 0    ;
; Unconstrained Clocks            ; 1     ; 1    ;
; Unconstrained Input Ports       ; 2     ; 2    ;
; Unconstrained Input Port Paths  ; 47    ; 47   ;
; Unconstrained Output Ports      ; 1     ; 1    ;
; Unconstrained Output Port Paths ; 5     ; 5    ;
+---------------------------------+-------+------+


+------------------------------------------------------------------+
; Clock Status Summary                                             ;
+---------------------+---------------------+------+---------------+
; Target              ; Clock               ; Type ; Status        ;
+---------------------+---------------------+------+---------------+
; altera_reserved_tck ; altera_reserved_tck ; Base ; Constrained   ;
; clk                 ;                     ; Base ; Unconstrained ;
+---------------------+---------------------+------+---------------+


+------------------------------------------------------------------------------------------------------------+
; Unconstrained Input Ports                                                                                  ;
+---------------------+--------------------------------------------------------------------------------------+
; Input Port          ; Comment                                                                              ;
+---------------------+--------------------------------------------------------------------------------------+
; altera_reserved_tdi ; No input delay, min/max delays, false-path exceptions, or max skew assignments found ;
; altera_reserved_tms ; No input delay, min/max delays, false-path exceptions, or max skew assignments found ;
+---------------------+--------------------------------------------------------------------------------------+


+-------------------------------------------------------------------------------------------------------------+
; Unconstrained Output Ports                                                                                  ;
+---------------------+---------------------------------------------------------------------------------------+
; Output Port         ; Comment                                                                               ;
+---------------------+---------------------------------------------------------------------------------------+
; altera_reserved_tdo ; No output delay, min/max delays, false-path exceptions, or max skew assignments found ;
+---------------------+---------------------------------------------------------------------------------------+


+------------------------------------------------------------------------------------------------------------+
; Unconstrained Input Ports                                                                                  ;
+---------------------+--------------------------------------------------------------------------------------+
; Input Port          ; Comment                                                                              ;
+---------------------+--------------------------------------------------------------------------------------+
; altera_reserved_tdi ; No input delay, min/max delays, false-path exceptions, or max skew assignments found ;
; altera_reserved_tms ; No input delay, min/max delays, false-path exceptions, or max skew assignments found ;
+---------------------+--------------------------------------------------------------------------------------+


+-------------------------------------------------------------------------------------------------------------+
; Unconstrained Output Ports                                                                                  ;
+---------------------+---------------------------------------------------------------------------------------+
; Output Port         ; Comment                                                                               ;
+---------------------+---------------------------------------------------------------------------------------+
; altera_reserved_tdo ; No output delay, min/max delays, false-path exceptions, or max skew assignments found ;
+---------------------+---------------------------------------------------------------------------------------+


+--------------------------+
; Timing Analyzer Messages ;
+--------------------------+
Info: *******************************************************************
Info: Running Quartus Prime Timing Analyzer
    Info: Version 24.1std.0 Build 1077 03/04/2025 SC Lite Edition
    Info: Processing started: Fri Aug 28 05:49:01 2026
Info: Command: quartus_sta oscilatorRing -c oscilatorRing
Info: qsta_default_script.tcl version: #1
Warning (18236): Number of processors has not been specified which may cause overloading on shared machines.  Set the global assignment NUM_PARALLEL_PROCESSORS in your QSF to an appropriate value for best performance.
Info (20030): Parallel compilation is enabled and will use 8 of the 8 processors detected
Info (21077): Low junction temperature is 0 degrees C
Info (21077): High junction temperature is 85 degrees C
Info (332164): Evaluating HDL-embedded SDC commands
    Info (332165): Entity altera_std_synchronizer
        Info (332166): set_false_path -to [get_keepers {*altera_std_synchronizer:*|din_s1}]
    Info (332165): Entity sld_hub
        Info (332166): create_clock -name altera_reserved_tck [get_ports {altera_reserved_tck}] -period 30MHz   
        Info (332166): if { [string equal quartus_fit $::TimeQuestInfo(nameofexecutable)] } { set_max_delay -to [get_ports { altera_reserved_tdo } ] 0 }
        Info (332166): set_clock_groups -asynchronous -group {altera_reserved_tck}
Info (332104): Reading SDC File: 'jtag_bridge_system/synthesis/submodules/altera_reset_controller.sdc'
Info (332104): Reading SDC File: 'jtag_bridge_system/synthesis/submodules/altera_avalon_st_jtag_interface.sdc'
Warning (332125): Found combinational loop of 26 nodes File: C:/Users/15645380/ringOscilator/code/oscilatorRing.vhd Line: 13
    Warning (332126): Node "rings_inst|\genRings:56:oscRing|step[12]|combout"
    Warning (332126): Node "rings_inst|\genRings:56:oscRing|step[0]|dataf"
    Warning (332126): Node "rings_inst|\genRings:56:oscRing|step[0]|combout"
    Warning (332126): Node "rings_inst|\genRings:56:oscRing|step[1]|dataf"
    Warning (332126): Node "rings_inst|\genRings:56:oscRing|step[1]|combout"
    Warning (332126): Node "rings_inst|\genRings:56:oscRing|step[2]|datad"
    Warning (332126): Node "rings_inst|\genRings:56:oscRing|step[2]|combout"
    Warning (332126): Node "rings_inst|\genRings:56:oscRing|step[3]|dataf"
    Warning (332126): Node "rings_inst|\genRings:56:oscRing|step[3]|combout"
    Warning (332126): Node "rings_inst|\genRings:56:oscRing|step[4]|dataf"
    Warning (332126): Node "rings_inst|\genRings:56:oscRing|step[4]|combout"
    Warning (332126): Node "rings_inst|\genRings:56:oscRing|step[5]|dataf"
    Warning (332126): Node "rings_inst|\genRings:56:oscRing|step[5]|combout"
    Warning (332126): Node "rings_inst|\genRings:56:oscRing|step[6]|dataf"
    Warning (332126): Node "rings_inst|\genRings:56:oscRing|step[6]|combout"
    Warning (332126): Node "rings_inst|\genRings:56:oscRing|step[7]|dataf"
    Warning (332126): Node "rings_inst|\genRings:56:oscRing|step[7]|combout"
    Warning (332126): Node "rings_inst|\genRings:56:oscRing|step[8]|dataf"
    Warning (332126): Node "rings_inst|\genRings:56:oscRing|step[8]|combout"
    Warning (332126): Node "rings_inst|\genRings:56:oscRing|step[9]|dataf"
    Warning (332126): Node "rings_inst|\genRings:56:oscRing|step[9]|combout"
    Warning (332126): Node "rings_inst|\genRings:56:oscRing|step[10]|dataf"
    Warning (332126): Node "rings_inst|\genRings:56:oscRing|step[10]|combout"
    Warning (332126): Node "rings_inst|\genRings:56:oscRing|step[11]|dataf"
    Warning (332126): Node "rings_inst|\genRings:56:oscRing|step[11]|combout"
    Warning (332126): Node "rings_inst|\genRings:56:oscRing|step[12]|dataf"
Warning (332125): Found combinational loop of 26 nodes File: C:/Users/15645380/ringOscilator/code/oscilatorRing.vhd Line: 13
    Warning (332126): Node "rings_inst|\genRings:54:oscRing|step[12]|combout"
    Warning (332126): Node "rings_inst|\genRings:54:oscRing|step[0]|datad"
    Warning (332126): Node "rings_inst|\genRings:54:oscRing|step[0]|combout"
    Warning (332126): Node "rings_inst|\genRings:54:oscRing|step[1]|dataf"
    Warning (332126): Node "rings_inst|\genRings:54:oscRing|step[1]|combout"
    Warning (332126): Node "rings_inst|\genRings:54:oscRing|step[2]|dataf"
    Warning (332126): Node "rings_inst|\genRings:54:oscRing|step[2]|combout"
    Warning (332126): Node "rings_inst|\genRings:54:oscRing|step[3]|dataf"
    Warning (332126): Node "rings_inst|\genRings:54:oscRing|step[3]|combout"
    Warning (332126): Node "rings_inst|\genRings:54:oscRing|step[4]|dataf"
    Warning (332126): Node "rings_inst|\genRings:54:oscRing|step[4]|combout"
    Warning (332126): Node "rings_inst|\genRings:54:oscRing|step[5]|dataf"
    Warning (332126): Node "rings_inst|\genRings:54:oscRing|step[5]|combout"
    Warning (332126): Node "rings_inst|\genRings:54:oscRing|step[6]|dataf"
    Warning (332126): Node "rings_inst|\genRings:54:oscRing|step[6]|combout"
    Warning (332126): Node "rings_inst|\genRings:54:oscRing|step[7]|dataf"
    Warning (332126): Node "rings_inst|\genRings:54:oscRing|step[7]|combout"
    Warning (332126): Node "rings_inst|\genRings:54:oscRing|step[8]|dataf"
    Warning (332126): Node "rings_inst|\genRings:54:oscRing|step[8]|combout"
    Warning (332126): Node "rings_inst|\genRings:54:oscRing|step[9]|dataf"
    Warning (332126): Node "rings_inst|\genRings:54:oscRing|step[9]|combout"
    Warning (332126): Node "rings_inst|\genRings:54:oscRing|step[10]|dataf"
    Warning (332126): Node "rings_inst|\genRings:54:oscRing|step[10]|combout"
    Warning (332126): Node "rings_inst|\genRings:54:oscRing|step[11]|dataf"
    Warning (332126): Node "rings_inst|\genRings:54:oscRing|step[11]|combout"
    Warning (332126): Node "rings_inst|\genRings:54:oscRing|step[12]|dataf"
Warning (332125): Found combinational loop of 26 nodes File: C:/Users/15645380/ringOscilator/code/oscilatorRing.vhd Line: 13
    Warning (332126): Node "rings_inst|\genRings:52:oscRing|step[12]|combout"
    Warning (332126): Node "rings_inst|\genRings:52:oscRing|step[0]|dataf"
    Warning (332126): Node "rings_inst|\genRings:52:oscRing|step[0]|combout"
    Warning (332126): Node "rings_inst|\genRings:52:oscRing|step[1]|datad"
    Warning (332126): Node "rings_inst|\genRings:52:oscRing|step[1]|combout"
    Warning (332126): Node "rings_inst|\genRings:52:oscRing|step[2]|dataf"
    Warning (332126): Node "rings_inst|\genRings:52:oscRing|step[2]|combout"
    Warning (332126): Node "rings_inst|\genRings:52:oscRing|step[3]|dataf"
    Warning (332126): Node "rings_inst|\genRings:52:oscRing|step[3]|combout"
    Warning (332126): Node "rings_inst|\genRings:52:oscRing|step[4]|dataf"
    Warning (332126): Node "rings_inst|\genRings:52:oscRing|step[4]|combout"
    Warning (332126): Node "rings_inst|\genRings:52:oscRing|step[5]|dataf"
    Warning (332126): Node "rings_inst|\genRings:52:oscRing|step[5]|combout"
    Warning (332126): Node "rings_inst|\genRings:52:oscRing|step[6]|dataf"
    Warning (332126): Node "rings_inst|\genRings:52:oscRing|step[6]|combout"
    Warning (332126): Node "rings_inst|\genRings:52:oscRing|step[7]|dataf"
    Warning (332126): Node "rings_inst|\genRings:52:oscRing|step[7]|combout"
    Warning (332126): Node "rings_inst|\genRings:52:oscRing|step[8]|dataf"
    Warning (332126): Node "rings_inst|\genRings:52:oscRing|step[8]|combout"
    Warning (332126): Node "rings_inst|\genRings:52:oscRing|step[9]|dataf"
    Warning (332126): Node "rings_inst|\genRings:52:oscRing|step[9]|combout"
    Warning (332126): Node "rings_inst|\genRings:52:oscRing|step[10]|dataf"
    Warning (332126): Node "rings_inst|\genRings:52:oscRing|step[10]|combout"
    Warning (332126): Node "rings_inst|\genRings:52:oscRing|step[11]|dataf"
    Warning (332126): Node "rings_inst|\genRings:52:oscRing|step[11]|combout"
    Warning (332126): Node "rings_inst|\genRings:52:oscRing|step[12]|dataf"
Warning (332125): Found combinational loop of 26 nodes File: C:/Users/15645380/ringOscilator/code/oscilatorRing.vhd Line: 13
    Warning (332126): Node "rings_inst|\genRings:50:oscRing|step[12]|combout"
    Warning (332126): Node "rings_inst|\genRings:50:oscRing|step[0]|dataf"
    Warning (332126): Node "rings_inst|\genRings:50:oscRing|step[0]|combout"
    Warning (332126): Node "rings_inst|\genRings:50:oscRing|step[1]|dataf"
    Warning (332126): Node "rings_inst|\genRings:50:oscRing|step[1]|combout"
    Warning (332126): Node "rings_inst|\genRings:50:oscRing|step[2]|dataf"
    Warning (332126): Node "rings_inst|\genRings:50:oscRing|step[2]|combout"
    Warning (332126): Node "rings_inst|\genRings:50:oscRing|step[3]|dataf"
    Warning (332126): Node "rings_inst|\genRings:50:oscRing|step[3]|combout"
    Warning (332126): Node "rings_inst|\genRings:50:oscRing|step[4]|datad"
    Warning (332126): Node "rings_inst|\genRings:50:oscRing|step[4]|combout"
    Warning (332126): Node "rings_inst|\genRings:50:oscRing|step[5]|datad"
    Warning (332126): Node "rings_inst|\genRings:50:oscRing|step[5]|combout"
    Warning (332126): Node "rings_inst|\genRings:50:oscRing|step[6]|dataf"
    Warning (332126): Node "rings_inst|\genRings:50:oscRing|step[6]|combout"
    Warning (332126): Node "rings_inst|\genRings:50:oscRing|step[7]|datad"
    Warning (332126): Node "rings_inst|\genRings:50:oscRing|step[7]|combout"
    Warning (332126): Node "rings_inst|\genRings:50:oscRing|step[8]|dataf"
    Warning (332126): Node "rings_inst|\genRings:50:oscRing|step[8]|combout"
    Warning (332126): Node "rings_inst|\genRings:50:oscRing|step[9]|dataf"
    Warning (332126): Node "rings_inst|\genRings:50:oscRing|step[9]|combout"
    Warning (332126): Node "rings_inst|\genRings:50:oscRing|step[10]|dataf"
    Warning (332126): Node "rings_inst|\genRings:50:oscRing|step[10]|combout"
    Warning (332126): Node "rings_inst|\genRings:50:oscRing|step[11]|dataf"
    Warning (332126): Node "rings_inst|\genRings:50:oscRing|step[11]|combout"
    Warning (332126): Node "rings_inst|\genRings:50:oscRing|step[12]|dataf"
Warning (332125): Found combinational loop of 26 nodes File: C:/Users/15645380/ringOscilator/code/oscilatorRing.vhd Line: 13
    Warning (332126): Node "rings_inst|\genRings:51:oscRing|step[12]|combout"
    Warning (332126): Node "rings_inst|\genRings:51:oscRing|step[0]|dataf"
    Warning (332126): Node "rings_inst|\genRings:51:oscRing|step[0]|combout"
    Warning (332126): Node "rings_inst|\genRings:51:oscRing|step[1]|datad"
    Warning (332126): Node "rings_inst|\genRings:51:oscRing|step[1]|combout"
    Warning (332126): Node "rings_inst|\genRings:51:oscRing|step[2]|dataf"
    Warning (332126): Node "rings_inst|\genRings:51:oscRing|step[2]|combout"
    Warning (332126): Node "rings_inst|\genRings:51:oscRing|step[3]|dataf"
    Warning (332126): Node "rings_inst|\genRings:51:oscRing|step[3]|combout"
    Warning (332126): Node "rings_inst|\genRings:51:oscRing|step[4]|dataf"
    Warning (332126): Node "rings_inst|\genRings:51:oscRing|step[4]|combout"
    Warning (332126): Node "rings_inst|\genRings:51:oscRing|step[5]|datad"
    Warning (332126): Node "rings_inst|\genRings:51:oscRing|step[5]|combout"
    Warning (332126): Node "rings_inst|\genRings:51:oscRing|step[6]|dataf"
    Warning (332126): Node "rings_inst|\genRings:51:oscRing|step[6]|combout"
    Warning (332126): Node "rings_inst|\genRings:51:oscRing|step[7]|dataf"
    Warning (332126): Node "rings_inst|\genRings:51:oscRing|step[7]|combout"
    Warning (332126): Node "rings_inst|\genRings:51:oscRing|step[8]|dataf"
    Warning (332126): Node "rings_inst|\genRings:51:oscRing|step[8]|combout"
    Warning (332126): Node "rings_inst|\genRings:51:oscRing|step[9]|dataf"
    Warning (332126): Node "rings_inst|\genRings:51:oscRing|step[9]|combout"
    Warning (332126): Node "rings_inst|\genRings:51:oscRing|step[10]|dataf"
    Warning (332126): Node "rings_inst|\genRings:51:oscRing|step[10]|combout"
    Warning (332126): Node "rings_inst|\genRings:51:oscRing|step[11]|dataf"
    Warning (332126): Node "rings_inst|\genRings:51:oscRing|step[11]|combout"
    Warning (332126): Node "rings_inst|\genRings:51:oscRing|step[12]|dataf"
Warning (332125): Found combinational loop of 26 nodes File: C:/Users/15645380/ringOscilator/code/oscilatorRing.vhd Line: 13
    Warning (332126): Node "rings_inst|\genRings:57:oscRing|step[12]|combout"
    Warning (332126): Node "rings_inst|\genRings:57:oscRing|step[0]|dataf"
    Warning (332126): Node "rings_inst|\genRings:57:oscRing|step[0]|combout"
    Warning (332126): Node "rings_inst|\genRings:57:oscRing|step[1]|datad"
    Warning (332126): Node "rings_inst|\genRings:57:oscRing|step[1]|combout"
    Warning (332126): Node "rings_inst|\genRings:57:oscRing|step[2]|dataf"
    Warning (332126): Node "rings_inst|\genRings:57:oscRing|step[2]|combout"
    Warning (332126): Node "rings_inst|\genRings:57:oscRing|step[3]|dataf"
    Warning (332126): Node "rings_inst|\genRings:57:oscRing|step[3]|combout"
    Warning (332126): Node "rings_inst|\genRings:57:oscRing|step[4]|dataf"
    Warning (332126): Node "rings_inst|\genRings:57:oscRing|step[4]|combout"
    Warning (332126): Node "rings_inst|\genRings:57:oscRing|step[5]|dataf"
    Warning (332126): Node "rings_inst|\genRings:57:oscRing|step[5]|combout"
    Warning (332126): Node "rings_inst|\genRings:57:oscRing|step[6]|dataf"
    Warning (332126): Node "rings_inst|\genRings:57:oscRing|step[6]|combout"
    Warning (332126): Node "rings_inst|\genRings:57:oscRing|step[7]|dataf"
    Warning (332126): Node "rings_inst|\genRings:57:oscRing|step[7]|combout"
    Warning (332126): Node "rings_inst|\genRings:57:oscRing|step[8]|dataf"
    Warning (332126): Node "rings_inst|\genRings:57:oscRing|step[8]|combout"
    Warning (332126): Node "rings_inst|\genRings:57:oscRing|step[9]|dataf"
    Warning (332126): Node "rings_inst|\genRings:57:oscRing|step[9]|combout"
    Warning (332126): Node "rings_inst|\genRings:57:oscRing|step[10]|dataf"
    Warning (332126): Node "rings_inst|\genRings:57:oscRing|step[10]|combout"
    Warning (332126): Node "rings_inst|\genRings:57:oscRing|step[11]|datad"
    Warning (332126): Node "rings_inst|\genRings:57:oscRing|step[11]|combout"
    Warning (332126): Node "rings_inst|\genRings:57:oscRing|step[12]|dataf"
Warning (332125): Found combinational loop of 26 nodes File: C:/Users/15645380/ringOscilator/code/oscilatorRing.vhd Line: 13
    Warning (332126): Node "rings_inst|\genRings:46:oscRing|step[12]|combout"
    Warning (332126): Node "rings_inst|\genRings:46:oscRing|step[0]|dataf"
    Warning (332126): Node "rings_inst|\genRings:46:oscRing|step[0]|combout"
    Warning (332126): Node "rings_inst|\genRings:46:oscRing|step[1]|dataf"
    Warning (332126): Node "rings_inst|\genRings:46:oscRing|step[1]|combout"
    Warning (332126): Node "rings_inst|\genRings:46:oscRing|step[2]|dataf"
    Warning (332126): Node "rings_inst|\genRings:46:oscRing|step[2]|combout"
    Warning (332126): Node "rings_inst|\genRings:46:oscRing|step[3]|dataf"
    Warning (332126): Node "rings_inst|\genRings:46:oscRing|step[3]|combout"
    Warning (332126): Node "rings_inst|\genRings:46:oscRing|step[4]|datad"
    Warning (332126): Node "rings_inst|\genRings:46:oscRing|step[4]|combout"
    Warning (332126): Node "rings_inst|\genRings:46:oscRing|step[5]|dataf"
    Warning (332126): Node "rings_inst|\genRings:46:oscRing|step[5]|combout"
    Warning (332126): Node "rings_inst|\genRings:46:oscRing|step[6]|datad"
    Warning (332126): Node "rings_inst|\genRings:46:oscRing|step[6]|combout"
    Warning (332126): Node "rings_inst|\genRings:46:oscRing|step[7]|datad"
    Warning (332126): Node "rings_inst|\genRings:46:oscRing|step[7]|combout"
    Warning (332126): Node "rings_inst|\genRings:46:oscRing|step[8]|dataf"
    Warning (332126): Node "rings_inst|\genRings:46:oscRing|step[8]|combout"
    Warning (332126): Node "rings_inst|\genRings:46:oscRing|step[9]|dataf"
    Warning (332126): Node "rings_inst|\genRings:46:oscRing|step[9]|combout"
    Warning (332126): Node "rings_inst|\genRings:46:oscRing|step[10]|dataf"
    Warning (332126): Node "rings_inst|\genRings:46:oscRing|step[10]|combout"
    Warning (332126): Node "rings_inst|\genRings:46:oscRing|step[11]|dataf"
    Warning (332126): Node "rings_inst|\genRings:46:oscRing|step[11]|combout"
    Warning (332126): Node "rings_inst|\genRings:46:oscRing|step[12]|dataf"
Warning (332125): Found combinational loop of 26 nodes File: C:/Users/15645380/ringOscilator/code/oscilatorRing.vhd Line: 13
    Warning (332126): Node "rings_inst|\genRings:48:oscRing|step[12]|combout"
    Warning (332126): Node "rings_inst|\genRings:48:oscRing|step[0]|dataf"
    Warning (332126): Node "rings_inst|\genRings:48:oscRing|step[0]|combout"
    Warning (332126): Node "rings_inst|\genRings:48:oscRing|step[1]|dataf"
    Warning (332126): Node "rings_inst|\genRings:48:oscRing|step[1]|combout"
    Warning (332126): Node "rings_inst|\genRings:48:oscRing|step[2]|dataf"
    Warning (332126): Node "rings_inst|\genRings:48:oscRing|step[2]|combout"
    Warning (332126): Node "rings_inst|\genRings:48:oscRing|step[3]|dataf"
    Warning (332126): Node "rings_inst|\genRings:48:oscRing|step[3]|combout"
    Warning (332126): Node "rings_inst|\genRings:48:oscRing|step[4]|dataf"
    Warning (332126): Node "rings_inst|\genRings:48:oscRing|step[4]|combout"
    Warning (332126): Node "rings_inst|\genRings:48:oscRing|step[5]|dataf"
    Warning (332126): Node "rings_inst|\genRings:48:oscRing|step[5]|combout"
    Warning (332126): Node "rings_inst|\genRings:48:oscRing|step[6]|dataf"
    Warning (332126): Node "rings_inst|\genRings:48:oscRing|step[6]|combout"
    Warning (332126): Node "rings_inst|\genRings:48:oscRing|step[7]|dataf"
    Warning (332126): Node "rings_inst|\genRings:48:oscRing|step[7]|combout"
    Warning (332126): Node "rings_inst|\genRings:48:oscRing|step[8]|dataf"
    Warning (332126): Node "rings_inst|\genRings:48:oscRing|step[8]|combout"
    Warning (332126): Node "rings_inst|\genRings:48:oscRing|step[9]|dataf"
    Warning (332126): Node "rings_inst|\genRings:48:oscRing|step[9]|combout"
    Warning (332126): Node "rings_inst|\genRings:48:oscRing|step[10]|datad"
    Warning (332126): Node "rings_inst|\genRings:48:oscRing|step[10]|combout"
    Warning (332126): Node "rings_inst|\genRings:48:oscRing|step[11]|dataf"
    Warning (332126): Node "rings_inst|\genRings:48:oscRing|step[11]|combout"
    Warning (332126): Node "rings_inst|\genRings:48:oscRing|step[12]|dataf"
Warning (332125): Found combinational loop of 26 nodes File: C:/Users/15645380/ringOscilator/code/oscilatorRing.vhd Line: 13
    Warning (332126): Node "rings_inst|\genRings:47:oscRing|step[12]|combout"
    Warning (332126): Node "rings_inst|\genRings:47:oscRing|step[0]|datad"
    Warning (332126): Node "rings_inst|\genRings:47:oscRing|step[0]|combout"
    Warning (332126): Node "rings_inst|\genRings:47:oscRing|step[1]|dataf"
    Warning (332126): Node "rings_inst|\genRings:47:oscRing|step[1]|combout"
    Warning (332126): Node "rings_inst|\genRings:47:oscRing|step[2]|dataf"
    Warning (332126): Node "rings_inst|\genRings:47:oscRing|step[2]|combout"
    Warning (332126): Node "rings_inst|\genRings:47:oscRing|step[3]|dataf"
    Warning (332126): Node "rings_inst|\genRings:47:oscRing|step[3]|combout"
    Warning (332126): Node "rings_inst|\genRings:47:oscRing|step[4]|dataf"
    Warning (332126): Node "rings_inst|\genRings:47:oscRing|step[4]|combout"
    Warning (332126): Node "rings_inst|\genRings:47:oscRing|step[5]|dataf"
    Warning (332126): Node "rings_inst|\genRings:47:oscRing|step[5]|combout"
    Warning (332126): Node "rings_inst|\genRings:47:oscRing|step[6]|dataf"
    Warning (332126): Node "rings_inst|\genRings:47:oscRing|step[6]|combout"
    Warning (332126): Node "rings_inst|\genRings:47:oscRing|step[7]|dataf"
    Warning (332126): Node "rings_inst|\genRings:47:oscRing|step[7]|combout"
    Warning (332126): Node "rings_inst|\genRings:47:oscRing|step[8]|dataf"
    Warning (332126): Node "rings_inst|\genRings:47:oscRing|step[8]|combout"
    Warning (332126): Node "rings_inst|\genRings:47:oscRing|step[9]|datad"
    Warning (332126): Node "rings_inst|\genRings:47:oscRing|step[9]|combout"
    Warning (332126): Node "rings_inst|\genRings:47:oscRing|step[10]|dataf"
    Warning (332126): Node "rings_inst|\genRings:47:oscRing|step[10]|combout"
    Warning (332126): Node "rings_inst|\genRings:47:oscRing|step[11]|dataf"
    Warning (332126): Node "rings_inst|\genRings:47:oscRing|step[11]|combout"
    Warning (332126): Node "rings_inst|\genRings:47:oscRing|step[12]|datad"
Warning (332125): Found combinational loop of 26 nodes File: C:/Users/15645380/ringOscilator/code/oscilatorRing.vhd Line: 13
    Warning (332126): Node "rings_inst|\genRings:45:oscRing|step[12]|combout"
    Warning (332126): Node "rings_inst|\genRings:45:oscRing|step[0]|dataf"
    Warning (332126): Node "rings_inst|\genRings:45:oscRing|step[0]|combout"
    Warning (332126): Node "rings_inst|\genRings:45:oscRing|step[1]|dataf"
    Warning (332126): Node "rings_inst|\genRings:45:oscRing|step[1]|combout"
    Warning (332126): Node "rings_inst|\genRings:45:oscRing|step[2]|datad"
    Warning (332126): Node "rings_inst|\genRings:45:oscRing|step[2]|combout"
    Warning (332126): Node "rings_inst|\genRings:45:oscRing|step[3]|datad"
    Warning (332126): Node "rings_inst|\genRings:45:oscRing|step[3]|combout"
    Warning (332126): Node "rings_inst|\genRings:45:oscRing|step[4]|dataf"
    Warning (332126): Node "rings_inst|\genRings:45:oscRing|step[4]|combout"
    Warning (332126): Node "rings_inst|\genRings:45:oscRing|step[5]|dataf"
    Warning (332126): Node "rings_inst|\genRings:45:oscRing|step[5]|combout"
    Warning (332126): Node "rings_inst|\genRings:45:oscRing|step[6]|dataf"
    Warning (332126): Node "rings_inst|\genRings:45:oscRing|step[6]|combout"
    Warning (332126): Node "rings_inst|\genRings:45:oscRing|step[7]|dataf"
    Warning (332126): Node "rings_inst|\genRings:45:oscRing|step[7]|combout"
    Warning (332126): Node "rings_inst|\genRings:45:oscRing|step[8]|dataf"
    Warning (332126): Node "rings_inst|\genRings:45:oscRing|step[8]|combout"
    Warning (332126): Node "rings_inst|\genRings:45:oscRing|step[9]|dataf"
    Warning (332126): Node "rings_inst|\genRings:45:oscRing|step[9]|combout"
    Warning (332126): Node "rings_inst|\genRings:45:oscRing|step[10]|dataf"
    Warning (332126): Node "rings_inst|\genRings:45:oscRing|step[10]|combout"
    Warning (332126): Node "rings_inst|\genRings:45:oscRing|step[11]|dataf"
    Warning (332126): Node "rings_inst|\genRings:45:oscRing|step[11]|combout"
    Warning (332126): Node "rings_inst|\genRings:45:oscRing|step[12]|datad"
Warning (332125): Found combinational loop of 26 nodes File: C:/Users/15645380/ringOscilator/code/oscilatorRing.vhd Line: 13
    Warning (332126): Node "rings_inst|\genRings:44:oscRing|step[12]|combout"
    Warning (332126): Node "rings_inst|\genRings:44:oscRing|step[0]|dataf"
    Warning (332126): Node "rings_inst|\genRings:44:oscRing|step[0]|combout"
    Warning (332126): Node "rings_inst|\genRings:44:oscRing|step[1]|dataf"
    Warning (332126): Node "rings_inst|\genRings:44:oscRing|step[1]|combout"
    Warning (332126): Node "rings_inst|\genRings:44:oscRing|step[2]|dataf"
    Warning (332126): Node "rings_inst|\genRings:44:oscRing|step[2]|combout"
    Warning (332126): Node "rings_inst|\genRings:44:oscRing|step[3]|dataf"
    Warning (332126): Node "rings_inst|\genRings:44:oscRing|step[3]|combout"
    Warning (332126): Node "rings_inst|\genRings:44:oscRing|step[4]|dataf"
    Warning (332126): Node "rings_inst|\genRings:44:oscRing|step[4]|combout"
    Warning (332126): Node "rings_inst|\genRings:44:oscRing|step[5]|dataf"
    Warning (332126): Node "rings_inst|\genRings:44:oscRing|step[5]|combout"
    Warning (332126): Node "rings_inst|\genRings:44:oscRing|step[6]|dataf"
    Warning (332126): Node "rings_inst|\genRings:44:oscRing|step[6]|combout"
    Warning (332126): Node "rings_inst|\genRings:44:oscRing|step[7]|dataf"
    Warning (332126): Node "rings_inst|\genRings:44:oscRing|step[7]|combout"
    Warning (332126): Node "rings_inst|\genRings:44:oscRing|step[8]|dataf"
    Warning (332126): Node "rings_inst|\genRings:44:oscRing|step[8]|combout"
    Warning (332126): Node "rings_inst|\genRings:44:oscRing|step[9]|dataf"
    Warning (332126): Node "rings_inst|\genRings:44:oscRing|step[9]|combout"
    Warning (332126): Node "rings_inst|\genRings:44:oscRing|step[10]|dataf"
    Warning (332126): Node "rings_inst|\genRings:44:oscRing|step[10]|combout"
    Warning (332126): Node "rings_inst|\genRings:44:oscRing|step[11]|dataf"
    Warning (332126): Node "rings_inst|\genRings:44:oscRing|step[11]|combout"
    Warning (332126): Node "rings_inst|\genRings:44:oscRing|step[12]|dataf"
Warning (332125): Found combinational loop of 26 nodes File: C:/Users/15645380/ringOscilator/code/oscilatorRing.vhd Line: 13
    Warning (332126): Node "rings_inst|\genRings:60:oscRing|step[12]|combout"
    Warning (332126): Node "rings_inst|\genRings:60:oscRing|step[0]|dataf"
    Warning (332126): Node "rings_inst|\genRings:60:oscRing|step[0]|combout"
    Warning (332126): Node "rings_inst|\genRings:60:oscRing|step[1]|dataf"
    Warning (332126): Node "rings_inst|\genRings:60:oscRing|step[1]|combout"
    Warning (332126): Node "rings_inst|\genRings:60:oscRing|step[2]|datad"
    Warning (332126): Node "rings_inst|\genRings:60:oscRing|step[2]|combout"
    Warning (332126): Node "rings_inst|\genRings:60:oscRing|step[3]|dataf"
    Warning (332126): Node "rings_inst|\genRings:60:oscRing|step[3]|combout"
    Warning (332126): Node "rings_inst|\genRings:60:oscRing|step[4]|dataf"
    Warning (332126): Node "rings_inst|\genRings:60:oscRing|step[4]|combout"
    Warning (332126): Node "rings_inst|\genRings:60:oscRing|step[5]|dataf"
    Warning (332126): Node "rings_inst|\genRings:60:oscRing|step[5]|combout"
    Warning (332126): Node "rings_inst|\genRings:60:oscRing|step[6]|datad"
    Warning (332126): Node "rings_inst|\genRings:60:oscRing|step[6]|combout"
    Warning (332126): Node "rings_inst|\genRings:60:oscRing|step[7]|dataf"
    Warning (332126): Node "rings_inst|\genRings:60:oscRing|step[7]|combout"
    Warning (332126): Node "rings_inst|\genRings:60:oscRing|step[8]|dataf"
    Warning (332126): Node "rings_inst|\genRings:60:oscRing|step[8]|combout"
    Warning (332126): Node "rings_inst|\genRings:60:oscRing|step[9]|datad"
    Warning (332126): Node "rings_inst|\genRings:60:oscRing|step[9]|combout"
    Warning (332126): Node "rings_inst|\genRings:60:oscRing|step[10]|datad"
    Warning (332126): Node "rings_inst|\genRings:60:oscRing|step[10]|combout"
    Warning (332126): Node "rings_inst|\genRings:60:oscRing|step[11]|dataf"
    Warning (332126): Node "rings_inst|\genRings:60:oscRing|step[11]|combout"
    Warning (332126): Node "rings_inst|\genRings:60:oscRing|step[12]|datad"
Warning (332125): Found combinational loop of 26 nodes File: C:/Users/15645380/ringOscilator/code/oscilatorRing.vhd Line: 13
    Warning (332126): Node "rings_inst|\genRings:59:oscRing|step[12]|combout"
    Warning (332126): Node "rings_inst|\genRings:59:oscRing|step[0]|dataf"
    Warning (332126): Node "rings_inst|\genRings:59:oscRing|step[0]|combout"
    Warning (332126): Node "rings_inst|\genRings:59:oscRing|step[1]|dataf"
    Warning (332126): Node "rings_inst|\genRings:59:oscRing|step[1]|combout"
    Warning (332126): Node "rings_inst|\genRings:59:oscRing|step[2]|dataf"
    Warning (332126): Node "rings_inst|\genRings:59:oscRing|step[2]|combout"
    Warning (332126): Node "rings_inst|\genRings:59:oscRing|step[3]|datad"
    Warning (332126): Node "rings_inst|\genRings:59:oscRing|step[3]|combout"
    Warning (332126): Node "rings_inst|\genRings:59:oscRing|step[4]|dataf"
    Warning (332126): Node "rings_inst|\genRings:59:oscRing|step[4]|combout"
    Warning (332126): Node "rings_inst|\genRings:59:oscRing|step[5]|dataf"
    Warning (332126): Node "rings_inst|\genRings:59:oscRing|step[5]|combout"
    Warning (332126): Node "rings_inst|\genRings:59:oscRing|step[6]|dataf"
    Warning (332126): Node "rings_inst|\genRings:59:oscRing|step[6]|combout"
    Warning (332126): Node "rings_inst|\genRings:59:oscRing|step[7]|dataf"
    Warning (332126): Node "rings_inst|\genRings:59:oscRing|step[7]|combout"
    Warning (332126): Node "rings_inst|\genRings:59:oscRing|step[8]|dataf"
    Warning (332126): Node "rings_inst|\genRings:59:oscRing|step[8]|combout"
    Warning (332126): Node "rings_inst|\genRings:59:oscRing|step[9]|dataf"
    Warning (332126): Node "rings_inst|\genRings:59:oscRing|step[9]|combout"
    Warning (332126): Node "rings_inst|\genRings:59:oscRing|step[10]|datad"
    Warning (332126): Node "rings_inst|\genRings:59:oscRing|step[10]|combout"
    Warning (332126): Node "rings_inst|\genRings:59:oscRing|step[11]|dataf"
    Warning (332126): Node "rings_inst|\genRings:59:oscRing|step[11]|combout"
    Warning (332126): Node "rings_inst|\genRings:59:oscRing|step[12]|dataf"
Warning (332125): Found combinational loop of 26 nodes File: C:/Users/15645380/ringOscilator/code/oscilatorRing.vhd Line: 13
    Warning (332126): Node "rings_inst|\genRings:63:oscRing|step[12]|combout"
    Warning (332126): Node "rings_inst|\genRings:63:oscRing|step[0]|datad"
    Warning (332126): Node "rings_inst|\genRings:63:oscRing|step[0]|combout"
    Warning (332126): Node "rings_inst|\genRings:63:oscRing|step[1]|dataf"
    Warning (332126): Node "rings_inst|\genRings:63:oscRing|step[1]|combout"
    Warning (332126): Node "rings_inst|\genRings:63:oscRing|step[2]|dataf"
    Warning (332126): Node "rings_inst|\genRings:63:oscRing|step[2]|combout"
    Warning (332126): Node "rings_inst|\genRings:63:oscRing|step[3]|dataf"
    Warning (332126): Node "rings_inst|\genRings:63:oscRing|step[3]|combout"
    Warning (332126): Node "rings_inst|\genRings:63:oscRing|step[4]|datad"
    Warning (332126): Node "rings_inst|\genRings:63:oscRing|step[4]|combout"
    Warning (332126): Node "rings_inst|\genRings:63:oscRing|step[5]|dataf"
    Warning (332126): Node "rings_inst|\genRings:63:oscRing|step[5]|combout"
    Warning (332126): Node "rings_inst|\genRings:63:oscRing|step[6]|dataf"
    Warning (332126): Node "rings_inst|\genRings:63:oscRing|step[6]|combout"
    Warning (332126): Node "rings_inst|\genRings:63:oscRing|step[7]|dataf"
    Warning (332126): Node "rings_inst|\genRings:63:oscRing|step[7]|combout"
    Warning (332126): Node "rings_inst|\genRings:63:oscRing|step[8]|dataf"
    Warning (332126): Node "rings_inst|\genRings:63:oscRing|step[8]|combout"
    Warning (332126): Node "rings_inst|\genRings:63:oscRing|step[9]|dataf"
    Warning (332126): Node "rings_inst|\genRings:63:oscRing|step[9]|combout"
    Warning (332126): Node "rings_inst|\genRings:63:oscRing|step[10]|dataf"
    Warning (332126): Node "rings_inst|\genRings:63:oscRing|step[10]|combout"
    Warning (332126): Node "rings_inst|\genRings:63:oscRing|step[11]|dataf"
    Warning (332126): Node "rings_inst|\genRings:63:oscRing|step[11]|combout"
    Warning (332126): Node "rings_inst|\genRings:63:oscRing|step[12]|dataf"
Warning (332125): Found combinational loop of 26 nodes File: C:/Users/15645380/ringOscilator/code/oscilatorRing.vhd Line: 13
    Warning (332126): Node "rings_inst|\genRings:58:oscRing|step[12]|combout"
    Warning (332126): Node "rings_inst|\genRings:58:oscRing|step[0]|dataf"
    Warning (332126): Node "rings_inst|\genRings:58:oscRing|step[0]|combout"
    Warning (332126): Node "rings_inst|\genRings:58:oscRing|step[1]|dataf"
    Warning (332126): Node "rings_inst|\genRings:58:oscRing|step[1]|combout"
    Warning (332126): Node "rings_inst|\genRings:58:oscRing|step[2]|datad"
    Warning (332126): Node "rings_inst|\genRings:58:oscRing|step[2]|combout"
    Warning (332126): Node "rings_inst|\genRings:58:oscRing|step[3]|dataf"
    Warning (332126): Node "rings_inst|\genRings:58:oscRing|step[3]|combout"
    Warning (332126): Node "rings_inst|\genRings:58:oscRing|step[4]|datad"
    Warning (332126): Node "rings_inst|\genRings:58:oscRing|step[4]|combout"
    Warning (332126): Node "rings_inst|\genRings:58:oscRing|step[5]|dataf"
    Warning (332126): Node "rings_inst|\genRings:58:oscRing|step[5]|combout"
    Warning (332126): Node "rings_inst|\genRings:58:oscRing|step[6]|dataf"
    Warning (332126): Node "rings_inst|\genRings:58:oscRing|step[6]|combout"
    Warning (332126): Node "rings_inst|\genRings:58:oscRing|step[7]|dataf"
    Warning (332126): Node "rings_inst|\genRings:58:oscRing|step[7]|combout"
    Warning (332126): Node "rings_inst|\genRings:58:oscRing|step[8]|dataf"
    Warning (332126): Node "rings_inst|\genRings:58:oscRing|step[8]|combout"
    Warning (332126): Node "rings_inst|\genRings:58:oscRing|step[9]|datad"
    Warning (332126): Node "rings_inst|\genRings:58:oscRing|step[9]|combout"
    Warning (332126): Node "rings_inst|\genRings:58:oscRing|step[10]|dataf"
    Warning (332126): Node "rings_inst|\genRings:58:oscRing|step[10]|combout"
    Warning (332126): Node "rings_inst|\genRings:58:oscRing|step[11]|dataf"
    Warning (332126): Node "rings_inst|\genRings:58:oscRing|step[11]|combout"
    Warning (332126): Node "rings_inst|\genRings:58:oscRing|step[12]|dataf"
Warning (332125): Found combinational loop of 26 nodes File: C:/Users/15645380/ringOscilator/code/oscilatorRing.vhd Line: 13
    Warning (332126): Node "rings_inst|\genRings:64:oscRing|step[12]|combout"
    Warning (332126): Node "rings_inst|\genRings:64:oscRing|step[0]|dataf"
    Warning (332126): Node "rings_inst|\genRings:64:oscRing|step[0]|combout"
    Warning (332126): Node "rings_inst|\genRings:64:oscRing|step[1]|dataf"
    Warning (332126): Node "rings_inst|\genRings:64:oscRing|step[1]|combout"
    Warning (332126): Node "rings_inst|\genRings:64:oscRing|step[2]|dataf"
    Warning (332126): Node "rings_inst|\genRings:64:oscRing|step[2]|combout"
    Warning (332126): Node "rings_inst|\genRings:64:oscRing|step[3]|dataf"
    Warning (332126): Node "rings_inst|\genRings:64:oscRing|step[3]|combout"
    Warning (332126): Node "rings_inst|\genRings:64:oscRing|step[4]|dataf"
    Warning (332126): Node "rings_inst|\genRings:64:oscRing|step[4]|combout"
    Warning (332126): Node "rings_inst|\genRings:64:oscRing|step[5]|dataf"
    Warning (332126): Node "rings_inst|\genRings:64:oscRing|step[5]|combout"
    Warning (332126): Node "rings_inst|\genRings:64:oscRing|step[6]|dataf"
    Warning (332126): Node "rings_inst|\genRings:64:oscRing|step[6]|combout"
    Warning (332126): Node "rings_inst|\genRings:64:oscRing|step[7]|datad"
    Warning (332126): Node "rings_inst|\genRings:64:oscRing|step[7]|combout"
    Warning (332126): Node "rings_inst|\genRings:64:oscRing|step[8]|dataf"
    Warning (332126): Node "rings_inst|\genRings:64:oscRing|step[8]|combout"
    Warning (332126): Node "rings_inst|\genRings:64:oscRing|step[9]|dataf"
    Warning (332126): Node "rings_inst|\genRings:64:oscRing|step[9]|combout"
    Warning (332126): Node "rings_inst|\genRings:64:oscRing|step[10]|dataf"
    Warning (332126): Node "rings_inst|\genRings:64:oscRing|step[10]|combout"
    Warning (332126): Node "rings_inst|\genRings:64:oscRing|step[11]|dataf"
    Warning (332126): Node "rings_inst|\genRings:64:oscRing|step[11]|combout"
    Warning (332126): Node "rings_inst|\genRings:64:oscRing|step[12]|dataf"
Warning (332125): Found combinational loop of 26 nodes File: C:/Users/15645380/ringOscilator/code/oscilatorRing.vhd Line: 13
    Warning (332126): Node "rings_inst|\genRings:61:oscRing|step[12]|combout"
    Warning (332126): Node "rings_inst|\genRings:61:oscRing|step[0]|dataf"
    Warning (332126): Node "rings_inst|\genRings:61:oscRing|step[0]|combout"
    Warning (332126): Node "rings_inst|\genRings:61:oscRing|step[1]|dataf"
    Warning (332126): Node "rings_inst|\genRings:61:oscRing|step[1]|combout"
    Warning (332126): Node "rings_inst|\genRings:61:oscRing|step[2]|dataf"
    Warning (332126): Node "rings_inst|\genRings:61:oscRing|step[2]|combout"
    Warning (332126): Node "rings_inst|\genRings:61:oscRing|step[3]|dataf"
    Warning (332126): Node "rings_inst|\genRings:61:oscRing|step[3]|combout"
    Warning (332126): Node "rings_inst|\genRings:61:oscRing|step[4]|dataf"
    Warning (332126): Node "rings_inst|\genRings:61:oscRing|step[4]|combout"
    Warning (332126): Node "rings_inst|\genRings:61:oscRing|step[5]|datad"
    Warning (332126): Node "rings_inst|\genRings:61:oscRing|step[5]|combout"
    Warning (332126): Node "rings_inst|\genRings:61:oscRing|step[6]|datad"
    Warning (332126): Node "rings_inst|\genRings:61:oscRing|step[6]|combout"
    Warning (332126): Node "rings_inst|\genRings:61:oscRing|step[7]|datad"
    Warning (332126): Node "rings_inst|\genRings:61:oscRing|step[7]|combout"
    Warning (332126): Node "rings_inst|\genRings:61:oscRing|step[8]|dataf"
    Warning (332126): Node "rings_inst|\genRings:61:oscRing|step[8]|combout"
    Warning (332126): Node "rings_inst|\genRings:61:oscRing|step[9]|datad"
    Warning (332126): Node "rings_inst|\genRings:61:oscRing|step[9]|combout"
    Warning (332126): Node "rings_inst|\genRings:61:oscRing|step[10]|datad"
    Warning (332126): Node "rings_inst|\genRings:61:oscRing|step[10]|combout"
    Warning (332126): Node "rings_inst|\genRings:61:oscRing|step[11]|dataf"
    Warning (332126): Node "rings_inst|\genRings:61:oscRing|step[11]|combout"
    Warning (332126): Node "rings_inst|\genRings:61:oscRing|step[12]|dataf"
Warning (332125): Found combinational loop of 26 nodes File: C:/Users/15645380/ringOscilator/code/oscilatorRing.vhd Line: 13
    Warning (332126): Node "rings_inst|\genRings:49:oscRing|step[12]|combout"
    Warning (332126): Node "rings_inst|\genRings:49:oscRing|step[0]|dataf"
    Warning (332126): Node "rings_inst|\genRings:49:oscRing|step[0]|combout"
    Warning (332126): Node "rings_inst|\genRings:49:oscRing|step[1]|dataf"
    Warning (332126): Node "rings_inst|\genRings:49:oscRing|step[1]|combout"
    Warning (332126): Node "rings_inst|\genRings:49:oscRing|step[2]|dataf"
    Warning (332126): Node "rings_inst|\genRings:49:oscRing|step[2]|combout"
    Warning (332126): Node "rings_inst|\genRings:49:oscRing|step[3]|dataf"
    Warning (332126): Node "rings_inst|\genRings:49:oscRing|step[3]|combout"
    Warning (332126): Node "rings_inst|\genRings:49:oscRing|step[4]|datad"
    Warning (332126): Node "rings_inst|\genRings:49:oscRing|step[4]|combout"
    Warning (332126): Node "rings_inst|\genRings:49:oscRing|step[5]|dataf"
    Warning (332126): Node "rings_inst|\genRings:49:oscRing|step[5]|combout"
    Warning (332126): Node "rings_inst|\genRings:49:oscRing|step[6]|dataf"
    Warning (332126): Node "rings_inst|\genRings:49:oscRing|step[6]|combout"
    Warning (332126): Node "rings_inst|\genRings:49:oscRing|step[7]|dataf"
    Warning (332126): Node "rings_inst|\genRings:49:oscRing|step[7]|combout"
    Warning (332126): Node "rings_inst|\genRings:49:oscRing|step[8]|dataf"
    Warning (332126): Node "rings_inst|\genRings:49:oscRing|step[8]|combout"
    Warning (332126): Node "rings_inst|\genRings:49:oscRing|step[9]|dataf"
    Warning (332126): Node "rings_inst|\genRings:49:oscRing|step[9]|combout"
    Warning (332126): Node "rings_inst|\genRings:49:oscRing|step[10]|datad"
    Warning (332126): Node "rings_inst|\genRings:49:oscRing|step[10]|combout"
    Warning (332126): Node "rings_inst|\genRings:49:oscRing|step[11]|dataf"
    Warning (332126): Node "rings_inst|\genRings:49:oscRing|step[11]|combout"
    Warning (332126): Node "rings_inst|\genRings:49:oscRing|step[12]|dataf"
Warning (332125): Found combinational loop of 26 nodes File: C:/Users/15645380/ringOscilator/code/oscilatorRing.vhd Line: 13
    Warning (332126): Node "rings_inst|\genRings:68:oscRing|step[12]|combout"
    Warning (332126): Node "rings_inst|\genRings:68:oscRing|step[0]|dataf"
    Warning (332126): Node "rings_inst|\genRings:68:oscRing|step[0]|combout"
    Warning (332126): Node "rings_inst|\genRings:68:oscRing|step[1]|dataf"
    Warning (332126): Node "rings_inst|\genRings:68:oscRing|step[1]|combout"
    Warning (332126): Node "rings_inst|\genRings:68:oscRing|step[2]|datad"
    Warning (332126): Node "rings_inst|\genRings:68:oscRing|step[2]|combout"
    Warning (332126): Node "rings_inst|\genRings:68:oscRing|step[3]|dataf"
    Warning (332126): Node "rings_inst|\genRings:68:oscRing|step[3]|combout"
    Warning (332126): Node "rings_inst|\genRings:68:oscRing|step[4]|datad"
    Warning (332126): Node "rings_inst|\genRings:68:oscRing|step[4]|combout"
    Warning (332126): Node "rings_inst|\genRings:68:oscRing|step[5]|datad"
    Warning (332126): Node "rings_inst|\genRings:68:oscRing|step[5]|combout"
    Warning (332126): Node "rings_inst|\genRings:68:oscRing|step[6]|dataf"
    Warning (332126): Node "rings_inst|\genRings:68:oscRing|step[6]|combout"
    Warning (332126): Node "rings_inst|\genRings:68:oscRing|step[7]|datad"
    Warning (332126): Node "rings_inst|\genRings:68:oscRing|step[7]|combout"
    Warning (332126): Node "rings_inst|\genRings:68:oscRing|step[8]|dataf"
    Warning (332126): Node "rings_inst|\genRings:68:oscRing|step[8]|combout"
    Warning (332126): Node "rings_inst|\genRings:68:oscRing|step[9]|dataf"
    Warning (332126): Node "rings_inst|\genRings:68:oscRing|step[9]|combout"
    Warning (332126): Node "rings_inst|\genRings:68:oscRing|step[10]|dataf"
    Warning (332126): Node "rings_inst|\genRings:68:oscRing|step[10]|combout"
    Warning (332126): Node "rings_inst|\genRings:68:oscRing|step[11]|dataf"
    Warning (332126): Node "rings_inst|\genRings:68:oscRing|step[11]|combout"
    Warning (332126): Node "rings_inst|\genRings:68:oscRing|step[12]|dataf"
Warning (332125): Found combinational loop of 26 nodes File: C:/Users/15645380/ringOscilator/code/oscilatorRing.vhd Line: 13
    Warning (332126): Node "rings_inst|\genRings:65:oscRing|step[12]|combout"
    Warning (332126): Node "rings_inst|\genRings:65:oscRing|step[0]|dataf"
    Warning (332126): Node "rings_inst|\genRings:65:oscRing|step[0]|combout"
    Warning (332126): Node "rings_inst|\genRings:65:oscRing|step[1]|dataf"
    Warning (332126): Node "rings_inst|\genRings:65:oscRing|step[1]|combout"
    Warning (332126): Node "rings_inst|\genRings:65:oscRing|step[2]|dataf"
    Warning (332126): Node "rings_inst|\genRings:65:oscRing|step[2]|combout"
    Warning (332126): Node "rings_inst|\genRings:65:oscRing|step[3]|dataf"
    Warning (332126): Node "rings_inst|\genRings:65:oscRing|step[3]|combout"
    Warning (332126): Node "rings_inst|\genRings:65:oscRing|step[4]|dataf"
    Warning (332126): Node "rings_inst|\genRings:65:oscRing|step[4]|combout"
    Warning (332126): Node "rings_inst|\genRings:65:oscRing|step[5]|dataf"
    Warning (332126): Node "rings_inst|\genRings:65:oscRing|step[5]|combout"
    Warning (332126): Node "rings_inst|\genRings:65:oscRing|step[6]|datad"
    Warning (332126): Node "rings_inst|\genRings:65:oscRing|step[6]|combout"
    Warning (332126): Node "rings_inst|\genRings:65:oscRing|step[7]|dataf"
    Warning (332126): Node "rings_inst|\genRings:65:oscRing|step[7]|combout"
    Warning (332126): Node "rings_inst|\genRings:65:oscRing|step[8]|datad"
    Warning (332126): Node "rings_inst|\genRings:65:oscRing|step[8]|combout"
    Warning (332126): Node "rings_inst|\genRings:65:oscRing|step[9]|dataf"
    Warning (332126): Node "rings_inst|\genRings:65:oscRing|step[9]|combout"
    Warning (332126): Node "rings_inst|\genRings:65:oscRing|step[10]|dataf"
    Warning (332126): Node "rings_inst|\genRings:65:oscRing|step[10]|combout"
    Warning (332126): Node "rings_inst|\genRings:65:oscRing|step[11]|dataf"
    Warning (332126): Node "rings_inst|\genRings:65:oscRing|step[11]|combout"
    Warning (332126): Node "rings_inst|\genRings:65:oscRing|step[12]|dataf"
Warning (332125): Found combinational loop of 26 nodes File: C:/Users/15645380/ringOscilator/code/oscilatorRing.vhd Line: 13
    Warning (332126): Node "rings_inst|\genRings:66:oscRing|step[12]|combout"
    Warning (332126): Node "rings_inst|\genRings:66:oscRing|step[0]|dataf"
    Warning (332126): Node "rings_inst|\genRings:66:oscRing|step[0]|combout"
    Warning (332126): Node "rings_inst|\genRings:66:oscRing|step[1]|dataf"
    Warning (332126): Node "rings_inst|\genRings:66:oscRing|step[1]|combout"
    Warning (332126): Node "rings_inst|\genRings:66:oscRing|step[2]|dataf"
    Warning (332126): Node "rings_inst|\genRings:66:oscRing|step[2]|combout"
    Warning (332126): Node "rings_inst|\genRings:66:oscRing|step[3]|dataf"
    Warning (332126): Node "rings_inst|\genRings:66:oscRing|step[3]|combout"
    Warning (332126): Node "rings_inst|\genRings:66:oscRing|step[4]|dataf"
    Warning (332126): Node "rings_inst|\genRings:66:oscRing|step[4]|combout"
    Warning (332126): Node "rings_inst|\genRings:66:oscRing|step[5]|dataf"
    Warning (332126): Node "rings_inst|\genRings:66:oscRing|step[5]|combout"
    Warning (332126): Node "rings_inst|\genRings:66:oscRing|step[6]|datad"
    Warning (332126): Node "rings_inst|\genRings:66:oscRing|step[6]|combout"
    Warning (332126): Node "rings_inst|\genRings:66:oscRing|step[7]|dataf"
    Warning (332126): Node "rings_inst|\genRings:66:oscRing|step[7]|combout"
    Warning (332126): Node "rings_inst|\genRings:66:oscRing|step[8]|dataf"
    Warning (332126): Node "rings_inst|\genRings:66:oscRing|step[8]|combout"
    Warning (332126): Node "rings_inst|\genRings:66:oscRing|step[9]|dataf"
    Warning (332126): Node "rings_inst|\genRings:66:oscRing|step[9]|combout"
    Warning (332126): Node "rings_inst|\genRings:66:oscRing|step[10]|dataf"
    Warning (332126): Node "rings_inst|\genRings:66:oscRing|step[10]|combout"
    Warning (332126): Node "rings_inst|\genRings:66:oscRing|step[11]|dataf"
    Warning (332126): Node "rings_inst|\genRings:66:oscRing|step[11]|combout"
    Warning (332126): Node "rings_inst|\genRings:66:oscRing|step[12]|dataf"
Warning (332125): Found combinational loop of 26 nodes File: C:/Users/15645380/ringOscilator/code/oscilatorRing.vhd Line: 13
    Warning (332126): Node "rings_inst|\genRings:69:oscRing|step[12]|combout"
    Warning (332126): Node "rings_inst|\genRings:69:oscRing|step[0]|dataf"
    Warning (332126): Node "rings_inst|\genRings:69:oscRing|step[0]|combout"
    Warning (332126): Node "rings_inst|\genRings:69:oscRing|step[1]|dataf"
    Warning (332126): Node "rings_inst|\genRings:69:oscRing|step[1]|combout"
    Warning (332126): Node "rings_inst|\genRings:69:oscRing|step[2]|dataf"
    Warning (332126): Node "rings_inst|\genRings:69:oscRing|step[2]|combout"
    Warning (332126): Node "rings_inst|\genRings:69:oscRing|step[3]|datad"
    Warning (332126): Node "rings_inst|\genRings:69:oscRing|step[3]|combout"
    Warning (332126): Node "rings_inst|\genRings:69:oscRing|step[4]|datad"
    Warning (332126): Node "rings_inst|\genRings:69:oscRing|step[4]|combout"
    Warning (332126): Node "rings_inst|\genRings:69:oscRing|step[5]|dataf"
    Warning (332126): Node "rings_inst|\genRings:69:oscRing|step[5]|combout"
    Warning (332126): Node "rings_inst|\genRings:69:oscRing|step[6]|dataf"
    Warning (332126): Node "rings_inst|\genRings:69:oscRing|step[6]|combout"
    Warning (332126): Node "rings_inst|\genRings:69:oscRing|step[7]|dataf"
    Warning (332126): Node "rings_inst|\genRings:69:oscRing|step[7]|combout"
    Warning (332126): Node "rings_inst|\genRings:69:oscRing|step[8]|datad"
    Warning (332126): Node "rings_inst|\genRings:69:oscRing|step[8]|combout"
    Warning (332126): Node "rings_inst|\genRings:69:oscRing|step[9]|dataf"
    Warning (332126): Node "rings_inst|\genRings:69:oscRing|step[9]|combout"
    Warning (332126): Node "rings_inst|\genRings:69:oscRing|step[10]|dataf"
    Warning (332126): Node "rings_inst|\genRings:69:oscRing|step[10]|combout"
    Warning (332126): Node "rings_inst|\genRings:69:oscRing|step[11]|dataf"
    Warning (332126): Node "rings_inst|\genRings:69:oscRing|step[11]|combout"
    Warning (332126): Node "rings_inst|\genRings:69:oscRing|step[12]|dataf"
Warning (332125): Found combinational loop of 26 nodes File: C:/Users/15645380/ringOscilator/code/oscilatorRing.vhd Line: 13
    Warning (332126): Node "rings_inst|\genRings:67:oscRing|step[12]|combout"
    Warning (332126): Node "rings_inst|\genRings:67:oscRing|step[0]|dataf"
    Warning (332126): Node "rings_inst|\genRings:67:oscRing|step[0]|combout"
    Warning (332126): Node "rings_inst|\genRings:67:oscRing|step[1]|dataf"
    Warning (332126): Node "rings_inst|\genRings:67:oscRing|step[1]|combout"
    Warning (332126): Node "rings_inst|\genRings:67:oscRing|step[2]|datad"
    Warning (332126): Node "rings_inst|\genRings:67:oscRing|step[2]|combout"
    Warning (332126): Node "rings_inst|\genRings:67:oscRing|step[3]|dataf"
    Warning (332126): Node "rings_inst|\genRings:67:oscRing|step[3]|combout"
    Warning (332126): Node "rings_inst|\genRings:67:oscRing|step[4]|dataf"
    Warning (332126): Node "rings_inst|\genRings:67:oscRing|step[4]|combout"
    Warning (332126): Node "rings_inst|\genRings:67:oscRing|step[5]|datad"
    Warning (332126): Node "rings_inst|\genRings:67:oscRing|step[5]|combout"
    Warning (332126): Node "rings_inst|\genRings:67:oscRing|step[6]|datad"
    Warning (332126): Node "rings_inst|\genRings:67:oscRing|step[6]|combout"
    Warning (332126): Node "rings_inst|\genRings:67:oscRing|step[7]|dataf"
    Warning (332126): Node "rings_inst|\genRings:67:oscRing|step[7]|combout"
    Warning (332126): Node "rings_inst|\genRings:67:oscRing|step[8]|dataf"
    Warning (332126): Node "rings_inst|\genRings:67:oscRing|step[8]|combout"
    Warning (332126): Node "rings_inst|\genRings:67:oscRing|step[9]|dataf"
    Warning (332126): Node "rings_inst|\genRings:67:oscRing|step[9]|combout"
    Warning (332126): Node "rings_inst|\genRings:67:oscRing|step[10]|dataf"
    Warning (332126): Node "rings_inst|\genRings:67:oscRing|step[10]|combout"
    Warning (332126): Node "rings_inst|\genRings:67:oscRing|step[11]|dataf"
    Warning (332126): Node "rings_inst|\genRings:67:oscRing|step[11]|combout"
    Warning (332126): Node "rings_inst|\genRings:67:oscRing|step[12]|dataf"
Warning (332125): Found combinational loop of 26 nodes File: C:/Users/15645380/ringOscilator/code/oscilatorRing.vhd Line: 13
    Warning (332126): Node "rings_inst|\genRings:70:oscRing|step[12]|combout"
    Warning (332126): Node "rings_inst|\genRings:70:oscRing|step[0]|dataf"
    Warning (332126): Node "rings_inst|\genRings:70:oscRing|step[0]|combout"
    Warning (332126): Node "rings_inst|\genRings:70:oscRing|step[1]|datad"
    Warning (332126): Node "rings_inst|\genRings:70:oscRing|step[1]|combout"
    Warning (332126): Node "rings_inst|\genRings:70:oscRing|step[2]|dataf"
    Warning (332126): Node "rings_inst|\genRings:70:oscRing|step[2]|combout"
    Warning (332126): Node "rings_inst|\genRings:70:oscRing|step[3]|dataf"
    Warning (332126): Node "rings_inst|\genRings:70:oscRing|step[3]|combout"
    Warning (332126): Node "rings_inst|\genRings:70:oscRing|step[4]|dataf"
    Warning (332126): Node "rings_inst|\genRings:70:oscRing|step[4]|combout"
    Warning (332126): Node "rings_inst|\genRings:70:oscRing|step[5]|dataf"
    Warning (332126): Node "rings_inst|\genRings:70:oscRing|step[5]|combout"
    Warning (332126): Node "rings_inst|\genRings:70:oscRing|step[6]|dataf"
    Warning (332126): Node "rings_inst|\genRings:70:oscRing|step[6]|combout"
    Warning (332126): Node "rings_inst|\genRings:70:oscRing|step[7]|dataf"
    Warning (332126): Node "rings_inst|\genRings:70:oscRing|step[7]|combout"
    Warning (332126): Node "rings_inst|\genRings:70:oscRing|step[8]|dataf"
    Warning (332126): Node "rings_inst|\genRings:70:oscRing|step[8]|combout"
    Warning (332126): Node "rings_inst|\genRings:70:oscRing|step[9]|dataf"
    Warning (332126): Node "rings_inst|\genRings:70:oscRing|step[9]|combout"
    Warning (332126): Node "rings_inst|\genRings:70:oscRing|step[10]|datad"
    Warning (332126): Node "rings_inst|\genRings:70:oscRing|step[10]|combout"
    Warning (332126): Node "rings_inst|\genRings:70:oscRing|step[11]|dataf"
    Warning (332126): Node "rings_inst|\genRings:70:oscRing|step[11]|combout"
    Warning (332126): Node "rings_inst|\genRings:70:oscRing|step[12]|dataf"
Warning (332125): Found combinational loop of 26 nodes File: C:/Users/15645380/ringOscilator/code/oscilatorRing.vhd Line: 13
    Warning (332126): Node "rings_inst|\genRings:17:oscRing|step[12]|combout"
    Warning (332126): Node "rings_inst|\genRings:17:oscRing|step[0]|dataf"
    Warning (332126): Node "rings_inst|\genRings:17:oscRing|step[0]|combout"
    Warning (332126): Node "rings_inst|\genRings:17:oscRing|step[1]|datad"
    Warning (332126): Node "rings_inst|\genRings:17:oscRing|step[1]|combout"
    Warning (332126): Node "rings_inst|\genRings:17:oscRing|step[2]|dataf"
    Warning (332126): Node "rings_inst|\genRings:17:oscRing|step[2]|combout"
    Warning (332126): Node "rings_inst|\genRings:17:oscRing|step[3]|datad"
    Warning (332126): Node "rings_inst|\genRings:17:oscRing|step[3]|combout"
    Warning (332126): Node "rings_inst|\genRings:17:oscRing|step[4]|dataf"
    Warning (332126): Node "rings_inst|\genRings:17:oscRing|step[4]|combout"
    Warning (332126): Node "rings_inst|\genRings:17:oscRing|step[5]|dataf"
    Warning (332126): Node "rings_inst|\genRings:17:oscRing|step[5]|combout"
    Warning (332126): Node "rings_inst|\genRings:17:oscRing|step[6]|dataf"
    Warning (332126): Node "rings_inst|\genRings:17:oscRing|step[6]|combout"
    Warning (332126): Node "rings_inst|\genRings:17:oscRing|step[7]|dataf"
    Warning (332126): Node "rings_inst|\genRings:17:oscRing|step[7]|combout"
    Warning (332126): Node "rings_inst|\genRings:17:oscRing|step[8]|dataf"
    Warning (332126): Node "rings_inst|\genRings:17:oscRing|step[8]|combout"
    Warning (332126): Node "rings_inst|\genRings:17:oscRing|step[9]|dataf"
    Warning (332126): Node "rings_inst|\genRings:17:oscRing|step[9]|combout"
    Warning (332126): Node "rings_inst|\genRings:17:oscRing|step[10]|dataf"
    Warning (332126): Node "rings_inst|\genRings:17:oscRing|step[10]|combout"
    Warning (332126): Node "rings_inst|\genRings:17:oscRing|step[11]|dataf"
    Warning (332126): Node "rings_inst|\genRings:17:oscRing|step[11]|combout"
    Warning (332126): Node "rings_inst|\genRings:17:oscRing|step[12]|datae"
Warning (332125): Found combinational loop of 26 nodes File: C:/Users/15645380/ringOscilator/code/oscilatorRing.vhd Line: 13
    Warning (332126): Node "rings_inst|\genRings:22:oscRing|step[12]|combout"
    Warning (332126): Node "rings_inst|\genRings:22:oscRing|step[0]|dataf"
    Warning (332126): Node "rings_inst|\genRings:22:oscRing|step[0]|combout"
    Warning (332126): Node "rings_inst|\genRings:22:oscRing|step[1]|dataf"
    Warning (332126): Node "rings_inst|\genRings:22:oscRing|step[1]|combout"
    Warning (332126): Node "rings_inst|\genRings:22:oscRing|step[2]|dataf"
    Warning (332126): Node "rings_inst|\genRings:22:oscRing|step[2]|combout"
    Warning (332126): Node "rings_inst|\genRings:22:oscRing|step[3]|dataf"
    Warning (332126): Node "rings_inst|\genRings:22:oscRing|step[3]|combout"
    Warning (332126): Node "rings_inst|\genRings:22:oscRing|step[4]|dataf"
    Warning (332126): Node "rings_inst|\genRings:22:oscRing|step[4]|combout"
    Warning (332126): Node "rings_inst|\genRings:22:oscRing|step[5]|dataf"
    Warning (332126): Node "rings_inst|\genRings:22:oscRing|step[5]|combout"
    Warning (332126): Node "rings_inst|\genRings:22:oscRing|step[6]|dataf"
    Warning (332126): Node "rings_inst|\genRings:22:oscRing|step[6]|combout"
    Warning (332126): Node "rings_inst|\genRings:22:oscRing|step[7]|dataf"
    Warning (332126): Node "rings_inst|\genRings:22:oscRing|step[7]|combout"
    Warning (332126): Node "rings_inst|\genRings:22:oscRing|step[8]|dataf"
    Warning (332126): Node "rings_inst|\genRings:22:oscRing|step[8]|combout"
    Warning (332126): Node "rings_inst|\genRings:22:oscRing|step[9]|dataf"
    Warning (332126): Node "rings_inst|\genRings:22:oscRing|step[9]|combout"
    Warning (332126): Node "rings_inst|\genRings:22:oscRing|step[10]|dataf"
    Warning (332126): Node "rings_inst|\genRings:22:oscRing|step[10]|combout"
    Warning (332126): Node "rings_inst|\genRings:22:oscRing|step[11]|datad"
    Warning (332126): Node "rings_inst|\genRings:22:oscRing|step[11]|combout"
    Warning (332126): Node "rings_inst|\genRings:22:oscRing|step[12]|dataf"
Warning (332125): Found combinational loop of 26 nodes File: C:/Users/15645380/ringOscilator/code/oscilatorRing.vhd Line: 13
    Warning (332126): Node "rings_inst|\genRings:21:oscRing|step[12]|combout"
    Warning (332126): Node "rings_inst|\genRings:21:oscRing|step[0]|dataf"
    Warning (332126): Node "rings_inst|\genRings:21:oscRing|step[0]|combout"
    Warning (332126): Node "rings_inst|\genRings:21:oscRing|step[1]|dataf"
    Warning (332126): Node "rings_inst|\genRings:21:oscRing|step[1]|combout"
    Warning (332126): Node "rings_inst|\genRings:21:oscRing|step[2]|dataf"
    Warning (332126): Node "rings_inst|\genRings:21:oscRing|step[2]|combout"
    Warning (332126): Node "rings_inst|\genRings:21:oscRing|step[3]|dataf"
    Warning (332126): Node "rings_inst|\genRings:21:oscRing|step[3]|combout"
    Warning (332126): Node "rings_inst|\genRings:21:oscRing|step[4]|datad"
    Warning (332126): Node "rings_inst|\genRings:21:oscRing|step[4]|combout"
    Warning (332126): Node "rings_inst|\genRings:21:oscRing|step[5]|datad"
    Warning (332126): Node "rings_inst|\genRings:21:oscRing|step[5]|combout"
    Warning (332126): Node "rings_inst|\genRings:21:oscRing|step[6]|dataf"
    Warning (332126): Node "rings_inst|\genRings:21:oscRing|step[6]|combout"
    Warning (332126): Node "rings_inst|\genRings:21:oscRing|step[7]|dataf"
    Warning (332126): Node "rings_inst|\genRings:21:oscRing|step[7]|combout"
    Warning (332126): Node "rings_inst|\genRings:21:oscRing|step[8]|dataf"
    Warning (332126): Node "rings_inst|\genRings:21:oscRing|step[8]|combout"
    Warning (332126): Node "rings_inst|\genRings:21:oscRing|step[9]|dataf"
    Warning (332126): Node "rings_inst|\genRings:21:oscRing|step[9]|combout"
    Warning (332126): Node "rings_inst|\genRings:21:oscRing|step[10]|dataf"
    Warning (332126): Node "rings_inst|\genRings:21:oscRing|step[10]|combout"
    Warning (332126): Node "rings_inst|\genRings:21:oscRing|step[11]|datad"
    Warning (332126): Node "rings_inst|\genRings:21:oscRing|step[11]|combout"
    Warning (332126): Node "rings_inst|\genRings:21:oscRing|step[12]|dataf"
Warning (332125): Found combinational loop of 26 nodes File: C:/Users/15645380/ringOscilator/code/oscilatorRing.vhd Line: 13
    Warning (332126): Node "rings_inst|\genRings:20:oscRing|step[12]|combout"
    Warning (332126): Node "rings_inst|\genRings:20:oscRing|step[0]|datae"
    Warning (332126): Node "rings_inst|\genRings:20:oscRing|step[0]|combout"
    Warning (332126): Node "rings_inst|\genRings:20:oscRing|step[1]|dataf"
    Warning (332126): Node "rings_inst|\genRings:20:oscRing|step[1]|combout"
    Warning (332126): Node "rings_inst|\genRings:20:oscRing|step[2]|dataf"
    Warning (332126): Node "rings_inst|\genRings:20:oscRing|step[2]|combout"
    Warning (332126): Node "rings_inst|\genRings:20:oscRing|step[3]|dataf"
    Warning (332126): Node "rings_inst|\genRings:20:oscRing|step[3]|combout"
    Warning (332126): Node "rings_inst|\genRings:20:oscRing|step[4]|dataf"
    Warning (332126): Node "rings_inst|\genRings:20:oscRing|step[4]|combout"
    Warning (332126): Node "rings_inst|\genRings:20:oscRing|step[5]|dataf"
    Warning (332126): Node "rings_inst|\genRings:20:oscRing|step[5]|combout"
    Warning (332126): Node "rings_inst|\genRings:20:oscRing|step[6]|dataf"
    Warning (332126): Node "rings_inst|\genRings:20:oscRing|step[6]|combout"
    Warning (332126): Node "rings_inst|\genRings:20:oscRing|step[7]|dataf"
    Warning (332126): Node "rings_inst|\genRings:20:oscRing|step[7]|combout"
    Warning (332126): Node "rings_inst|\genRings:20:oscRing|step[8]|dataf"
    Warning (332126): Node "rings_inst|\genRings:20:oscRing|step[8]|combout"
    Warning (332126): Node "rings_inst|\genRings:20:oscRing|step[9]|dataf"
    Warning (332126): Node "rings_inst|\genRings:20:oscRing|step[9]|combout"
    Warning (332126): Node "rings_inst|\genRings:20:oscRing|step[10]|dataf"
    Warning (332126): Node "rings_inst|\genRings:20:oscRing|step[10]|combout"
    Warning (332126): Node "rings_inst|\genRings:20:oscRing|step[11]|dataf"
    Warning (332126): Node "rings_inst|\genRings:20:oscRing|step[11]|combout"
    Warning (332126): Node "rings_inst|\genRings:20:oscRing|step[12]|dataf"
Warning (332125): Found combinational loop of 26 nodes File: C:/Users/15645380/ringOscilator/code/oscilatorRing.vhd Line: 13
    Warning (332126): Node "rings_inst|\genRings:18:oscRing|step[12]|combout"
    Warning (332126): Node "rings_inst|\genRings:18:oscRing|step[0]|dataf"
    Warning (332126): Node "rings_inst|\genRings:18:oscRing|step[0]|combout"
    Warning (332126): Node "rings_inst|\genRings:18:oscRing|step[1]|dataf"
    Warning (332126): Node "rings_inst|\genRings:18:oscRing|step[1]|combout"
    Warning (332126): Node "rings_inst|\genRings:18:oscRing|step[2]|dataf"
    Warning (332126): Node "rings_inst|\genRings:18:oscRing|step[2]|combout"
    Warning (332126): Node "rings_inst|\genRings:18:oscRing|step[3]|dataf"
    Warning (332126): Node "rings_inst|\genRings:18:oscRing|step[3]|combout"
    Warning (332126): Node "rings_inst|\genRings:18:oscRing|step[4]|dataf"
    Warning (332126): Node "rings_inst|\genRings:18:oscRing|step[4]|combout"
    Warning (332126): Node "rings_inst|\genRings:18:oscRing|step[5]|dataf"
    Warning (332126): Node "rings_inst|\genRings:18:oscRing|step[5]|combout"
    Warning (332126): Node "rings_inst|\genRings:18:oscRing|step[6]|dataf"
    Warning (332126): Node "rings_inst|\genRings:18:oscRing|step[6]|combout"
    Warning (332126): Node "rings_inst|\genRings:18:oscRing|step[7]|dataf"
    Warning (332126): Node "rings_inst|\genRings:18:oscRing|step[7]|combout"
    Warning (332126): Node "rings_inst|\genRings:18:oscRing|step[8]|dataf"
    Warning (332126): Node "rings_inst|\genRings:18:oscRing|step[8]|combout"
    Warning (332126): Node "rings_inst|\genRings:18:oscRing|step[9]|dataf"
    Warning (332126): Node "rings_inst|\genRings:18:oscRing|step[9]|combout"
    Warning (332126): Node "rings_inst|\genRings:18:oscRing|step[10]|dataf"
    Warning (332126): Node "rings_inst|\genRings:18:oscRing|step[10]|combout"
    Warning (332126): Node "rings_inst|\genRings:18:oscRing|step[11]|dataf"
    Warning (332126): Node "rings_inst|\genRings:18:oscRing|step[11]|combout"
    Warning (332126): Node "rings_inst|\genRings:18:oscRing|step[12]|dataf"
Warning (332125): Found combinational loop of 26 nodes File: C:/Users/15645380/ringOscilator/code/oscilatorRing.vhd Line: 13
    Warning (332126): Node "rings_inst|\genRings:19:oscRing|step[12]|combout"
    Warning (332126): Node "rings_inst|\genRings:19:oscRing|step[0]|datad"
    Warning (332126): Node "rings_inst|\genRings:19:oscRing|step[0]|combout"
    Warning (332126): Node "rings_inst|\genRings:19:oscRing|step[1]|dataf"
    Warning (332126): Node "rings_inst|\genRings:19:oscRing|step[1]|combout"
    Warning (332126): Node "rings_inst|\genRings:19:oscRing|step[2]|dataf"
    Warning (332126): Node "rings_inst|\genRings:19:oscRing|step[2]|combout"
    Warning (332126): Node "rings_inst|\genRings:19:oscRing|step[3]|dataf"
    Warning (332126): Node "rings_inst|\genRings:19:oscRing|step[3]|combout"
    Warning (332126): Node "rings_inst|\genRings:19:oscRing|step[4]|dataf"
    Warning (332126): Node "rings_inst|\genRings:19:oscRing|step[4]|combout"
    Warning (332126): Node "rings_inst|\genRings:19:oscRing|step[5]|datad"
    Warning (332126): Node "rings_inst|\genRings:19:oscRing|step[5]|combout"
    Warning (332126): Node "rings_inst|\genRings:19:oscRing|step[6]|datad"
    Warning (332126): Node "rings_inst|\genRings:19:oscRing|step[6]|combout"
    Warning (332126): Node "rings_inst|\genRings:19:oscRing|step[7]|dataf"
    Warning (332126): Node "rings_inst|\genRings:19:oscRing|step[7]|combout"
    Warning (332126): Node "rings_inst|\genRings:19:oscRing|step[8]|dataf"
    Warning (332126): Node "rings_inst|\genRings:19:oscRing|step[8]|combout"
    Warning (332126): Node "rings_inst|\genRings:19:oscRing|step[9]|dataf"
    Warning (332126): Node "rings_inst|\genRings:19:oscRing|step[9]|combout"
    Warning (332126): Node "rings_inst|\genRings:19:oscRing|step[10]|dataf"
    Warning (332126): Node "rings_inst|\genRings:19:oscRing|step[10]|combout"
    Warning (332126): Node "rings_inst|\genRings:19:oscRing|step[11]|dataf"
    Warning (332126): Node "rings_inst|\genRings:19:oscRing|step[11]|combout"
    Warning (332126): Node "rings_inst|\genRings:19:oscRing|step[12]|dataf"
Warning (332125): Found combinational loop of 26 nodes File: C:/Users/15645380/ringOscilator/code/oscilatorRing.vhd Line: 13
    Warning (332126): Node "rings_inst|\genRings:28:oscRing|step[12]|combout"
    Warning (332126): Node "rings_inst|\genRings:28:oscRing|step[0]|dataf"
    Warning (332126): Node "rings_inst|\genRings:28:oscRing|step[0]|combout"
    Warning (332126): Node "rings_inst|\genRings:28:oscRing|step[1]|dataf"
    Warning (332126): Node "rings_inst|\genRings:28:oscRing|step[1]|combout"
    Warning (332126): Node "rings_inst|\genRings:28:oscRing|step[2]|dataf"
    Warning (332126): Node "rings_inst|\genRings:28:oscRing|step[2]|combout"
    Warning (332126): Node "rings_inst|\genRings:28:oscRing|step[3]|dataf"
    Warning (332126): Node "rings_inst|\genRings:28:oscRing|step[3]|combout"
    Warning (332126): Node "rings_inst|\genRings:28:oscRing|step[4]|datad"
    Warning (332126): Node "rings_inst|\genRings:28:oscRing|step[4]|combout"
    Warning (332126): Node "rings_inst|\genRings:28:oscRing|step[5]|datad"
    Warning (332126): Node "rings_inst|\genRings:28:oscRing|step[5]|combout"
    Warning (332126): Node "rings_inst|\genRings:28:oscRing|step[6]|dataf"
    Warning (332126): Node "rings_inst|\genRings:28:oscRing|step[6]|combout"
    Warning (332126): Node "rings_inst|\genRings:28:oscRing|step[7]|datad"
    Warning (332126): Node "rings_inst|\genRings:28:oscRing|step[7]|combout"
    Warning (332126): Node "rings_inst|\genRings:28:oscRing|step[8]|dataf"
    Warning (332126): Node "rings_inst|\genRings:28:oscRing|step[8]|combout"
    Warning (332126): Node "rings_inst|\genRings:28:oscRing|step[9]|dataf"
    Warning (332126): Node "rings_inst|\genRings:28:oscRing|step[9]|combout"
    Warning (332126): Node "rings_inst|\genRings:28:oscRing|step[10]|dataf"
    Warning (332126): Node "rings_inst|\genRings:28:oscRing|step[10]|combout"
    Warning (332126): Node "rings_inst|\genRings:28:oscRing|step[11]|dataf"
    Warning (332126): Node "rings_inst|\genRings:28:oscRing|step[11]|combout"
    Warning (332126): Node "rings_inst|\genRings:28:oscRing|step[12]|dataf"
Warning (332125): Found combinational loop of 26 nodes File: C:/Users/15645380/ringOscilator/code/oscilatorRing.vhd Line: 13
    Warning (332126): Node "rings_inst|\genRings:29:oscRing|step[12]|combout"
    Warning (332126): Node "rings_inst|\genRings:29:oscRing|step[0]|dataf"
    Warning (332126): Node "rings_inst|\genRings:29:oscRing|step[0]|combout"
    Warning (332126): Node "rings_inst|\genRings:29:oscRing|step[1]|dataf"
    Warning (332126): Node "rings_inst|\genRings:29:oscRing|step[1]|combout"
    Warning (332126): Node "rings_inst|\genRings:29:oscRing|step[2]|dataf"
    Warning (332126): Node "rings_inst|\genRings:29:oscRing|step[2]|combout"
    Warning (332126): Node "rings_inst|\genRings:29:oscRing|step[3]|dataf"
    Warning (332126): Node "rings_inst|\genRings:29:oscRing|step[3]|combout"
    Warning (332126): Node "rings_inst|\genRings:29:oscRing|step[4]|dataf"
    Warning (332126): Node "rings_inst|\genRings:29:oscRing|step[4]|combout"
    Warning (332126): Node "rings_inst|\genRings:29:oscRing|step[5]|dataf"
    Warning (332126): Node "rings_inst|\genRings:29:oscRing|step[5]|combout"
    Warning (332126): Node "rings_inst|\genRings:29:oscRing|step[6]|dataf"
    Warning (332126): Node "rings_inst|\genRings:29:oscRing|step[6]|combout"
    Warning (332126): Node "rings_inst|\genRings:29:oscRing|step[7]|datad"
    Warning (332126): Node "rings_inst|\genRings:29:oscRing|step[7]|combout"
    Warning (332126): Node "rings_inst|\genRings:29:oscRing|step[8]|dataf"
    Warning (332126): Node "rings_inst|\genRings:29:oscRing|step[8]|combout"
    Warning (332126): Node "rings_inst|\genRings:29:oscRing|step[9]|dataf"
    Warning (332126): Node "rings_inst|\genRings:29:oscRing|step[9]|combout"
    Warning (332126): Node "rings_inst|\genRings:29:oscRing|step[10]|dataf"
    Warning (332126): Node "rings_inst|\genRings:29:oscRing|step[10]|combout"
    Warning (332126): Node "rings_inst|\genRings:29:oscRing|step[11]|datad"
    Warning (332126): Node "rings_inst|\genRings:29:oscRing|step[11]|combout"
    Warning (332126): Node "rings_inst|\genRings:29:oscRing|step[12]|dataf"
Warning (332125): Found combinational loop of 26 nodes File: C:/Users/15645380/ringOscilator/code/oscilatorRing.vhd Line: 13
    Warning (332126): Node "rings_inst|\genRings:23:oscRing|step[12]|combout"
    Warning (332126): Node "rings_inst|\genRings:23:oscRing|step[0]|dataf"
    Warning (332126): Node "rings_inst|\genRings:23:oscRing|step[0]|combout"
    Warning (332126): Node "rings_inst|\genRings:23:oscRing|step[1]|datad"
    Warning (332126): Node "rings_inst|\genRings:23:oscRing|step[1]|combout"
    Warning (332126): Node "rings_inst|\genRings:23:oscRing|step[2]|dataf"
    Warning (332126): Node "rings_inst|\genRings:23:oscRing|step[2]|combout"
    Warning (332126): Node "rings_inst|\genRings:23:oscRing|step[3]|dataf"
    Warning (332126): Node "rings_inst|\genRings:23:oscRing|step[3]|combout"
    Warning (332126): Node "rings_inst|\genRings:23:oscRing|step[4]|dataf"
    Warning (332126): Node "rings_inst|\genRings:23:oscRing|step[4]|combout"
    Warning (332126): Node "rings_inst|\genRings:23:oscRing|step[5]|dataf"
    Warning (332126): Node "rings_inst|\genRings:23:oscRing|step[5]|combout"
    Warning (332126): Node "rings_inst|\genRings:23:oscRing|step[6]|dataf"
    Warning (332126): Node "rings_inst|\genRings:23:oscRing|step[6]|combout"
    Warning (332126): Node "rings_inst|\genRings:23:oscRing|step[7]|dataf"
    Warning (332126): Node "rings_inst|\genRings:23:oscRing|step[7]|combout"
    Warning (332126): Node "rings_inst|\genRings:23:oscRing|step[8]|dataf"
    Warning (332126): Node "rings_inst|\genRings:23:oscRing|step[8]|combout"
    Warning (332126): Node "rings_inst|\genRings:23:oscRing|step[9]|dataf"
    Warning (332126): Node "rings_inst|\genRings:23:oscRing|step[9]|combout"
    Warning (332126): Node "rings_inst|\genRings:23:oscRing|step[10]|datad"
    Warning (332126): Node "rings_inst|\genRings:23:oscRing|step[10]|combout"
    Warning (332126): Node "rings_inst|\genRings:23:oscRing|step[11]|dataf"
    Warning (332126): Node "rings_inst|\genRings:23:oscRing|step[11]|combout"
    Warning (332126): Node "rings_inst|\genRings:23:oscRing|step[12]|dataf"
Warning (332125): Found combinational loop of 26 nodes File: C:/Users/15645380/ringOscilator/code/oscilatorRing.vhd Line: 13
    Warning (332126): Node "rings_inst|\genRings:26:oscRing|step[12]|combout"
    Warning (332126): Node "rings_inst|\genRings:26:oscRing|step[0]|dataf"
    Warning (332126): Node "rings_inst|\genRings:26:oscRing|step[0]|combout"
    Warning (332126): Node "rings_inst|\genRings:26:oscRing|step[1]|dataf"
    Warning (332126): Node "rings_inst|\genRings:26:oscRing|step[1]|combout"
    Warning (332126): Node "rings_inst|\genRings:26:oscRing|step[2]|dataf"
    Warning (332126): Node "rings_inst|\genRings:26:oscRing|step[2]|combout"
    Warning (332126): Node "rings_inst|\genRings:26:oscRing|step[3]|dataf"
    Warning (332126): Node "rings_inst|\genRings:26:oscRing|step[3]|combout"
    Warning (332126): Node "rings_inst|\genRings:26:oscRing|step[4]|datad"
    Warning (332126): Node "rings_inst|\genRings:26:oscRing|step[4]|combout"
    Warning (332126): Node "rings_inst|\genRings:26:oscRing|step[5]|dataf"
    Warning (332126): Node "rings_inst|\genRings:26:oscRing|step[5]|combout"
    Warning (332126): Node "rings_inst|\genRings:26:oscRing|step[6]|dataf"
    Warning (332126): Node "rings_inst|\genRings:26:oscRing|step[6]|combout"
    Warning (332126): Node "rings_inst|\genRings:26:oscRing|step[7]|dataf"
    Warning (332126): Node "rings_inst|\genRings:26:oscRing|step[7]|combout"
    Warning (332126): Node "rings_inst|\genRings:26:oscRing|step[8]|dataf"
    Warning (332126): Node "rings_inst|\genRings:26:oscRing|step[8]|combout"
    Warning (332126): Node "rings_inst|\genRings:26:oscRing|step[9]|dataf"
    Warning (332126): Node "rings_inst|\genRings:26:oscRing|step[9]|combout"
    Warning (332126): Node "rings_inst|\genRings:26:oscRing|step[10]|dataf"
    Warning (332126): Node "rings_inst|\genRings:26:oscRing|step[10]|combout"
    Warning (332126): Node "rings_inst|\genRings:26:oscRing|step[11]|dataf"
    Warning (332126): Node "rings_inst|\genRings:26:oscRing|step[11]|combout"
    Warning (332126): Node "rings_inst|\genRings:26:oscRing|step[12]|datad"
Warning (332125): Found combinational loop of 26 nodes File: C:/Users/15645380/ringOscilator/code/oscilatorRing.vhd Line: 13
    Warning (332126): Node "rings_inst|\genRings:31:oscRing|step[12]|combout"
    Warning (332126): Node "rings_inst|\genRings:31:oscRing|step[0]|dataf"
    Warning (332126): Node "rings_inst|\genRings:31:oscRing|step[0]|combout"
    Warning (332126): Node "rings_inst|\genRings:31:oscRing|step[1]|dataf"
    Warning (332126): Node "rings_inst|\genRings:31:oscRing|step[1]|combout"
    Warning (332126): Node "rings_inst|\genRings:31:oscRing|step[2]|dataf"
    Warning (332126): Node "rings_inst|\genRings:31:oscRing|step[2]|combout"
    Warning (332126): Node "rings_inst|\genRings:31:oscRing|step[3]|dataf"
    Warning (332126): Node "rings_inst|\genRings:31:oscRing|step[3]|combout"
    Warning (332126): Node "rings_inst|\genRings:31:oscRing|step[4]|dataf"
    Warning (332126): Node "rings_inst|\genRings:31:oscRing|step[4]|combout"
    Warning (332126): Node "rings_inst|\genRings:31:oscRing|step[5]|dataf"
    Warning (332126): Node "rings_inst|\genRings:31:oscRing|step[5]|combout"
    Warning (332126): Node "rings_inst|\genRings:31:oscRing|step[6]|dataf"
    Warning (332126): Node "rings_inst|\genRings:31:oscRing|step[6]|combout"
    Warning (332126): Node "rings_inst|\genRings:31:oscRing|step[7]|dataf"
    Warning (332126): Node "rings_inst|\genRings:31:oscRing|step[7]|combout"
    Warning (332126): Node "rings_inst|\genRings:31:oscRing|step[8]|dataf"
    Warning (332126): Node "rings_inst|\genRings:31:oscRing|step[8]|combout"
    Warning (332126): Node "rings_inst|\genRings:31:oscRing|step[9]|dataf"
    Warning (332126): Node "rings_inst|\genRings:31:oscRing|step[9]|combout"
    Warning (332126): Node "rings_inst|\genRings:31:oscRing|step[10]|dataf"
    Warning (332126): Node "rings_inst|\genRings:31:oscRing|step[10]|combout"
    Warning (332126): Node "rings_inst|\genRings:31:oscRing|step[11]|dataf"
    Warning (332126): Node "rings_inst|\genRings:31:oscRing|step[11]|combout"
    Warning (332126): Node "rings_inst|\genRings:31:oscRing|step[12]|dataf"
Warning (332125): Found combinational loop of 26 nodes File: C:/Users/15645380/ringOscilator/code/oscilatorRing.vhd Line: 13
    Warning (332126): Node "rings_inst|\genRings:24:oscRing|step[12]|combout"
    Warning (332126): Node "rings_inst|\genRings:24:oscRing|step[0]|dataf"
    Warning (332126): Node "rings_inst|\genRings:24:oscRing|step[0]|combout"
    Warning (332126): Node "rings_inst|\genRings:24:oscRing|step[1]|dataf"
    Warning (332126): Node "rings_inst|\genRings:24:oscRing|step[1]|combout"
    Warning (332126): Node "rings_inst|\genRings:24:oscRing|step[2]|dataf"
    Warning (332126): Node "rings_inst|\genRings:24:oscRing|step[2]|combout"
    Warning (332126): Node "rings_inst|\genRings:24:oscRing|step[3]|dataf"
    Warning (332126): Node "rings_inst|\genRings:24:oscRing|step[3]|combout"
    Warning (332126): Node "rings_inst|\genRings:24:oscRing|step[4]|dataf"
    Warning (332126): Node "rings_inst|\genRings:24:oscRing|step[4]|combout"
    Warning (332126): Node "rings_inst|\genRings:24:oscRing|step[5]|dataf"
    Warning (332126): Node "rings_inst|\genRings:24:oscRing|step[5]|combout"
    Warning (332126): Node "rings_inst|\genRings:24:oscRing|step[6]|dataf"
    Warning (332126): Node "rings_inst|\genRings:24:oscRing|step[6]|combout"
    Warning (332126): Node "rings_inst|\genRings:24:oscRing|step[7]|dataf"
    Warning (332126): Node "rings_inst|\genRings:24:oscRing|step[7]|combout"
    Warning (332126): Node "rings_inst|\genRings:24:oscRing|step[8]|dataf"
    Warning (332126): Node "rings_inst|\genRings:24:oscRing|step[8]|combout"
    Warning (332126): Node "rings_inst|\genRings:24:oscRing|step[9]|dataf"
    Warning (332126): Node "rings_inst|\genRings:24:oscRing|step[9]|combout"
    Warning (332126): Node "rings_inst|\genRings:24:oscRing|step[10]|dataf"
    Warning (332126): Node "rings_inst|\genRings:24:oscRing|step[10]|combout"
    Warning (332126): Node "rings_inst|\genRings:24:oscRing|step[11]|dataf"
    Warning (332126): Node "rings_inst|\genRings:24:oscRing|step[11]|combout"
    Warning (332126): Node "rings_inst|\genRings:24:oscRing|step[12]|datae"
Warning (332125): Found combinational loop of 26 nodes File: C:/Users/15645380/ringOscilator/code/oscilatorRing.vhd Line: 13
    Warning (332126): Node "rings_inst|\genRings:42:oscRing|step[12]|combout"
    Warning (332126): Node "rings_inst|\genRings:42:oscRing|step[0]|datad"
    Warning (332126): Node "rings_inst|\genRings:42:oscRing|step[0]|combout"
    Warning (332126): Node "rings_inst|\genRings:42:oscRing|step[1]|dataf"
    Warning (332126): Node "rings_inst|\genRings:42:oscRing|step[1]|combout"
    Warning (332126): Node "rings_inst|\genRings:42:oscRing|step[2]|datad"
    Warning (332126): Node "rings_inst|\genRings:42:oscRing|step[2]|combout"
    Warning (332126): Node "rings_inst|\genRings:42:oscRing|step[3]|datad"
    Warning (332126): Node "rings_inst|\genRings:42:oscRing|step[3]|combout"
    Warning (332126): Node "rings_inst|\genRings:42:oscRing|step[4]|dataf"
    Warning (332126): Node "rings_inst|\genRings:42:oscRing|step[4]|combout"
    Warning (332126): Node "rings_inst|\genRings:42:oscRing|step[5]|dataf"
    Warning (332126): Node "rings_inst|\genRings:42:oscRing|step[5]|combout"
    Warning (332126): Node "rings_inst|\genRings:42:oscRing|step[6]|dataf"
    Warning (332126): Node "rings_inst|\genRings:42:oscRing|step[6]|combout"
    Warning (332126): Node "rings_inst|\genRings:42:oscRing|step[7]|dataf"
    Warning (332126): Node "rings_inst|\genRings:42:oscRing|step[7]|combout"
    Warning (332126): Node "rings_inst|\genRings:42:oscRing|step[8]|datad"
    Warning (332126): Node "rings_inst|\genRings:42:oscRing|step[8]|combout"
    Warning (332126): Node "rings_inst|\genRings:42:oscRing|step[9]|dataf"
    Warning (332126): Node "rings_inst|\genRings:42:oscRing|step[9]|combout"
    Warning (332126): Node "rings_inst|\genRings:42:oscRing|step[10]|dataf"
    Warning (332126): Node "rings_inst|\genRings:42:oscRing|step[10]|combout"
    Warning (332126): Node "rings_inst|\genRings:42:oscRing|step[11]|dataf"
    Warning (332126): Node "rings_inst|\genRings:42:oscRing|step[11]|combout"
    Warning (332126): Node "rings_inst|\genRings:42:oscRing|step[12]|dataf"
Warning (332125): Found combinational loop of 26 nodes File: C:/Users/15645380/ringOscilator/code/oscilatorRing.vhd Line: 13
    Warning (332126): Node "rings_inst|\genRings:43:oscRing|step[12]|combout"
    Warning (332126): Node "rings_inst|\genRings:43:oscRing|step[0]|datad"
    Warning (332126): Node "rings_inst|\genRings:43:oscRing|step[0]|combout"
    Warning (332126): Node "rings_inst|\genRings:43:oscRing|step[1]|dataf"
    Warning (332126): Node "rings_inst|\genRings:43:oscRing|step[1]|combout"
    Warning (332126): Node "rings_inst|\genRings:43:oscRing|step[2]|dataf"
    Warning (332126): Node "rings_inst|\genRings:43:oscRing|step[2]|combout"
    Warning (332126): Node "rings_inst|\genRings:43:oscRing|step[3]|dataf"
    Warning (332126): Node "rings_inst|\genRings:43:oscRing|step[3]|combout"
    Warning (332126): Node "rings_inst|\genRings:43:oscRing|step[4]|dataf"
    Warning (332126): Node "rings_inst|\genRings:43:oscRing|step[4]|combout"
    Warning (332126): Node "rings_inst|\genRings:43:oscRing|step[5]|dataf"
    Warning (332126): Node "rings_inst|\genRings:43:oscRing|step[5]|combout"
    Warning (332126): Node "rings_inst|\genRings:43:oscRing|step[6]|dataf"
    Warning (332126): Node "rings_inst|\genRings:43:oscRing|step[6]|combout"
    Warning (332126): Node "rings_inst|\genRings:43:oscRing|step[7]|dataf"
    Warning (332126): Node "rings_inst|\genRings:43:oscRing|step[7]|combout"
    Warning (332126): Node "rings_inst|\genRings:43:oscRing|step[8]|dataf"
    Warning (332126): Node "rings_inst|\genRings:43:oscRing|step[8]|combout"
    Warning (332126): Node "rings_inst|\genRings:43:oscRing|step[9]|dataf"
    Warning (332126): Node "rings_inst|\genRings:43:oscRing|step[9]|combout"
    Warning (332126): Node "rings_inst|\genRings:43:oscRing|step[10]|dataf"
    Warning (332126): Node "rings_inst|\genRings:43:oscRing|step[10]|combout"
    Warning (332126): Node "rings_inst|\genRings:43:oscRing|step[11]|dataf"
    Warning (332126): Node "rings_inst|\genRings:43:oscRing|step[11]|combout"
    Warning (332126): Node "rings_inst|\genRings:43:oscRing|step[12]|dataf"
Warning (332125): Found combinational loop of 26 nodes File: C:/Users/15645380/ringOscilator/code/oscilatorRing.vhd Line: 13
    Warning (332126): Node "rings_inst|\genRings:41:oscRing|step[12]|combout"
    Warning (332126): Node "rings_inst|\genRings:41:oscRing|step[0]|dataf"
    Warning (332126): Node "rings_inst|\genRings:41:oscRing|step[0]|combout"
    Warning (332126): Node "rings_inst|\genRings:41:oscRing|step[1]|datad"
    Warning (332126): Node "rings_inst|\genRings:41:oscRing|step[1]|combout"
    Warning (332126): Node "rings_inst|\genRings:41:oscRing|step[2]|dataf"
    Warning (332126): Node "rings_inst|\genRings:41:oscRing|step[2]|combout"
    Warning (332126): Node "rings_inst|\genRings:41:oscRing|step[3]|datad"
    Warning (332126): Node "rings_inst|\genRings:41:oscRing|step[3]|combout"
    Warning (332126): Node "rings_inst|\genRings:41:oscRing|step[4]|datad"
    Warning (332126): Node "rings_inst|\genRings:41:oscRing|step[4]|combout"
    Warning (332126): Node "rings_inst|\genRings:41:oscRing|step[5]|dataf"
    Warning (332126): Node "rings_inst|\genRings:41:oscRing|step[5]|combout"
    Warning (332126): Node "rings_inst|\genRings:41:oscRing|step[6]|dataf"
    Warning (332126): Node "rings_inst|\genRings:41:oscRing|step[6]|combout"
    Warning (332126): Node "rings_inst|\genRings:41:oscRing|step[7]|dataf"
    Warning (332126): Node "rings_inst|\genRings:41:oscRing|step[7]|combout"
    Warning (332126): Node "rings_inst|\genRings:41:oscRing|step[8]|dataf"
    Warning (332126): Node "rings_inst|\genRings:41:oscRing|step[8]|combout"
    Warning (332126): Node "rings_inst|\genRings:41:oscRing|step[9]|dataf"
    Warning (332126): Node "rings_inst|\genRings:41:oscRing|step[9]|combout"
    Warning (332126): Node "rings_inst|\genRings:41:oscRing|step[10]|dataf"
    Warning (332126): Node "rings_inst|\genRings:41:oscRing|step[10]|combout"
    Warning (332126): Node "rings_inst|\genRings:41:oscRing|step[11]|dataf"
    Warning (332126): Node "rings_inst|\genRings:41:oscRing|step[11]|combout"
    Warning (332126): Node "rings_inst|\genRings:41:oscRing|step[12]|dataf"
Warning (332125): Found combinational loop of 26 nodes File: C:/Users/15645380/ringOscilator/code/oscilatorRing.vhd Line: 13
    Warning (332126): Node "rings_inst|\genRings:38:oscRing|step[12]|combout"
    Warning (332126): Node "rings_inst|\genRings:38:oscRing|step[0]|dataf"
    Warning (332126): Node "rings_inst|\genRings:38:oscRing|step[0]|combout"
    Warning (332126): Node "rings_inst|\genRings:38:oscRing|step[1]|dataf"
    Warning (332126): Node "rings_inst|\genRings:38:oscRing|step[1]|combout"
    Warning (332126): Node "rings_inst|\genRings:38:oscRing|step[2]|dataf"
    Warning (332126): Node "rings_inst|\genRings:38:oscRing|step[2]|combout"
    Warning (332126): Node "rings_inst|\genRings:38:oscRing|step[3]|dataf"
    Warning (332126): Node "rings_inst|\genRings:38:oscRing|step[3]|combout"
    Warning (332126): Node "rings_inst|\genRings:38:oscRing|step[4]|dataf"
    Warning (332126): Node "rings_inst|\genRings:38:oscRing|step[4]|combout"
    Warning (332126): Node "rings_inst|\genRings:38:oscRing|step[5]|dataf"
    Warning (332126): Node "rings_inst|\genRings:38:oscRing|step[5]|combout"
    Warning (332126): Node "rings_inst|\genRings:38:oscRing|step[6]|dataf"
    Warning (332126): Node "rings_inst|\genRings:38:oscRing|step[6]|combout"
    Warning (332126): Node "rings_inst|\genRings:38:oscRing|step[7]|dataf"
    Warning (332126): Node "rings_inst|\genRings:38:oscRing|step[7]|combout"
    Warning (332126): Node "rings_inst|\genRings:38:oscRing|step[8]|datad"
    Warning (332126): Node "rings_inst|\genRings:38:oscRing|step[8]|combout"
    Warning (332126): Node "rings_inst|\genRings:38:oscRing|step[9]|dataf"
    Warning (332126): Node "rings_inst|\genRings:38:oscRing|step[9]|combout"
    Warning (332126): Node "rings_inst|\genRings:38:oscRing|step[10]|dataf"
    Warning (332126): Node "rings_inst|\genRings:38:oscRing|step[10]|combout"
    Warning (332126): Node "rings_inst|\genRings:38:oscRing|step[11]|dataf"
    Warning (332126): Node "rings_inst|\genRings:38:oscRing|step[11]|combout"
    Warning (332126): Node "rings_inst|\genRings:38:oscRing|step[12]|dataf"
Warning (332125): Found combinational loop of 26 nodes File: C:/Users/15645380/ringOscilator/code/oscilatorRing.vhd Line: 13
    Warning (332126): Node "rings_inst|\genRings:39:oscRing|step[12]|combout"
    Warning (332126): Node "rings_inst|\genRings:39:oscRing|step[0]|dataf"
    Warning (332126): Node "rings_inst|\genRings:39:oscRing|step[0]|combout"
    Warning (332126): Node "rings_inst|\genRings:39:oscRing|step[1]|dataf"
    Warning (332126): Node "rings_inst|\genRings:39:oscRing|step[1]|combout"
    Warning (332126): Node "rings_inst|\genRings:39:oscRing|step[2]|dataf"
    Warning (332126): Node "rings_inst|\genRings:39:oscRing|step[2]|combout"
    Warning (332126): Node "rings_inst|\genRings:39:oscRing|step[3]|dataf"
    Warning (332126): Node "rings_inst|\genRings:39:oscRing|step[3]|combout"
    Warning (332126): Node "rings_inst|\genRings:39:oscRing|step[4]|dataf"
    Warning (332126): Node "rings_inst|\genRings:39:oscRing|step[4]|combout"
    Warning (332126): Node "rings_inst|\genRings:39:oscRing|step[5]|dataf"
    Warning (332126): Node "rings_inst|\genRings:39:oscRing|step[5]|combout"
    Warning (332126): Node "rings_inst|\genRings:39:oscRing|step[6]|datad"
    Warning (332126): Node "rings_inst|\genRings:39:oscRing|step[6]|combout"
    Warning (332126): Node "rings_inst|\genRings:39:oscRing|step[7]|dataf"
    Warning (332126): Node "rings_inst|\genRings:39:oscRing|step[7]|combout"
    Warning (332126): Node "rings_inst|\genRings:39:oscRing|step[8]|dataf"
    Warning (332126): Node "rings_inst|\genRings:39:oscRing|step[8]|combout"
    Warning (332126): Node "rings_inst|\genRings:39:oscRing|step[9]|dataf"
    Warning (332126): Node "rings_inst|\genRings:39:oscRing|step[9]|combout"
    Warning (332126): Node "rings_inst|\genRings:39:oscRing|step[10]|dataf"
    Warning (332126): Node "rings_inst|\genRings:39:oscRing|step[10]|combout"
    Warning (332126): Node "rings_inst|\genRings:39:oscRing|step[11]|datad"
    Warning (332126): Node "rings_inst|\genRings:39:oscRing|step[11]|combout"
    Warning (332126): Node "rings_inst|\genRings:39:oscRing|step[12]|dataf"
Warning (332125): Found combinational loop of 26 nodes File: C:/Users/15645380/ringOscilator/code/oscilatorRing.vhd Line: 13
    Warning (332126): Node "rings_inst|\genRings:40:oscRing|step[12]|combout"
    Warning (332126): Node "rings_inst|\genRings:40:oscRing|step[0]|datad"
    Warning (332126): Node "rings_inst|\genRings:40:oscRing|step[0]|combout"
    Warning (332126): Node "rings_inst|\genRings:40:oscRing|step[1]|dataf"
    Warning (332126): Node "rings_inst|\genRings:40:oscRing|step[1]|combout"
    Warning (332126): Node "rings_inst|\genRings:40:oscRing|step[2]|datad"
    Warning (332126): Node "rings_inst|\genRings:40:oscRing|step[2]|combout"
    Warning (332126): Node "rings_inst|\genRings:40:oscRing|step[3]|dataf"
    Warning (332126): Node "rings_inst|\genRings:40:oscRing|step[3]|combout"
    Warning (332126): Node "rings_inst|\genRings:40:oscRing|step[4]|dataf"
    Warning (332126): Node "rings_inst|\genRings:40:oscRing|step[4]|combout"
    Warning (332126): Node "rings_inst|\genRings:40:oscRing|step[5]|datad"
    Warning (332126): Node "rings_inst|\genRings:40:oscRing|step[5]|combout"
    Warning (332126): Node "rings_inst|\genRings:40:oscRing|step[6]|datad"
    Warning (332126): Node "rings_inst|\genRings:40:oscRing|step[6]|combout"
    Warning (332126): Node "rings_inst|\genRings:40:oscRing|step[7]|dataf"
    Warning (332126): Node "rings_inst|\genRings:40:oscRing|step[7]|combout"
    Warning (332126): Node "rings_inst|\genRings:40:oscRing|step[8]|dataf"
    Warning (332126): Node "rings_inst|\genRings:40:oscRing|step[8]|combout"
    Warning (332126): Node "rings_inst|\genRings:40:oscRing|step[9]|dataf"
    Warning (332126): Node "rings_inst|\genRings:40:oscRing|step[9]|combout"
    Warning (332126): Node "rings_inst|\genRings:40:oscRing|step[10]|dataf"
    Warning (332126): Node "rings_inst|\genRings:40:oscRing|step[10]|combout"
    Warning (332126): Node "rings_inst|\genRings:40:oscRing|step[11]|dataf"
    Warning (332126): Node "rings_inst|\genRings:40:oscRing|step[11]|combout"
    Warning (332126): Node "rings_inst|\genRings:40:oscRing|step[12]|dataf"
Warning (332125): Found combinational loop of 26 nodes File: C:/Users/15645380/ringOscilator/code/oscilatorRing.vhd Line: 13
    Warning (332126): Node "rings_inst|\genRings:4:oscRing|step[12]|combout"
    Warning (332126): Node "rings_inst|\genRings:4:oscRing|step[0]|dataf"
    Warning (332126): Node "rings_inst|\genRings:4:oscRing|step[0]|combout"
    Warning (332126): Node "rings_inst|\genRings:4:oscRing|step[1]|datad"
    Warning (332126): Node "rings_inst|\genRings:4:oscRing|step[1]|combout"
    Warning (332126): Node "rings_inst|\genRings:4:oscRing|step[2]|dataf"
    Warning (332126): Node "rings_inst|\genRings:4:oscRing|step[2]|combout"
    Warning (332126): Node "rings_inst|\genRings:4:oscRing|step[3]|dataf"
    Warning (332126): Node "rings_inst|\genRings:4:oscRing|step[3]|combout"
    Warning (332126): Node "rings_inst|\genRings:4:oscRing|step[4]|dataf"
    Warning (332126): Node "rings_inst|\genRings:4:oscRing|step[4]|combout"
    Warning (332126): Node "rings_inst|\genRings:4:oscRing|step[5]|dataf"
    Warning (332126): Node "rings_inst|\genRings:4:oscRing|step[5]|combout"
    Warning (332126): Node "rings_inst|\genRings:4:oscRing|step[6]|datad"
    Warning (332126): Node "rings_inst|\genRings:4:oscRing|step[6]|combout"
    Warning (332126): Node "rings_inst|\genRings:4:oscRing|step[7]|dataf"
    Warning (332126): Node "rings_inst|\genRings:4:oscRing|step[7]|combout"
    Warning (332126): Node "rings_inst|\genRings:4:oscRing|step[8]|datad"
    Warning (332126): Node "rings_inst|\genRings:4:oscRing|step[8]|combout"
    Warning (332126): Node "rings_inst|\genRings:4:oscRing|step[9]|dataf"
    Warning (332126): Node "rings_inst|\genRings:4:oscRing|step[9]|combout"
    Warning (332126): Node "rings_inst|\genRings:4:oscRing|step[10]|dataf"
    Warning (332126): Node "rings_inst|\genRings:4:oscRing|step[10]|combout"
    Warning (332126): Node "rings_inst|\genRings:4:oscRing|step[11]|dataf"
    Warning (332126): Node "rings_inst|\genRings:4:oscRing|step[11]|combout"
    Warning (332126): Node "rings_inst|\genRings:4:oscRing|step[12]|dataf"
Warning (332125): Found combinational loop of 26 nodes File: C:/Users/15645380/ringOscilator/code/oscilatorRing.vhd Line: 13
    Warning (332126): Node "rings_inst|\genRings:1:oscRing|step[12]|combout"
    Warning (332126): Node "rings_inst|\genRings:1:oscRing|step[0]|dataf"
    Warning (332126): Node "rings_inst|\genRings:1:oscRing|step[0]|combout"
    Warning (332126): Node "rings_inst|\genRings:1:oscRing|step[1]|dataf"
    Warning (332126): Node "rings_inst|\genRings:1:oscRing|step[1]|combout"
    Warning (332126): Node "rings_inst|\genRings:1:oscRing|step[2]|datad"
    Warning (332126): Node "rings_inst|\genRings:1:oscRing|step[2]|combout"
    Warning (332126): Node "rings_inst|\genRings:1:oscRing|step[3]|datad"
    Warning (332126): Node "rings_inst|\genRings:1:oscRing|step[3]|combout"
    Warning (332126): Node "rings_inst|\genRings:1:oscRing|step[4]|dataf"
    Warning (332126): Node "rings_inst|\genRings:1:oscRing|step[4]|combout"
    Warning (332126): Node "rings_inst|\genRings:1:oscRing|step[5]|dataf"
    Warning (332126): Node "rings_inst|\genRings:1:oscRing|step[5]|combout"
    Warning (332126): Node "rings_inst|\genRings:1:oscRing|step[6]|dataf"
    Warning (332126): Node "rings_inst|\genRings:1:oscRing|step[6]|combout"
    Warning (332126): Node "rings_inst|\genRings:1:oscRing|step[7]|dataf"
    Warning (332126): Node "rings_inst|\genRings:1:oscRing|step[7]|combout"
    Warning (332126): Node "rings_inst|\genRings:1:oscRing|step[8]|dataf"
    Warning (332126): Node "rings_inst|\genRings:1:oscRing|step[8]|combout"
    Warning (332126): Node "rings_inst|\genRings:1:oscRing|step[9]|dataf"
    Warning (332126): Node "rings_inst|\genRings:1:oscRing|step[9]|combout"
    Warning (332126): Node "rings_inst|\genRings:1:oscRing|step[10]|dataf"
    Warning (332126): Node "rings_inst|\genRings:1:oscRing|step[10]|combout"
    Warning (332126): Node "rings_inst|\genRings:1:oscRing|step[11]|dataf"
    Warning (332126): Node "rings_inst|\genRings:1:oscRing|step[11]|combout"
    Warning (332126): Node "rings_inst|\genRings:1:oscRing|step[12]|dataf"
Warning (332125): Found combinational loop of 26 nodes File: C:/Users/15645380/ringOscilator/code/oscilatorRing.vhd Line: 13
    Warning (332126): Node "rings_inst|\genRings:7:oscRing|step[12]|combout"
    Warning (332126): Node "rings_inst|\genRings:7:oscRing|step[0]|dataf"
    Warning (332126): Node "rings_inst|\genRings:7:oscRing|step[0]|combout"
    Warning (332126): Node "rings_inst|\genRings:7:oscRing|step[1]|dataf"
    Warning (332126): Node "rings_inst|\genRings:7:oscRing|step[1]|combout"
    Warning (332126): Node "rings_inst|\genRings:7:oscRing|step[2]|dataf"
    Warning (332126): Node "rings_inst|\genRings:7:oscRing|step[2]|combout"
    Warning (332126): Node "rings_inst|\genRings:7:oscRing|step[3]|dataf"
    Warning (332126): Node "rings_inst|\genRings:7:oscRing|step[3]|combout"
    Warning (332126): Node "rings_inst|\genRings:7:oscRing|step[4]|dataf"
    Warning (332126): Node "rings_inst|\genRings:7:oscRing|step[4]|combout"
    Warning (332126): Node "rings_inst|\genRings:7:oscRing|step[5]|dataf"
    Warning (332126): Node "rings_inst|\genRings:7:oscRing|step[5]|combout"
    Warning (332126): Node "rings_inst|\genRings:7:oscRing|step[6]|datad"
    Warning (332126): Node "rings_inst|\genRings:7:oscRing|step[6]|combout"
    Warning (332126): Node "rings_inst|\genRings:7:oscRing|step[7]|dataf"
    Warning (332126): Node "rings_inst|\genRings:7:oscRing|step[7]|combout"
    Warning (332126): Node "rings_inst|\genRings:7:oscRing|step[8]|dataf"
    Warning (332126): Node "rings_inst|\genRings:7:oscRing|step[8]|combout"
    Warning (332126): Node "rings_inst|\genRings:7:oscRing|step[9]|dataf"
    Warning (332126): Node "rings_inst|\genRings:7:oscRing|step[9]|combout"
    Warning (332126): Node "rings_inst|\genRings:7:oscRing|step[10]|dataf"
    Warning (332126): Node "rings_inst|\genRings:7:oscRing|step[10]|combout"
    Warning (332126): Node "rings_inst|\genRings:7:oscRing|step[11]|dataf"
    Warning (332126): Node "rings_inst|\genRings:7:oscRing|step[11]|combout"
    Warning (332126): Node "rings_inst|\genRings:7:oscRing|step[12]|dataf"
Warning (332125): Found combinational loop of 26 nodes File: C:/Users/15645380/ringOscilator/code/oscilatorRing.vhd Line: 13
    Warning (332126): Node "rings_inst|\genRings:8:oscRing|step[12]|combout"
    Warning (332126): Node "rings_inst|\genRings:8:oscRing|step[0]|dataf"
    Warning (332126): Node "rings_inst|\genRings:8:oscRing|step[0]|combout"
    Warning (332126): Node "rings_inst|\genRings:8:oscRing|step[1]|dataf"
    Warning (332126): Node "rings_inst|\genRings:8:oscRing|step[1]|combout"
    Warning (332126): Node "rings_inst|\genRings:8:oscRing|step[2]|dataf"
    Warning (332126): Node "rings_inst|\genRings:8:oscRing|step[2]|combout"
    Warning (332126): Node "rings_inst|\genRings:8:oscRing|step[3]|dataf"
    Warning (332126): Node "rings_inst|\genRings:8:oscRing|step[3]|combout"
    Warning (332126): Node "rings_inst|\genRings:8:oscRing|step[4]|dataf"
    Warning (332126): Node "rings_inst|\genRings:8:oscRing|step[4]|combout"
    Warning (332126): Node "rings_inst|\genRings:8:oscRing|step[5]|dataf"
    Warning (332126): Node "rings_inst|\genRings:8:oscRing|step[5]|combout"
    Warning (332126): Node "rings_inst|\genRings:8:oscRing|step[6]|dataf"
    Warning (332126): Node "rings_inst|\genRings:8:oscRing|step[6]|combout"
    Warning (332126): Node "rings_inst|\genRings:8:oscRing|step[7]|dataf"
    Warning (332126): Node "rings_inst|\genRings:8:oscRing|step[7]|combout"
    Warning (332126): Node "rings_inst|\genRings:8:oscRing|step[8]|dataf"
    Warning (332126): Node "rings_inst|\genRings:8:oscRing|step[8]|combout"
    Warning (332126): Node "rings_inst|\genRings:8:oscRing|step[9]|dataf"
    Warning (332126): Node "rings_inst|\genRings:8:oscRing|step[9]|combout"
    Warning (332126): Node "rings_inst|\genRings:8:oscRing|step[10]|dataf"
    Warning (332126): Node "rings_inst|\genRings:8:oscRing|step[10]|combout"
    Warning (332126): Node "rings_inst|\genRings:8:oscRing|step[11]|dataf"
    Warning (332126): Node "rings_inst|\genRings:8:oscRing|step[11]|combout"
    Warning (332126): Node "rings_inst|\genRings:8:oscRing|step[12]|dataf"
Warning (332125): Found combinational loop of 26 nodes File: C:/Users/15645380/ringOscilator/code/oscilatorRing.vhd Line: 13
    Warning (332126): Node "rings_inst|\genRings:3:oscRing|step[12]|combout"
    Warning (332126): Node "rings_inst|\genRings:3:oscRing|step[0]|dataf"
    Warning (332126): Node "rings_inst|\genRings:3:oscRing|step[0]|combout"
    Warning (332126): Node "rings_inst|\genRings:3:oscRing|step[1]|dataf"
    Warning (332126): Node "rings_inst|\genRings:3:oscRing|step[1]|combout"
    Warning (332126): Node "rings_inst|\genRings:3:oscRing|step[2]|dataf"
    Warning (332126): Node "rings_inst|\genRings:3:oscRing|step[2]|combout"
    Warning (332126): Node "rings_inst|\genRings:3:oscRing|step[3]|datad"
    Warning (332126): Node "rings_inst|\genRings:3:oscRing|step[3]|combout"
    Warning (332126): Node "rings_inst|\genRings:3:oscRing|step[4]|dataf"
    Warning (332126): Node "rings_inst|\genRings:3:oscRing|step[4]|combout"
    Warning (332126): Node "rings_inst|\genRings:3:oscRing|step[5]|dataf"
    Warning (332126): Node "rings_inst|\genRings:3:oscRing|step[5]|combout"
    Warning (332126): Node "rings_inst|\genRings:3:oscRing|step[6]|dataf"
    Warning (332126): Node "rings_inst|\genRings:3:oscRing|step[6]|combout"
    Warning (332126): Node "rings_inst|\genRings:3:oscRing|step[7]|dataf"
    Warning (332126): Node "rings_inst|\genRings:3:oscRing|step[7]|combout"
    Warning (332126): Node "rings_inst|\genRings:3:oscRing|step[8]|dataf"
    Warning (332126): Node "rings_inst|\genRings:3:oscRing|step[8]|combout"
    Warning (332126): Node "rings_inst|\genRings:3:oscRing|step[9]|dataf"
    Warning (332126): Node "rings_inst|\genRings:3:oscRing|step[9]|combout"
    Warning (332126): Node "rings_inst|\genRings:3:oscRing|step[10]|dataf"
    Warning (332126): Node "rings_inst|\genRings:3:oscRing|step[10]|combout"
    Warning (332126): Node "rings_inst|\genRings:3:oscRing|step[11]|dataf"
    Warning (332126): Node "rings_inst|\genRings:3:oscRing|step[11]|combout"
    Warning (332126): Node "rings_inst|\genRings:3:oscRing|step[12]|dataf"
Warning (332125): Found combinational loop of 26 nodes File: C:/Users/15645380/ringOscilator/code/oscilatorRing.vhd Line: 13
    Warning (332126): Node "rings_inst|\genRings:9:oscRing|step[12]|combout"
    Warning (332126): Node "rings_inst|\genRings:9:oscRing|step[0]|dataf"
    Warning (332126): Node "rings_inst|\genRings:9:oscRing|step[0]|combout"
    Warning (332126): Node "rings_inst|\genRings:9:oscRing|step[1]|datad"
    Warning (332126): Node "rings_inst|\genRings:9:oscRing|step[1]|combout"
    Warning (332126): Node "rings_inst|\genRings:9:oscRing|step[2]|datad"
    Warning (332126): Node "rings_inst|\genRings:9:oscRing|step[2]|combout"
    Warning (332126): Node "rings_inst|\genRings:9:oscRing|step[3]|dataf"
    Warning (332126): Node "rings_inst|\genRings:9:oscRing|step[3]|combout"
    Warning (332126): Node "rings_inst|\genRings:9:oscRing|step[4]|dataf"
    Warning (332126): Node "rings_inst|\genRings:9:oscRing|step[4]|combout"
    Warning (332126): Node "rings_inst|\genRings:9:oscRing|step[5]|dataf"
    Warning (332126): Node "rings_inst|\genRings:9:oscRing|step[5]|combout"
    Warning (332126): Node "rings_inst|\genRings:9:oscRing|step[6]|datad"
    Warning (332126): Node "rings_inst|\genRings:9:oscRing|step[6]|combout"
    Warning (332126): Node "rings_inst|\genRings:9:oscRing|step[7]|dataf"
    Warning (332126): Node "rings_inst|\genRings:9:oscRing|step[7]|combout"
    Warning (332126): Node "rings_inst|\genRings:9:oscRing|step[8]|dataf"
    Warning (332126): Node "rings_inst|\genRings:9:oscRing|step[8]|combout"
    Warning (332126): Node "rings_inst|\genRings:9:oscRing|step[9]|dataf"
    Warning (332126): Node "rings_inst|\genRings:9:oscRing|step[9]|combout"
    Warning (332126): Node "rings_inst|\genRings:9:oscRing|step[10]|dataf"
    Warning (332126): Node "rings_inst|\genRings:9:oscRing|step[10]|combout"
    Warning (332126): Node "rings_inst|\genRings:9:oscRing|step[11]|dataf"
    Warning (332126): Node "rings_inst|\genRings:9:oscRing|step[11]|combout"
    Warning (332126): Node "rings_inst|\genRings:9:oscRing|step[12]|dataf"
Warning (332125): Found combinational loop of 26 nodes File: C:/Users/15645380/ringOscilator/code/oscilatorRing.vhd Line: 13
    Warning (332126): Node "rings_inst|\genRings:36:oscRing|step[12]|combout"
    Warning (332126): Node "rings_inst|\genRings:36:oscRing|step[0]|dataf"
    Warning (332126): Node "rings_inst|\genRings:36:oscRing|step[0]|combout"
    Warning (332126): Node "rings_inst|\genRings:36:oscRing|step[1]|dataf"
    Warning (332126): Node "rings_inst|\genRings:36:oscRing|step[1]|combout"
    Warning (332126): Node "rings_inst|\genRings:36:oscRing|step[2]|dataf"
    Warning (332126): Node "rings_inst|\genRings:36:oscRing|step[2]|combout"
    Warning (332126): Node "rings_inst|\genRings:36:oscRing|step[3]|dataf"
    Warning (332126): Node "rings_inst|\genRings:36:oscRing|step[3]|combout"
    Warning (332126): Node "rings_inst|\genRings:36:oscRing|step[4]|dataf"
    Warning (332126): Node "rings_inst|\genRings:36:oscRing|step[4]|combout"
    Warning (332126): Node "rings_inst|\genRings:36:oscRing|step[5]|dataf"
    Warning (332126): Node "rings_inst|\genRings:36:oscRing|step[5]|combout"
    Warning (332126): Node "rings_inst|\genRings:36:oscRing|step[6]|dataf"
    Warning (332126): Node "rings_inst|\genRings:36:oscRing|step[6]|combout"
    Warning (332126): Node "rings_inst|\genRings:36:oscRing|step[7]|dataf"
    Warning (332126): Node "rings_inst|\genRings:36:oscRing|step[7]|combout"
    Warning (332126): Node "rings_inst|\genRings:36:oscRing|step[8]|dataf"
    Warning (332126): Node "rings_inst|\genRings:36:oscRing|step[8]|combout"
    Warning (332126): Node "rings_inst|\genRings:36:oscRing|step[9]|dataf"
    Warning (332126): Node "rings_inst|\genRings:36:oscRing|step[9]|combout"
    Warning (332126): Node "rings_inst|\genRings:36:oscRing|step[10]|dataf"
    Warning (332126): Node "rings_inst|\genRings:36:oscRing|step[10]|combout"
    Warning (332126): Node "rings_inst|\genRings:36:oscRing|step[11]|dataf"
    Warning (332126): Node "rings_inst|\genRings:36:oscRing|step[11]|combout"
    Warning (332126): Node "rings_inst|\genRings:36:oscRing|step[12]|dataf"
Warning (332125): Found combinational loop of 26 nodes File: C:/Users/15645380/ringOscilator/code/oscilatorRing.vhd Line: 13
    Warning (332126): Node "rings_inst|\genRings:33:oscRing|step[12]|combout"
    Warning (332126): Node "rings_inst|\genRings:33:oscRing|step[0]|dataf"
    Warning (332126): Node "rings_inst|\genRings:33:oscRing|step[0]|combout"
    Warning (332126): Node "rings_inst|\genRings:33:oscRing|step[1]|dataf"
    Warning (332126): Node "rings_inst|\genRings:33:oscRing|step[1]|combout"
    Warning (332126): Node "rings_inst|\genRings:33:oscRing|step[2]|dataf"
    Warning (332126): Node "rings_inst|\genRings:33:oscRing|step[2]|combout"
    Warning (332126): Node "rings_inst|\genRings:33:oscRing|step[3]|datad"
    Warning (332126): Node "rings_inst|\genRings:33:oscRing|step[3]|combout"
    Warning (332126): Node "rings_inst|\genRings:33:oscRing|step[4]|dataf"
    Warning (332126): Node "rings_inst|\genRings:33:oscRing|step[4]|combout"
    Warning (332126): Node "rings_inst|\genRings:33:oscRing|step[5]|dataf"
    Warning (332126): Node "rings_inst|\genRings:33:oscRing|step[5]|combout"
    Warning (332126): Node "rings_inst|\genRings:33:oscRing|step[6]|dataf"
    Warning (332126): Node "rings_inst|\genRings:33:oscRing|step[6]|combout"
    Warning (332126): Node "rings_inst|\genRings:33:oscRing|step[7]|dataf"
    Warning (332126): Node "rings_inst|\genRings:33:oscRing|step[7]|combout"
    Warning (332126): Node "rings_inst|\genRings:33:oscRing|step[8]|dataf"
    Warning (332126): Node "rings_inst|\genRings:33:oscRing|step[8]|combout"
    Warning (332126): Node "rings_inst|\genRings:33:oscRing|step[9]|dataf"
    Warning (332126): Node "rings_inst|\genRings:33:oscRing|step[9]|combout"
    Warning (332126): Node "rings_inst|\genRings:33:oscRing|step[10]|dataf"
    Warning (332126): Node "rings_inst|\genRings:33:oscRing|step[10]|combout"
    Warning (332126): Node "rings_inst|\genRings:33:oscRing|step[11]|datad"
    Warning (332126): Node "rings_inst|\genRings:33:oscRing|step[11]|combout"
    Warning (332126): Node "rings_inst|\genRings:33:oscRing|step[12]|datad"
Warning (332125): Found combinational loop of 26 nodes File: C:/Users/15645380/ringOscilator/code/oscilatorRing.vhd Line: 13
    Warning (332126): Node "rings_inst|\genRings:34:oscRing|step[12]|combout"
    Warning (332126): Node "rings_inst|\genRings:34:oscRing|step[0]|dataf"
    Warning (332126): Node "rings_inst|\genRings:34:oscRing|step[0]|combout"
    Warning (332126): Node "rings_inst|\genRings:34:oscRing|step[1]|dataf"
    Warning (332126): Node "rings_inst|\genRings:34:oscRing|step[1]|combout"
    Warning (332126): Node "rings_inst|\genRings:34:oscRing|step[2]|dataf"
    Warning (332126): Node "rings_inst|\genRings:34:oscRing|step[2]|combout"
    Warning (332126): Node "rings_inst|\genRings:34:oscRing|step[3]|dataf"
    Warning (332126): Node "rings_inst|\genRings:34:oscRing|step[3]|combout"
    Warning (332126): Node "rings_inst|\genRings:34:oscRing|step[4]|dataf"
    Warning (332126): Node "rings_inst|\genRings:34:oscRing|step[4]|combout"
    Warning (332126): Node "rings_inst|\genRings:34:oscRing|step[5]|dataf"
    Warning (332126): Node "rings_inst|\genRings:34:oscRing|step[5]|combout"
    Warning (332126): Node "rings_inst|\genRings:34:oscRing|step[6]|datad"
    Warning (332126): Node "rings_inst|\genRings:34:oscRing|step[6]|combout"
    Warning (332126): Node "rings_inst|\genRings:34:oscRing|step[7]|dataf"
    Warning (332126): Node "rings_inst|\genRings:34:oscRing|step[7]|combout"
    Warning (332126): Node "rings_inst|\genRings:34:oscRing|step[8]|dataf"
    Warning (332126): Node "rings_inst|\genRings:34:oscRing|step[8]|combout"
    Warning (332126): Node "rings_inst|\genRings:34:oscRing|step[9]|dataf"
    Warning (332126): Node "rings_inst|\genRings:34:oscRing|step[9]|combout"
    Warning (332126): Node "rings_inst|\genRings:34:oscRing|step[10]|datad"
    Warning (332126): Node "rings_inst|\genRings:34:oscRing|step[10]|combout"
    Warning (332126): Node "rings_inst|\genRings:34:oscRing|step[11]|dataf"
    Warning (332126): Node "rings_inst|\genRings:34:oscRing|step[11]|combout"
    Warning (332126): Node "rings_inst|\genRings:34:oscRing|step[12]|dataf"
Warning (332125): Found combinational loop of 26 nodes File: C:/Users/15645380/ringOscilator/code/oscilatorRing.vhd Line: 13
    Warning (332126): Node "rings_inst|\genRings:37:oscRing|step[12]|combout"
    Warning (332126): Node "rings_inst|\genRings:37:oscRing|step[0]|dataf"
    Warning (332126): Node "rings_inst|\genRings:37:oscRing|step[0]|combout"
    Warning (332126): Node "rings_inst|\genRings:37:oscRing|step[1]|dataf"
    Warning (332126): Node "rings_inst|\genRings:37:oscRing|step[1]|combout"
    Warning (332126): Node "rings_inst|\genRings:37:oscRing|step[2]|dataf"
    Warning (332126): Node "rings_inst|\genRings:37:oscRing|step[2]|combout"
    Warning (332126): Node "rings_inst|\genRings:37:oscRing|step[3]|dataf"
    Warning (332126): Node "rings_inst|\genRings:37:oscRing|step[3]|combout"
    Warning (332126): Node "rings_inst|\genRings:37:oscRing|step[4]|dataf"
    Warning (332126): Node "rings_inst|\genRings:37:oscRing|step[4]|combout"
    Warning (332126): Node "rings_inst|\genRings:37:oscRing|step[5]|dataf"
    Warning (332126): Node "rings_inst|\genRings:37:oscRing|step[5]|combout"
    Warning (332126): Node "rings_inst|\genRings:37:oscRing|step[6]|dataf"
    Warning (332126): Node "rings_inst|\genRings:37:oscRing|step[6]|combout"
    Warning (332126): Node "rings_inst|\genRings:37:oscRing|step[7]|dataf"
    Warning (332126): Node "rings_inst|\genRings:37:oscRing|step[7]|combout"
    Warning (332126): Node "rings_inst|\genRings:37:oscRing|step[8]|dataf"
    Warning (332126): Node "rings_inst|\genRings:37:oscRing|step[8]|combout"
    Warning (332126): Node "rings_inst|\genRings:37:oscRing|step[9]|dataf"
    Warning (332126): Node "rings_inst|\genRings:37:oscRing|step[9]|combout"
    Warning (332126): Node "rings_inst|\genRings:37:oscRing|step[10]|dataf"
    Warning (332126): Node "rings_inst|\genRings:37:oscRing|step[10]|combout"
    Warning (332126): Node "rings_inst|\genRings:37:oscRing|step[11]|dataf"
    Warning (332126): Node "rings_inst|\genRings:37:oscRing|step[11]|combout"
    Warning (332126): Node "rings_inst|\genRings:37:oscRing|step[12]|dataf"
Warning (332125): Found combinational loop of 26 nodes File: C:/Users/15645380/ringOscilator/code/oscilatorRing.vhd Line: 13
    Warning (332126): Node "rings_inst|\genRings:32:oscRing|step[12]|combout"
    Warning (332126): Node "rings_inst|\genRings:32:oscRing|step[0]|dataf"
    Warning (332126): Node "rings_inst|\genRings:32:oscRing|step[0]|combout"
    Warning (332126): Node "rings_inst|\genRings:32:oscRing|step[1]|dataf"
    Warning (332126): Node "rings_inst|\genRings:32:oscRing|step[1]|combout"
    Warning (332126): Node "rings_inst|\genRings:32:oscRing|step[2]|dataf"
    Warning (332126): Node "rings_inst|\genRings:32:oscRing|step[2]|combout"
    Warning (332126): Node "rings_inst|\genRings:32:oscRing|step[3]|dataf"
    Warning (332126): Node "rings_inst|\genRings:32:oscRing|step[3]|combout"
    Warning (332126): Node "rings_inst|\genRings:32:oscRing|step[4]|dataf"
    Warning (332126): Node "rings_inst|\genRings:32:oscRing|step[4]|combout"
    Warning (332126): Node "rings_inst|\genRings:32:oscRing|step[5]|dataf"
    Warning (332126): Node "rings_inst|\genRings:32:oscRing|step[5]|combout"
    Warning (332126): Node "rings_inst|\genRings:32:oscRing|step[6]|dataf"
    Warning (332126): Node "rings_inst|\genRings:32:oscRing|step[6]|combout"
    Warning (332126): Node "rings_inst|\genRings:32:oscRing|step[7]|dataf"
    Warning (332126): Node "rings_inst|\genRings:32:oscRing|step[7]|combout"
    Warning (332126): Node "rings_inst|\genRings:32:oscRing|step[8]|dataf"
    Warning (332126): Node "rings_inst|\genRings:32:oscRing|step[8]|combout"
    Warning (332126): Node "rings_inst|\genRings:32:oscRing|step[9]|dataf"
    Warning (332126): Node "rings_inst|\genRings:32:oscRing|step[9]|combout"
    Warning (332126): Node "rings_inst|\genRings:32:oscRing|step[10]|dataf"
    Warning (332126): Node "rings_inst|\genRings:32:oscRing|step[10]|combout"
    Warning (332126): Node "rings_inst|\genRings:32:oscRing|step[11]|dataf"
    Warning (332126): Node "rings_inst|\genRings:32:oscRing|step[11]|combout"
    Warning (332126): Node "rings_inst|\genRings:32:oscRing|step[12]|dataf"
Warning (332125): Found combinational loop of 26 nodes File: C:/Users/15645380/ringOscilator/code/oscilatorRing.vhd Line: 13
    Warning (332126): Node "rings_inst|\genRings:35:oscRing|step[12]|combout"
    Warning (332126): Node "rings_inst|\genRings:35:oscRing|step[0]|dataf"
    Warning (332126): Node "rings_inst|\genRings:35:oscRing|step[0]|combout"
    Warning (332126): Node "rings_inst|\genRings:35:oscRing|step[1]|dataf"
    Warning (332126): Node "rings_inst|\genRings:35:oscRing|step[1]|combout"
    Warning (332126): Node "rings_inst|\genRings:35:oscRing|step[2]|datad"
    Warning (332126): Node "rings_inst|\genRings:35:oscRing|step[2]|combout"
    Warning (332126): Node "rings_inst|\genRings:35:oscRing|step[3]|dataf"
    Warning (332126): Node "rings_inst|\genRings:35:oscRing|step[3]|combout"
    Warning (332126): Node "rings_inst|\genRings:35:oscRing|step[4]|dataf"
    Warning (332126): Node "rings_inst|\genRings:35:oscRing|step[4]|combout"
    Warning (332126): Node "rings_inst|\genRings:35:oscRing|step[5]|dataf"
    Warning (332126): Node "rings_inst|\genRings:35:oscRing|step[5]|combout"
    Warning (332126): Node "rings_inst|\genRings:35:oscRing|step[6]|dataf"
    Warning (332126): Node "rings_inst|\genRings:35:oscRing|step[6]|combout"
    Warning (332126): Node "rings_inst|\genRings:35:oscRing|step[7]|dataf"
    Warning (332126): Node "rings_inst|\genRings:35:oscRing|step[7]|combout"
    Warning (332126): Node "rings_inst|\genRings:35:oscRing|step[8]|datad"
    Warning (332126): Node "rings_inst|\genRings:35:oscRing|step[8]|combout"
    Warning (332126): Node "rings_inst|\genRings:35:oscRing|step[9]|dataf"
    Warning (332126): Node "rings_inst|\genRings:35:oscRing|step[9]|combout"
    Warning (332126): Node "rings_inst|\genRings:35:oscRing|step[10]|dataf"
    Warning (332126): Node "rings_inst|\genRings:35:oscRing|step[10]|combout"
    Warning (332126): Node "rings_inst|\genRings:35:oscRing|step[11]|dataf"
    Warning (332126): Node "rings_inst|\genRings:35:oscRing|step[11]|combout"
    Warning (332126): Node "rings_inst|\genRings:35:oscRing|step[12]|dataf"
Warning (332125): Found combinational loop of 26 nodes File: C:/Users/15645380/ringOscilator/code/oscilatorRing.vhd Line: 13
    Warning (332126): Node "rings_inst|\genRings:16:oscRing|step[12]|combout"
    Warning (332126): Node "rings_inst|\genRings:16:oscRing|step[0]|dataf"
    Warning (332126): Node "rings_inst|\genRings:16:oscRing|step[0]|combout"
    Warning (332126): Node "rings_inst|\genRings:16:oscRing|step[1]|datad"
    Warning (332126): Node "rings_inst|\genRings:16:oscRing|step[1]|combout"
    Warning (332126): Node "rings_inst|\genRings:16:oscRing|step[2]|dataf"
    Warning (332126): Node "rings_inst|\genRings:16:oscRing|step[2]|combout"
    Warning (332126): Node "rings_inst|\genRings:16:oscRing|step[3]|datad"
    Warning (332126): Node "rings_inst|\genRings:16:oscRing|step[3]|combout"
    Warning (332126): Node "rings_inst|\genRings:16:oscRing|step[4]|dataf"
    Warning (332126): Node "rings_inst|\genRings:16:oscRing|step[4]|combout"
    Warning (332126): Node "rings_inst|\genRings:16:oscRing|step[5]|dataf"
    Warning (332126): Node "rings_inst|\genRings:16:oscRing|step[5]|combout"
    Warning (332126): Node "rings_inst|\genRings:16:oscRing|step[6]|dataf"
    Warning (332126): Node "rings_inst|\genRings:16:oscRing|step[6]|combout"
    Warning (332126): Node "rings_inst|\genRings:16:oscRing|step[7]|dataf"
    Warning (332126): Node "rings_inst|\genRings:16:oscRing|step[7]|combout"
    Warning (332126): Node "rings_inst|\genRings:16:oscRing|step[8]|dataf"
    Warning (332126): Node "rings_inst|\genRings:16:oscRing|step[8]|combout"
    Warning (332126): Node "rings_inst|\genRings:16:oscRing|step[9]|dataf"
    Warning (332126): Node "rings_inst|\genRings:16:oscRing|step[9]|combout"
    Warning (332126): Node "rings_inst|\genRings:16:oscRing|step[10]|dataf"
    Warning (332126): Node "rings_inst|\genRings:16:oscRing|step[10]|combout"
    Warning (332126): Node "rings_inst|\genRings:16:oscRing|step[11]|datad"
    Warning (332126): Node "rings_inst|\genRings:16:oscRing|step[11]|combout"
    Warning (332126): Node "rings_inst|\genRings:16:oscRing|step[12]|dataf"
Warning (332125): Found combinational loop of 26 nodes File: C:/Users/15645380/ringOscilator/code/oscilatorRing.vhd Line: 13
    Warning (332126): Node "rings_inst|\genRings:10:oscRing|step[12]|combout"
    Warning (332126): Node "rings_inst|\genRings:10:oscRing|step[0]|datad"
    Warning (332126): Node "rings_inst|\genRings:10:oscRing|step[0]|combout"
    Warning (332126): Node "rings_inst|\genRings:10:oscRing|step[1]|dataf"
    Warning (332126): Node "rings_inst|\genRings:10:oscRing|step[1]|combout"
    Warning (332126): Node "rings_inst|\genRings:10:oscRing|step[2]|dataf"
    Warning (332126): Node "rings_inst|\genRings:10:oscRing|step[2]|combout"
    Warning (332126): Node "rings_inst|\genRings:10:oscRing|step[3]|datad"
    Warning (332126): Node "rings_inst|\genRings:10:oscRing|step[3]|combout"
    Warning (332126): Node "rings_inst|\genRings:10:oscRing|step[4]|dataf"
    Warning (332126): Node "rings_inst|\genRings:10:oscRing|step[4]|combout"
    Warning (332126): Node "rings_inst|\genRings:10:oscRing|step[5]|dataf"
    Warning (332126): Node "rings_inst|\genRings:10:oscRing|step[5]|combout"
    Warning (332126): Node "rings_inst|\genRings:10:oscRing|step[6]|dataf"
    Warning (332126): Node "rings_inst|\genRings:10:oscRing|step[6]|combout"
    Warning (332126): Node "rings_inst|\genRings:10:oscRing|step[7]|dataf"
    Warning (332126): Node "rings_inst|\genRings:10:oscRing|step[7]|combout"
    Warning (332126): Node "rings_inst|\genRings:10:oscRing|step[8]|dataf"
    Warning (332126): Node "rings_inst|\genRings:10:oscRing|step[8]|combout"
    Warning (332126): Node "rings_inst|\genRings:10:oscRing|step[9]|dataf"
    Warning (332126): Node "rings_inst|\genRings:10:oscRing|step[9]|combout"
    Warning (332126): Node "rings_inst|\genRings:10:oscRing|step[10]|dataf"
    Warning (332126): Node "rings_inst|\genRings:10:oscRing|step[10]|combout"
    Warning (332126): Node "rings_inst|\genRings:10:oscRing|step[11]|dataf"
    Warning (332126): Node "rings_inst|\genRings:10:oscRing|step[11]|combout"
    Warning (332126): Node "rings_inst|\genRings:10:oscRing|step[12]|dataf"
Warning (332125): Found combinational loop of 26 nodes File: C:/Users/15645380/ringOscilator/code/oscilatorRing.vhd Line: 13
    Warning (332126): Node "rings_inst|\genRings:13:oscRing|step[12]|combout"
    Warning (332126): Node "rings_inst|\genRings:13:oscRing|step[0]|datad"
    Warning (332126): Node "rings_inst|\genRings:13:oscRing|step[0]|combout"
    Warning (332126): Node "rings_inst|\genRings:13:oscRing|step[1]|datad"
    Warning (332126): Node "rings_inst|\genRings:13:oscRing|step[1]|combout"
    Warning (332126): Node "rings_inst|\genRings:13:oscRing|step[2]|dataf"
    Warning (332126): Node "rings_inst|\genRings:13:oscRing|step[2]|combout"
    Warning (332126): Node "rings_inst|\genRings:13:oscRing|step[3]|dataf"
    Warning (332126): Node "rings_inst|\genRings:13:oscRing|step[3]|combout"
    Warning (332126): Node "rings_inst|\genRings:13:oscRing|step[4]|dataf"
    Warning (332126): Node "rings_inst|\genRings:13:oscRing|step[4]|combout"
    Warning (332126): Node "rings_inst|\genRings:13:oscRing|step[5]|dataf"
    Warning (332126): Node "rings_inst|\genRings:13:oscRing|step[5]|combout"
    Warning (332126): Node "rings_inst|\genRings:13:oscRing|step[6]|dataf"
    Warning (332126): Node "rings_inst|\genRings:13:oscRing|step[6]|combout"
    Warning (332126): Node "rings_inst|\genRings:13:oscRing|step[7]|dataf"
    Warning (332126): Node "rings_inst|\genRings:13:oscRing|step[7]|combout"
    Warning (332126): Node "rings_inst|\genRings:13:oscRing|step[8]|datad"
    Warning (332126): Node "rings_inst|\genRings:13:oscRing|step[8]|combout"
    Warning (332126): Node "rings_inst|\genRings:13:oscRing|step[9]|dataf"
    Warning (332126): Node "rings_inst|\genRings:13:oscRing|step[9]|combout"
    Warning (332126): Node "rings_inst|\genRings:13:oscRing|step[10]|dataf"
    Warning (332126): Node "rings_inst|\genRings:13:oscRing|step[10]|combout"
    Warning (332126): Node "rings_inst|\genRings:13:oscRing|step[11]|dataf"
    Warning (332126): Node "rings_inst|\genRings:13:oscRing|step[11]|combout"
    Warning (332126): Node "rings_inst|\genRings:13:oscRing|step[12]|dataf"
Warning (332125): Found combinational loop of 26 nodes File: C:/Users/15645380/ringOscilator/code/oscilatorRing.vhd Line: 13
    Warning (332126): Node "rings_inst|\genRings:11:oscRing|step[12]|combout"
    Warning (332126): Node "rings_inst|\genRings:11:oscRing|step[0]|dataf"
    Warning (332126): Node "rings_inst|\genRings:11:oscRing|step[0]|combout"
    Warning (332126): Node "rings_inst|\genRings:11:oscRing|step[1]|dataf"
    Warning (332126): Node "rings_inst|\genRings:11:oscRing|step[1]|combout"
    Warning (332126): Node "rings_inst|\genRings:11:oscRing|step[2]|dataf"
    Warning (332126): Node "rings_inst|\genRings:11:oscRing|step[2]|combout"
    Warning (332126): Node "rings_inst|\genRings:11:oscRing|step[3]|dataf"
    Warning (332126): Node "rings_inst|\genRings:11:oscRing|step[3]|combout"
    Warning (332126): Node "rings_inst|\genRings:11:oscRing|step[4]|dataf"
    Warning (332126): Node "rings_inst|\genRings:11:oscRing|step[4]|combout"
    Warning (332126): Node "rings_inst|\genRings:11:oscRing|step[5]|dataf"
    Warning (332126): Node "rings_inst|\genRings:11:oscRing|step[5]|combout"
    Warning (332126): Node "rings_inst|\genRings:11:oscRing|step[6]|dataf"
    Warning (332126): Node "rings_inst|\genRings:11:oscRing|step[6]|combout"
    Warning (332126): Node "rings_inst|\genRings:11:oscRing|step[7]|dataf"
    Warning (332126): Node "rings_inst|\genRings:11:oscRing|step[7]|combout"
    Warning (332126): Node "rings_inst|\genRings:11:oscRing|step[8]|dataf"
    Warning (332126): Node "rings_inst|\genRings:11:oscRing|step[8]|combout"
    Warning (332126): Node "rings_inst|\genRings:11:oscRing|step[9]|dataf"
    Warning (332126): Node "rings_inst|\genRings:11:oscRing|step[9]|combout"
    Warning (332126): Node "rings_inst|\genRings:11:oscRing|step[10]|dataf"
    Warning (332126): Node "rings_inst|\genRings:11:oscRing|step[10]|combout"
    Warning (332126): Node "rings_inst|\genRings:11:oscRing|step[11]|datae"
    Warning (332126): Node "rings_inst|\genRings:11:oscRing|step[11]|combout"
    Warning (332126): Node "rings_inst|\genRings:11:oscRing|step[12]|dataf"
Warning (332125): Found combinational loop of 26 nodes File: C:/Users/15645380/ringOscilator/code/oscilatorRing.vhd Line: 13
    Warning (332126): Node "rings_inst|\genRings:12:oscRing|step[12]|combout"
    Warning (332126): Node "rings_inst|\genRings:12:oscRing|step[0]|dataf"
    Warning (332126): Node "rings_inst|\genRings:12:oscRing|step[0]|combout"
    Warning (332126): Node "rings_inst|\genRings:12:oscRing|step[1]|dataf"
    Warning (332126): Node "rings_inst|\genRings:12:oscRing|step[1]|combout"
    Warning (332126): Node "rings_inst|\genRings:12:oscRing|step[2]|datad"
    Warning (332126): Node "rings_inst|\genRings:12:oscRing|step[2]|combout"
    Warning (332126): Node "rings_inst|\genRings:12:oscRing|step[3]|datad"
    Warning (332126): Node "rings_inst|\genRings:12:oscRing|step[3]|combout"
    Warning (332126): Node "rings_inst|\genRings:12:oscRing|step[4]|dataf"
    Warning (332126): Node "rings_inst|\genRings:12:oscRing|step[4]|combout"
    Warning (332126): Node "rings_inst|\genRings:12:oscRing|step[5]|dataf"
    Warning (332126): Node "rings_inst|\genRings:12:oscRing|step[5]|combout"
    Warning (332126): Node "rings_inst|\genRings:12:oscRing|step[6]|dataf"
    Warning (332126): Node "rings_inst|\genRings:12:oscRing|step[6]|combout"
    Warning (332126): Node "rings_inst|\genRings:12:oscRing|step[7]|dataf"
    Warning (332126): Node "rings_inst|\genRings:12:oscRing|step[7]|combout"
    Warning (332126): Node "rings_inst|\genRings:12:oscRing|step[8]|dataf"
    Warning (332126): Node "rings_inst|\genRings:12:oscRing|step[8]|combout"
    Warning (332126): Node "rings_inst|\genRings:12:oscRing|step[9]|dataf"
    Warning (332126): Node "rings_inst|\genRings:12:oscRing|step[9]|combout"
    Warning (332126): Node "rings_inst|\genRings:12:oscRing|step[10]|dataf"
    Warning (332126): Node "rings_inst|\genRings:12:oscRing|step[10]|combout"
    Warning (332126): Node "rings_inst|\genRings:12:oscRing|step[11]|dataf"
    Warning (332126): Node "rings_inst|\genRings:12:oscRing|step[11]|combout"
    Warning (332126): Node "rings_inst|\genRings:12:oscRing|step[12]|dataf"
Warning (332125): Found combinational loop of 26 nodes File: C:/Users/15645380/ringOscilator/code/oscilatorRing.vhd Line: 13
    Warning (332126): Node "rings_inst|\genRings:15:oscRing|step[12]|combout"
    Warning (332126): Node "rings_inst|\genRings:15:oscRing|step[0]|dataf"
    Warning (332126): Node "rings_inst|\genRings:15:oscRing|step[0]|combout"
    Warning (332126): Node "rings_inst|\genRings:15:oscRing|step[1]|dataf"
    Warning (332126): Node "rings_inst|\genRings:15:oscRing|step[1]|combout"
    Warning (332126): Node "rings_inst|\genRings:15:oscRing|step[2]|dataf"
    Warning (332126): Node "rings_inst|\genRings:15:oscRing|step[2]|combout"
    Warning (332126): Node "rings_inst|\genRings:15:oscRing|step[3]|dataf"
    Warning (332126): Node "rings_inst|\genRings:15:oscRing|step[3]|combout"
    Warning (332126): Node "rings_inst|\genRings:15:oscRing|step[4]|dataf"
    Warning (332126): Node "rings_inst|\genRings:15:oscRing|step[4]|combout"
    Warning (332126): Node "rings_inst|\genRings:15:oscRing|step[5]|dataf"
    Warning (332126): Node "rings_inst|\genRings:15:oscRing|step[5]|combout"
    Warning (332126): Node "rings_inst|\genRings:15:oscRing|step[6]|dataf"
    Warning (332126): Node "rings_inst|\genRings:15:oscRing|step[6]|combout"
    Warning (332126): Node "rings_inst|\genRings:15:oscRing|step[7]|dataf"
    Warning (332126): Node "rings_inst|\genRings:15:oscRing|step[7]|combout"
    Warning (332126): Node "rings_inst|\genRings:15:oscRing|step[8]|dataf"
    Warning (332126): Node "rings_inst|\genRings:15:oscRing|step[8]|combout"
    Warning (332126): Node "rings_inst|\genRings:15:oscRing|step[9]|dataf"
    Warning (332126): Node "rings_inst|\genRings:15:oscRing|step[9]|combout"
    Warning (332126): Node "rings_inst|\genRings:15:oscRing|step[10]|dataf"
    Warning (332126): Node "rings_inst|\genRings:15:oscRing|step[10]|combout"
    Warning (332126): Node "rings_inst|\genRings:15:oscRing|step[11]|dataf"
    Warning (332126): Node "rings_inst|\genRings:15:oscRing|step[11]|combout"
    Warning (332126): Node "rings_inst|\genRings:15:oscRing|step[12]|dataf"
Warning (332125): Found combinational loop of 26 nodes File: C:/Users/15645380/ringOscilator/code/oscilatorRing.vhd Line: 13
    Warning (332126): Node "rings_inst|\genRings:76:oscRing|step[12]|combout"
    Warning (332126): Node "rings_inst|\genRings:76:oscRing|step[0]|dataf"
    Warning (332126): Node "rings_inst|\genRings:76:oscRing|step[0]|combout"
    Warning (332126): Node "rings_inst|\genRings:76:oscRing|step[1]|dataf"
    Warning (332126): Node "rings_inst|\genRings:76:oscRing|step[1]|combout"
    Warning (332126): Node "rings_inst|\genRings:76:oscRing|step[2]|dataf"
    Warning (332126): Node "rings_inst|\genRings:76:oscRing|step[2]|combout"
    Warning (332126): Node "rings_inst|\genRings:76:oscRing|step[3]|dataf"
    Warning (332126): Node "rings_inst|\genRings:76:oscRing|step[3]|combout"
    Warning (332126): Node "rings_inst|\genRings:76:oscRing|step[4]|dataf"
    Warning (332126): Node "rings_inst|\genRings:76:oscRing|step[4]|combout"
    Warning (332126): Node "rings_inst|\genRings:76:oscRing|step[5]|datad"
    Warning (332126): Node "rings_inst|\genRings:76:oscRing|step[5]|combout"
    Warning (332126): Node "rings_inst|\genRings:76:oscRing|step[6]|dataf"
    Warning (332126): Node "rings_inst|\genRings:76:oscRing|step[6]|combout"
    Warning (332126): Node "rings_inst|\genRings:76:oscRing|step[7]|dataf"
    Warning (332126): Node "rings_inst|\genRings:76:oscRing|step[7]|combout"
    Warning (332126): Node "rings_inst|\genRings:76:oscRing|step[8]|dataf"
    Warning (332126): Node "rings_inst|\genRings:76:oscRing|step[8]|combout"
    Warning (332126): Node "rings_inst|\genRings:76:oscRing|step[9]|dataf"
    Warning (332126): Node "rings_inst|\genRings:76:oscRing|step[9]|combout"
    Warning (332126): Node "rings_inst|\genRings:76:oscRing|step[10]|dataf"
    Warning (332126): Node "rings_inst|\genRings:76:oscRing|step[10]|combout"
    Warning (332126): Node "rings_inst|\genRings:76:oscRing|step[11]|dataf"
    Warning (332126): Node "rings_inst|\genRings:76:oscRing|step[11]|combout"
    Warning (332126): Node "rings_inst|\genRings:76:oscRing|step[12]|dataf"
Warning (332125): Found combinational loop of 26 nodes File: C:/Users/15645380/ringOscilator/code/oscilatorRing.vhd Line: 13
    Warning (332126): Node "rings_inst|\genRings:73:oscRing|step[12]|combout"
    Warning (332126): Node "rings_inst|\genRings:73:oscRing|step[0]|dataf"
    Warning (332126): Node "rings_inst|\genRings:73:oscRing|step[0]|combout"
    Warning (332126): Node "rings_inst|\genRings:73:oscRing|step[1]|datad"
    Warning (332126): Node "rings_inst|\genRings:73:oscRing|step[1]|combout"
    Warning (332126): Node "rings_inst|\genRings:73:oscRing|step[2]|dataf"
    Warning (332126): Node "rings_inst|\genRings:73:oscRing|step[2]|combout"
    Warning (332126): Node "rings_inst|\genRings:73:oscRing|step[3]|dataf"
    Warning (332126): Node "rings_inst|\genRings:73:oscRing|step[3]|combout"
    Warning (332126): Node "rings_inst|\genRings:73:oscRing|step[4]|dataf"
    Warning (332126): Node "rings_inst|\genRings:73:oscRing|step[4]|combout"
    Warning (332126): Node "rings_inst|\genRings:73:oscRing|step[5]|dataf"
    Warning (332126): Node "rings_inst|\genRings:73:oscRing|step[5]|combout"
    Warning (332126): Node "rings_inst|\genRings:73:oscRing|step[6]|dataf"
    Warning (332126): Node "rings_inst|\genRings:73:oscRing|step[6]|combout"
    Warning (332126): Node "rings_inst|\genRings:73:oscRing|step[7]|dataf"
    Warning (332126): Node "rings_inst|\genRings:73:oscRing|step[7]|combout"
    Warning (332126): Node "rings_inst|\genRings:73:oscRing|step[8]|dataf"
    Warning (332126): Node "rings_inst|\genRings:73:oscRing|step[8]|combout"
    Warning (332126): Node "rings_inst|\genRings:73:oscRing|step[9]|dataf"
    Warning (332126): Node "rings_inst|\genRings:73:oscRing|step[9]|combout"
    Warning (332126): Node "rings_inst|\genRings:73:oscRing|step[10]|dataf"
    Warning (332126): Node "rings_inst|\genRings:73:oscRing|step[10]|combout"
    Warning (332126): Node "rings_inst|\genRings:73:oscRing|step[11]|dataf"
    Warning (332126): Node "rings_inst|\genRings:73:oscRing|step[11]|combout"
    Warning (332126): Node "rings_inst|\genRings:73:oscRing|step[12]|dataf"
Warning (332125): Found combinational loop of 26 nodes File: C:/Users/15645380/ringOscilator/code/oscilatorRing.vhd Line: 13
    Warning (332126): Node "rings_inst|\genRings:71:oscRing|step[12]|combout"
    Warning (332126): Node "rings_inst|\genRings:71:oscRing|step[0]|dataf"
    Warning (332126): Node "rings_inst|\genRings:71:oscRing|step[0]|combout"
    Warning (332126): Node "rings_inst|\genRings:71:oscRing|step[1]|dataf"
    Warning (332126): Node "rings_inst|\genRings:71:oscRing|step[1]|combout"
    Warning (332126): Node "rings_inst|\genRings:71:oscRing|step[2]|datad"
    Warning (332126): Node "rings_inst|\genRings:71:oscRing|step[2]|combout"
    Warning (332126): Node "rings_inst|\genRings:71:oscRing|step[3]|dataf"
    Warning (332126): Node "rings_inst|\genRings:71:oscRing|step[3]|combout"
    Warning (332126): Node "rings_inst|\genRings:71:oscRing|step[4]|dataf"
    Warning (332126): Node "rings_inst|\genRings:71:oscRing|step[4]|combout"
    Warning (332126): Node "rings_inst|\genRings:71:oscRing|step[5]|dataf"
    Warning (332126): Node "rings_inst|\genRings:71:oscRing|step[5]|combout"
    Warning (332126): Node "rings_inst|\genRings:71:oscRing|step[6]|datad"
    Warning (332126): Node "rings_inst|\genRings:71:oscRing|step[6]|combout"
    Warning (332126): Node "rings_inst|\genRings:71:oscRing|step[7]|dataf"
    Warning (332126): Node "rings_inst|\genRings:71:oscRing|step[7]|combout"
    Warning (332126): Node "rings_inst|\genRings:71:oscRing|step[8]|dataf"
    Warning (332126): Node "rings_inst|\genRings:71:oscRing|step[8]|combout"
    Warning (332126): Node "rings_inst|\genRings:71:oscRing|step[9]|datad"
    Warning (332126): Node "rings_inst|\genRings:71:oscRing|step[9]|combout"
    Warning (332126): Node "rings_inst|\genRings:71:oscRing|step[10]|dataf"
    Warning (332126): Node "rings_inst|\genRings:71:oscRing|step[10]|combout"
    Warning (332126): Node "rings_inst|\genRings:71:oscRing|step[11]|dataf"
    Warning (332126): Node "rings_inst|\genRings:71:oscRing|step[11]|combout"
    Warning (332126): Node "rings_inst|\genRings:71:oscRing|step[12]|dataf"
Warning (332125): Found combinational loop of 26 nodes File: C:/Users/15645380/ringOscilator/code/oscilatorRing.vhd Line: 13
    Warning (332126): Node "rings_inst|\genRings:72:oscRing|step[12]|combout"
    Warning (332126): Node "rings_inst|\genRings:72:oscRing|step[0]|dataf"
    Warning (332126): Node "rings_inst|\genRings:72:oscRing|step[0]|combout"
    Warning (332126): Node "rings_inst|\genRings:72:oscRing|step[1]|dataf"
    Warning (332126): Node "rings_inst|\genRings:72:oscRing|step[1]|combout"
    Warning (332126): Node "rings_inst|\genRings:72:oscRing|step[2]|dataf"
    Warning (332126): Node "rings_inst|\genRings:72:oscRing|step[2]|combout"
    Warning (332126): Node "rings_inst|\genRings:72:oscRing|step[3]|dataf"
    Warning (332126): Node "rings_inst|\genRings:72:oscRing|step[3]|combout"
    Warning (332126): Node "rings_inst|\genRings:72:oscRing|step[4]|dataf"
    Warning (332126): Node "rings_inst|\genRings:72:oscRing|step[4]|combout"
    Warning (332126): Node "rings_inst|\genRings:72:oscRing|step[5]|dataf"
    Warning (332126): Node "rings_inst|\genRings:72:oscRing|step[5]|combout"
    Warning (332126): Node "rings_inst|\genRings:72:oscRing|step[6]|dataf"
    Warning (332126): Node "rings_inst|\genRings:72:oscRing|step[6]|combout"
    Warning (332126): Node "rings_inst|\genRings:72:oscRing|step[7]|datad"
    Warning (332126): Node "rings_inst|\genRings:72:oscRing|step[7]|combout"
    Warning (332126): Node "rings_inst|\genRings:72:oscRing|step[8]|dataf"
    Warning (332126): Node "rings_inst|\genRings:72:oscRing|step[8]|combout"
    Warning (332126): Node "rings_inst|\genRings:72:oscRing|step[9]|dataf"
    Warning (332126): Node "rings_inst|\genRings:72:oscRing|step[9]|combout"
    Warning (332126): Node "rings_inst|\genRings:72:oscRing|step[10]|dataf"
    Warning (332126): Node "rings_inst|\genRings:72:oscRing|step[10]|combout"
    Warning (332126): Node "rings_inst|\genRings:72:oscRing|step[11]|dataf"
    Warning (332126): Node "rings_inst|\genRings:72:oscRing|step[11]|combout"
    Warning (332126): Node "rings_inst|\genRings:72:oscRing|step[12]|dataf"
Warning (332125): Found combinational loop of 26 nodes File: C:/Users/15645380/ringOscilator/code/oscilatorRing.vhd Line: 13
    Warning (332126): Node "rings_inst|\genRings:75:oscRing|step[12]|combout"
    Warning (332126): Node "rings_inst|\genRings:75:oscRing|step[0]|dataf"
    Warning (332126): Node "rings_inst|\genRings:75:oscRing|step[0]|combout"
    Warning (332126): Node "rings_inst|\genRings:75:oscRing|step[1]|dataf"
    Warning (332126): Node "rings_inst|\genRings:75:oscRing|step[1]|combout"
    Warning (332126): Node "rings_inst|\genRings:75:oscRing|step[2]|dataf"
    Warning (332126): Node "rings_inst|\genRings:75:oscRing|step[2]|combout"
    Warning (332126): Node "rings_inst|\genRings:75:oscRing|step[3]|dataf"
    Warning (332126): Node "rings_inst|\genRings:75:oscRing|step[3]|combout"
    Warning (332126): Node "rings_inst|\genRings:75:oscRing|step[4]|datad"
    Warning (332126): Node "rings_inst|\genRings:75:oscRing|step[4]|combout"
    Warning (332126): Node "rings_inst|\genRings:75:oscRing|step[5]|datad"
    Warning (332126): Node "rings_inst|\genRings:75:oscRing|step[5]|combout"
    Warning (332126): Node "rings_inst|\genRings:75:oscRing|step[6]|datad"
    Warning (332126): Node "rings_inst|\genRings:75:oscRing|step[6]|combout"
    Warning (332126): Node "rings_inst|\genRings:75:oscRing|step[7]|dataf"
    Warning (332126): Node "rings_inst|\genRings:75:oscRing|step[7]|combout"
    Warning (332126): Node "rings_inst|\genRings:75:oscRing|step[8]|dataf"
    Warning (332126): Node "rings_inst|\genRings:75:oscRing|step[8]|combout"
    Warning (332126): Node "rings_inst|\genRings:75:oscRing|step[9]|dataf"
    Warning (332126): Node "rings_inst|\genRings:75:oscRing|step[9]|combout"
    Warning (332126): Node "rings_inst|\genRings:75:oscRing|step[10]|dataf"
    Warning (332126): Node "rings_inst|\genRings:75:oscRing|step[10]|combout"
    Warning (332126): Node "rings_inst|\genRings:75:oscRing|step[11]|dataf"
    Warning (332126): Node "rings_inst|\genRings:75:oscRing|step[11]|combout"
    Warning (332126): Node "rings_inst|\genRings:75:oscRing|step[12]|dataf"
Warning (332125): Found combinational loop of 26 nodes File: C:/Users/15645380/ringOscilator/code/oscilatorRing.vhd Line: 13
    Warning (332126): Node "rings_inst|\genRings:74:oscRing|step[12]|combout"
    Warning (332126): Node "rings_inst|\genRings:74:oscRing|step[0]|datad"
    Warning (332126): Node "rings_inst|\genRings:74:oscRing|step[0]|combout"
    Warning (332126): Node "rings_inst|\genRings:74:oscRing|step[1]|datad"
    Warning (332126): Node "rings_inst|\genRings:74:oscRing|step[1]|combout"
    Warning (332126): Node "rings_inst|\genRings:74:oscRing|step[2]|dataf"
    Warning (332126): Node "rings_inst|\genRings:74:oscRing|step[2]|combout"
    Warning (332126): Node "rings_inst|\genRings:74:oscRing|step[3]|dataf"
    Warning (332126): Node "rings_inst|\genRings:74:oscRing|step[3]|combout"
    Warning (332126): Node "rings_inst|\genRings:74:oscRing|step[4]|dataf"
    Warning (332126): Node "rings_inst|\genRings:74:oscRing|step[4]|combout"
    Warning (332126): Node "rings_inst|\genRings:74:oscRing|step[5]|dataf"
    Warning (332126): Node "rings_inst|\genRings:74:oscRing|step[5]|combout"
    Warning (332126): Node "rings_inst|\genRings:74:oscRing|step[6]|datad"
    Warning (332126): Node "rings_inst|\genRings:74:oscRing|step[6]|combout"
    Warning (332126): Node "rings_inst|\genRings:74:oscRing|step[7]|dataf"
    Warning (332126): Node "rings_inst|\genRings:74:oscRing|step[7]|combout"
    Warning (332126): Node "rings_inst|\genRings:74:oscRing|step[8]|dataf"
    Warning (332126): Node "rings_inst|\genRings:74:oscRing|step[8]|combout"
    Warning (332126): Node "rings_inst|\genRings:74:oscRing|step[9]|dataf"
    Warning (332126): Node "rings_inst|\genRings:74:oscRing|step[9]|combout"
    Warning (332126): Node "rings_inst|\genRings:74:oscRing|step[10]|dataf"
    Warning (332126): Node "rings_inst|\genRings:74:oscRing|step[10]|combout"
    Warning (332126): Node "rings_inst|\genRings:74:oscRing|step[11]|dataf"
    Warning (332126): Node "rings_inst|\genRings:74:oscRing|step[11]|combout"
    Warning (332126): Node "rings_inst|\genRings:74:oscRing|step[12]|dataf"
Warning (332125): Found combinational loop of 26 nodes File: C:/Users/15645380/ringOscilator/code/oscilatorRing.vhd Line: 13
    Warning (332126): Node "rings_inst|\genRings:98:oscRing|step[12]|combout"
    Warning (332126): Node "rings_inst|\genRings:98:oscRing|step[0]|datad"
    Warning (332126): Node "rings_inst|\genRings:98:oscRing|step[0]|combout"
    Warning (332126): Node "rings_inst|\genRings:98:oscRing|step[1]|dataf"
    Warning (332126): Node "rings_inst|\genRings:98:oscRing|step[1]|combout"
    Warning (332126): Node "rings_inst|\genRings:98:oscRing|step[2]|datad"
    Warning (332126): Node "rings_inst|\genRings:98:oscRing|step[2]|combout"
    Warning (332126): Node "rings_inst|\genRings:98:oscRing|step[3]|datad"
    Warning (332126): Node "rings_inst|\genRings:98:oscRing|step[3]|combout"
    Warning (332126): Node "rings_inst|\genRings:98:oscRing|step[4]|dataf"
    Warning (332126): Node "rings_inst|\genRings:98:oscRing|step[4]|combout"
    Warning (332126): Node "rings_inst|\genRings:98:oscRing|step[5]|dataf"
    Warning (332126): Node "rings_inst|\genRings:98:oscRing|step[5]|combout"
    Warning (332126): Node "rings_inst|\genRings:98:oscRing|step[6]|dataf"
    Warning (332126): Node "rings_inst|\genRings:98:oscRing|step[6]|combout"
    Warning (332126): Node "rings_inst|\genRings:98:oscRing|step[7]|dataf"
    Warning (332126): Node "rings_inst|\genRings:98:oscRing|step[7]|combout"
    Warning (332126): Node "rings_inst|\genRings:98:oscRing|step[8]|dataf"
    Warning (332126): Node "rings_inst|\genRings:98:oscRing|step[8]|combout"
    Warning (332126): Node "rings_inst|\genRings:98:oscRing|step[9]|dataf"
    Warning (332126): Node "rings_inst|\genRings:98:oscRing|step[9]|combout"
    Warning (332126): Node "rings_inst|\genRings:98:oscRing|step[10]|dataf"
    Warning (332126): Node "rings_inst|\genRings:98:oscRing|step[10]|combout"
    Warning (332126): Node "rings_inst|\genRings:98:oscRing|step[11]|dataf"
    Warning (332126): Node "rings_inst|\genRings:98:oscRing|step[11]|combout"
    Warning (332126): Node "rings_inst|\genRings:98:oscRing|step[12]|dataf"
Warning (332125): Found combinational loop of 26 nodes File: C:/Users/15645380/ringOscilator/code/oscilatorRing.vhd Line: 13
    Warning (332126): Node "rings_inst|\genRings:100:oscRing|step[12]|combout"
    Warning (332126): Node "rings_inst|\genRings:100:oscRing|step[0]|dataf"
    Warning (332126): Node "rings_inst|\genRings:100:oscRing|step[0]|combout"
    Warning (332126): Node "rings_inst|\genRings:100:oscRing|step[1]|dataf"
    Warning (332126): Node "rings_inst|\genRings:100:oscRing|step[1]|combout"
    Warning (332126): Node "rings_inst|\genRings:100:oscRing|step[2]|dataf"
    Warning (332126): Node "rings_inst|\genRings:100:oscRing|step[2]|combout"
    Warning (332126): Node "rings_inst|\genRings:100:oscRing|step[3]|dataf"
    Warning (332126): Node "rings_inst|\genRings:100:oscRing|step[3]|combout"
    Warning (332126): Node "rings_inst|\genRings:100:oscRing|step[4]|dataf"
    Warning (332126): Node "rings_inst|\genRings:100:oscRing|step[4]|combout"
    Warning (332126): Node "rings_inst|\genRings:100:oscRing|step[5]|dataf"
    Warning (332126): Node "rings_inst|\genRings:100:oscRing|step[5]|combout"
    Warning (332126): Node "rings_inst|\genRings:100:oscRing|step[6]|dataf"
    Warning (332126): Node "rings_inst|\genRings:100:oscRing|step[6]|combout"
    Warning (332126): Node "rings_inst|\genRings:100:oscRing|step[7]|dataf"
    Warning (332126): Node "rings_inst|\genRings:100:oscRing|step[7]|combout"
    Warning (332126): Node "rings_inst|\genRings:100:oscRing|step[8]|datad"
    Warning (332126): Node "rings_inst|\genRings:100:oscRing|step[8]|combout"
    Warning (332126): Node "rings_inst|\genRings:100:oscRing|step[9]|dataf"
    Warning (332126): Node "rings_inst|\genRings:100:oscRing|step[9]|combout"
    Warning (332126): Node "rings_inst|\genRings:100:oscRing|step[10]|dataf"
    Warning (332126): Node "rings_inst|\genRings:100:oscRing|step[10]|combout"
    Warning (332126): Node "rings_inst|\genRings:100:oscRing|step[11]|datad"
    Warning (332126): Node "rings_inst|\genRings:100:oscRing|step[11]|combout"
    Warning (332126): Node "rings_inst|\genRings:100:oscRing|step[12]|dataf"
Warning (332125): Found combinational loop of 26 nodes File: C:/Users/15645380/ringOscilator/code/oscilatorRing.vhd Line: 13
    Warning (332126): Node "rings_inst|\genRings:96:oscRing|step[12]|combout"
    Warning (332126): Node "rings_inst|\genRings:96:oscRing|step[0]|dataf"
    Warning (332126): Node "rings_inst|\genRings:96:oscRing|step[0]|combout"
    Warning (332126): Node "rings_inst|\genRings:96:oscRing|step[1]|dataf"
    Warning (332126): Node "rings_inst|\genRings:96:oscRing|step[1]|combout"
    Warning (332126): Node "rings_inst|\genRings:96:oscRing|step[2]|datad"
    Warning (332126): Node "rings_inst|\genRings:96:oscRing|step[2]|combout"
    Warning (332126): Node "rings_inst|\genRings:96:oscRing|step[3]|dataf"
    Warning (332126): Node "rings_inst|\genRings:96:oscRing|step[3]|combout"
    Warning (332126): Node "rings_inst|\genRings:96:oscRing|step[4]|dataf"
    Warning (332126): Node "rings_inst|\genRings:96:oscRing|step[4]|combout"
    Warning (332126): Node "rings_inst|\genRings:96:oscRing|step[5]|datad"
    Warning (332126): Node "rings_inst|\genRings:96:oscRing|step[5]|combout"
    Warning (332126): Node "rings_inst|\genRings:96:oscRing|step[6]|datad"
    Warning (332126): Node "rings_inst|\genRings:96:oscRing|step[6]|combout"
    Warning (332126): Node "rings_inst|\genRings:96:oscRing|step[7]|dataf"
    Warning (332126): Node "rings_inst|\genRings:96:oscRing|step[7]|combout"
    Warning (332126): Node "rings_inst|\genRings:96:oscRing|step[8]|dataf"
    Warning (332126): Node "rings_inst|\genRings:96:oscRing|step[8]|combout"
    Warning (332126): Node "rings_inst|\genRings:96:oscRing|step[9]|dataf"
    Warning (332126): Node "rings_inst|\genRings:96:oscRing|step[9]|combout"
    Warning (332126): Node "rings_inst|\genRings:96:oscRing|step[10]|dataf"
    Warning (332126): Node "rings_inst|\genRings:96:oscRing|step[10]|combout"
    Warning (332126): Node "rings_inst|\genRings:96:oscRing|step[11]|dataf"
    Warning (332126): Node "rings_inst|\genRings:96:oscRing|step[11]|combout"
    Warning (332126): Node "rings_inst|\genRings:96:oscRing|step[12]|dataf"
Warning (332125): Found combinational loop of 26 nodes File: C:/Users/15645380/ringOscilator/code/oscilatorRing.vhd Line: 13
    Warning (332126): Node "rings_inst|\genRings:95:oscRing|step[12]|combout"
    Warning (332126): Node "rings_inst|\genRings:95:oscRing|step[0]|datae"
    Warning (332126): Node "rings_inst|\genRings:95:oscRing|step[0]|combout"
    Warning (332126): Node "rings_inst|\genRings:95:oscRing|step[1]|dataf"
    Warning (332126): Node "rings_inst|\genRings:95:oscRing|step[1]|combout"
    Warning (332126): Node "rings_inst|\genRings:95:oscRing|step[2]|dataf"
    Warning (332126): Node "rings_inst|\genRings:95:oscRing|step[2]|combout"
    Warning (332126): Node "rings_inst|\genRings:95:oscRing|step[3]|dataf"
    Warning (332126): Node "rings_inst|\genRings:95:oscRing|step[3]|combout"
    Warning (332126): Node "rings_inst|\genRings:95:oscRing|step[4]|dataf"
    Warning (332126): Node "rings_inst|\genRings:95:oscRing|step[4]|combout"
    Warning (332126): Node "rings_inst|\genRings:95:oscRing|step[5]|dataf"
    Warning (332126): Node "rings_inst|\genRings:95:oscRing|step[5]|combout"
    Warning (332126): Node "rings_inst|\genRings:95:oscRing|step[6]|dataf"
    Warning (332126): Node "rings_inst|\genRings:95:oscRing|step[6]|combout"
    Warning (332126): Node "rings_inst|\genRings:95:oscRing|step[7]|dataf"
    Warning (332126): Node "rings_inst|\genRings:95:oscRing|step[7]|combout"
    Warning (332126): Node "rings_inst|\genRings:95:oscRing|step[8]|dataf"
    Warning (332126): Node "rings_inst|\genRings:95:oscRing|step[8]|combout"
    Warning (332126): Node "rings_inst|\genRings:95:oscRing|step[9]|dataf"
    Warning (332126): Node "rings_inst|\genRings:95:oscRing|step[9]|combout"
    Warning (332126): Node "rings_inst|\genRings:95:oscRing|step[10]|dataf"
    Warning (332126): Node "rings_inst|\genRings:95:oscRing|step[10]|combout"
    Warning (332126): Node "rings_inst|\genRings:95:oscRing|step[11]|dataf"
    Warning (332126): Node "rings_inst|\genRings:95:oscRing|step[11]|combout"
    Warning (332126): Node "rings_inst|\genRings:95:oscRing|step[12]|dataf"
Warning (332125): Found combinational loop of 26 nodes File: C:/Users/15645380/ringOscilator/code/oscilatorRing.vhd Line: 13
    Warning (332126): Node "rings_inst|\genRings:99:oscRing|step[12]|combout"
    Warning (332126): Node "rings_inst|\genRings:99:oscRing|step[0]|dataf"
    Warning (332126): Node "rings_inst|\genRings:99:oscRing|step[0]|combout"
    Warning (332126): Node "rings_inst|\genRings:99:oscRing|step[1]|dataf"
    Warning (332126): Node "rings_inst|\genRings:99:oscRing|step[1]|combout"
    Warning (332126): Node "rings_inst|\genRings:99:oscRing|step[2]|dataf"
    Warning (332126): Node "rings_inst|\genRings:99:oscRing|step[2]|combout"
    Warning (332126): Node "rings_inst|\genRings:99:oscRing|step[3]|dataf"
    Warning (332126): Node "rings_inst|\genRings:99:oscRing|step[3]|combout"
    Warning (332126): Node "rings_inst|\genRings:99:oscRing|step[4]|dataf"
    Warning (332126): Node "rings_inst|\genRings:99:oscRing|step[4]|combout"
    Warning (332126): Node "rings_inst|\genRings:99:oscRing|step[5]|dataf"
    Warning (332126): Node "rings_inst|\genRings:99:oscRing|step[5]|combout"
    Warning (332126): Node "rings_inst|\genRings:99:oscRing|step[6]|dataf"
    Warning (332126): Node "rings_inst|\genRings:99:oscRing|step[6]|combout"
    Warning (332126): Node "rings_inst|\genRings:99:oscRing|step[7]|dataf"
    Warning (332126): Node "rings_inst|\genRings:99:oscRing|step[7]|combout"
    Warning (332126): Node "rings_inst|\genRings:99:oscRing|step[8]|datad"
    Warning (332126): Node "rings_inst|\genRings:99:oscRing|step[8]|combout"
    Warning (332126): Node "rings_inst|\genRings:99:oscRing|step[9]|dataf"
    Warning (332126): Node "rings_inst|\genRings:99:oscRing|step[9]|combout"
    Warning (332126): Node "rings_inst|\genRings:99:oscRing|step[10]|datad"
    Warning (332126): Node "rings_inst|\genRings:99:oscRing|step[10]|combout"
    Warning (332126): Node "rings_inst|\genRings:99:oscRing|step[11]|dataf"
    Warning (332126): Node "rings_inst|\genRings:99:oscRing|step[11]|combout"
    Warning (332126): Node "rings_inst|\genRings:99:oscRing|step[12]|dataf"
Warning (332125): Found combinational loop of 26 nodes File: C:/Users/15645380/ringOscilator/code/oscilatorRing.vhd Line: 13
    Warning (332126): Node "rings_inst|\genRings:97:oscRing|step[12]|combout"
    Warning (332126): Node "rings_inst|\genRings:97:oscRing|step[0]|dataf"
    Warning (332126): Node "rings_inst|\genRings:97:oscRing|step[0]|combout"
    Warning (332126): Node "rings_inst|\genRings:97:oscRing|step[1]|dataf"
    Warning (332126): Node "rings_inst|\genRings:97:oscRing|step[1]|combout"
    Warning (332126): Node "rings_inst|\genRings:97:oscRing|step[2]|dataf"
    Warning (332126): Node "rings_inst|\genRings:97:oscRing|step[2]|combout"
    Warning (332126): Node "rings_inst|\genRings:97:oscRing|step[3]|dataf"
    Warning (332126): Node "rings_inst|\genRings:97:oscRing|step[3]|combout"
    Warning (332126): Node "rings_inst|\genRings:97:oscRing|step[4]|dataf"
    Warning (332126): Node "rings_inst|\genRings:97:oscRing|step[4]|combout"
    Warning (332126): Node "rings_inst|\genRings:97:oscRing|step[5]|datad"
    Warning (332126): Node "rings_inst|\genRings:97:oscRing|step[5]|combout"
    Warning (332126): Node "rings_inst|\genRings:97:oscRing|step[6]|dataf"
    Warning (332126): Node "rings_inst|\genRings:97:oscRing|step[6]|combout"
    Warning (332126): Node "rings_inst|\genRings:97:oscRing|step[7]|datad"
    Warning (332126): Node "rings_inst|\genRings:97:oscRing|step[7]|combout"
    Warning (332126): Node "rings_inst|\genRings:97:oscRing|step[8]|dataf"
    Warning (332126): Node "rings_inst|\genRings:97:oscRing|step[8]|combout"
    Warning (332126): Node "rings_inst|\genRings:97:oscRing|step[9]|dataf"
    Warning (332126): Node "rings_inst|\genRings:97:oscRing|step[9]|combout"
    Warning (332126): Node "rings_inst|\genRings:97:oscRing|step[10]|dataf"
    Warning (332126): Node "rings_inst|\genRings:97:oscRing|step[10]|combout"
    Warning (332126): Node "rings_inst|\genRings:97:oscRing|step[11]|dataf"
    Warning (332126): Node "rings_inst|\genRings:97:oscRing|step[11]|combout"
    Warning (332126): Node "rings_inst|\genRings:97:oscRing|step[12]|dataf"
Warning (332125): Found combinational loop of 26 nodes File: C:/Users/15645380/ringOscilator/code/oscilatorRing.vhd Line: 13
    Warning (332126): Node "rings_inst|\genRings:94:oscRing|step[12]|combout"
    Warning (332126): Node "rings_inst|\genRings:94:oscRing|step[0]|dataf"
    Warning (332126): Node "rings_inst|\genRings:94:oscRing|step[0]|combout"
    Warning (332126): Node "rings_inst|\genRings:94:oscRing|step[1]|dataf"
    Warning (332126): Node "rings_inst|\genRings:94:oscRing|step[1]|combout"
    Warning (332126): Node "rings_inst|\genRings:94:oscRing|step[2]|dataf"
    Warning (332126): Node "rings_inst|\genRings:94:oscRing|step[2]|combout"
    Warning (332126): Node "rings_inst|\genRings:94:oscRing|step[3]|dataf"
    Warning (332126): Node "rings_inst|\genRings:94:oscRing|step[3]|combout"
    Warning (332126): Node "rings_inst|\genRings:94:oscRing|step[4]|dataf"
    Warning (332126): Node "rings_inst|\genRings:94:oscRing|step[4]|combout"
    Warning (332126): Node "rings_inst|\genRings:94:oscRing|step[5]|dataf"
    Warning (332126): Node "rings_inst|\genRings:94:oscRing|step[5]|combout"
    Warning (332126): Node "rings_inst|\genRings:94:oscRing|step[6]|dataf"
    Warning (332126): Node "rings_inst|\genRings:94:oscRing|step[6]|combout"
    Warning (332126): Node "rings_inst|\genRings:94:oscRing|step[7]|dataf"
    Warning (332126): Node "rings_inst|\genRings:94:oscRing|step[7]|combout"
    Warning (332126): Node "rings_inst|\genRings:94:oscRing|step[8]|datad"
    Warning (332126): Node "rings_inst|\genRings:94:oscRing|step[8]|combout"
    Warning (332126): Node "rings_inst|\genRings:94:oscRing|step[9]|dataf"
    Warning (332126): Node "rings_inst|\genRings:94:oscRing|step[9]|combout"
    Warning (332126): Node "rings_inst|\genRings:94:oscRing|step[10]|dataf"
    Warning (332126): Node "rings_inst|\genRings:94:oscRing|step[10]|combout"
    Warning (332126): Node "rings_inst|\genRings:94:oscRing|step[11]|dataf"
    Warning (332126): Node "rings_inst|\genRings:94:oscRing|step[11]|combout"
    Warning (332126): Node "rings_inst|\genRings:94:oscRing|step[12]|dataf"
Warning (332125): Found combinational loop of 26 nodes File: C:/Users/15645380/ringOscilator/code/oscilatorRing.vhd Line: 13
    Warning (332126): Node "rings_inst|\genRings:87:oscRing|step[12]|combout"
    Warning (332126): Node "rings_inst|\genRings:87:oscRing|step[0]|dataf"
    Warning (332126): Node "rings_inst|\genRings:87:oscRing|step[0]|combout"
    Warning (332126): Node "rings_inst|\genRings:87:oscRing|step[1]|dataf"
    Warning (332126): Node "rings_inst|\genRings:87:oscRing|step[1]|combout"
    Warning (332126): Node "rings_inst|\genRings:87:oscRing|step[2]|dataf"
    Warning (332126): Node "rings_inst|\genRings:87:oscRing|step[2]|combout"
    Warning (332126): Node "rings_inst|\genRings:87:oscRing|step[3]|dataf"
    Warning (332126): Node "rings_inst|\genRings:87:oscRing|step[3]|combout"
    Warning (332126): Node "rings_inst|\genRings:87:oscRing|step[4]|dataf"
    Warning (332126): Node "rings_inst|\genRings:87:oscRing|step[4]|combout"
    Warning (332126): Node "rings_inst|\genRings:87:oscRing|step[5]|dataf"
    Warning (332126): Node "rings_inst|\genRings:87:oscRing|step[5]|combout"
    Warning (332126): Node "rings_inst|\genRings:87:oscRing|step[6]|datad"
    Warning (332126): Node "rings_inst|\genRings:87:oscRing|step[6]|combout"
    Warning (332126): Node "rings_inst|\genRings:87:oscRing|step[7]|dataf"
    Warning (332126): Node "rings_inst|\genRings:87:oscRing|step[7]|combout"
    Warning (332126): Node "rings_inst|\genRings:87:oscRing|step[8]|dataf"
    Warning (332126): Node "rings_inst|\genRings:87:oscRing|step[8]|combout"
    Warning (332126): Node "rings_inst|\genRings:87:oscRing|step[9]|datad"
    Warning (332126): Node "rings_inst|\genRings:87:oscRing|step[9]|combout"
    Warning (332126): Node "rings_inst|\genRings:87:oscRing|step[10]|dataf"
    Warning (332126): Node "rings_inst|\genRings:87:oscRing|step[10]|combout"
    Warning (332126): Node "rings_inst|\genRings:87:oscRing|step[11]|dataf"
    Warning (332126): Node "rings_inst|\genRings:87:oscRing|step[11]|combout"
    Warning (332126): Node "rings_inst|\genRings:87:oscRing|step[12]|datad"
Warning (332125): Found combinational loop of 26 nodes File: C:/Users/15645380/ringOscilator/code/oscilatorRing.vhd Line: 13
    Warning (332126): Node "rings_inst|\genRings:83:oscRing|step[12]|combout"
    Warning (332126): Node "rings_inst|\genRings:83:oscRing|step[0]|dataf"
    Warning (332126): Node "rings_inst|\genRings:83:oscRing|step[0]|combout"
    Warning (332126): Node "rings_inst|\genRings:83:oscRing|step[1]|dataf"
    Warning (332126): Node "rings_inst|\genRings:83:oscRing|step[1]|combout"
    Warning (332126): Node "rings_inst|\genRings:83:oscRing|step[2]|datad"
    Warning (332126): Node "rings_inst|\genRings:83:oscRing|step[2]|combout"
    Warning (332126): Node "rings_inst|\genRings:83:oscRing|step[3]|dataf"
    Warning (332126): Node "rings_inst|\genRings:83:oscRing|step[3]|combout"
    Warning (332126): Node "rings_inst|\genRings:83:oscRing|step[4]|dataf"
    Warning (332126): Node "rings_inst|\genRings:83:oscRing|step[4]|combout"
    Warning (332126): Node "rings_inst|\genRings:83:oscRing|step[5]|dataf"
    Warning (332126): Node "rings_inst|\genRings:83:oscRing|step[5]|combout"
    Warning (332126): Node "rings_inst|\genRings:83:oscRing|step[6]|datad"
    Warning (332126): Node "rings_inst|\genRings:83:oscRing|step[6]|combout"
    Warning (332126): Node "rings_inst|\genRings:83:oscRing|step[7]|dataf"
    Warning (332126): Node "rings_inst|\genRings:83:oscRing|step[7]|combout"
    Warning (332126): Node "rings_inst|\genRings:83:oscRing|step[8]|datad"
    Warning (332126): Node "rings_inst|\genRings:83:oscRing|step[8]|combout"
    Warning (332126): Node "rings_inst|\genRings:83:oscRing|step[9]|dataf"
    Warning (332126): Node "rings_inst|\genRings:83:oscRing|step[9]|combout"
    Warning (332126): Node "rings_inst|\genRings:83:oscRing|step[10]|dataf"
    Warning (332126): Node "rings_inst|\genRings:83:oscRing|step[10]|combout"
    Warning (332126): Node "rings_inst|\genRings:83:oscRing|step[11]|dataf"
    Warning (332126): Node "rings_inst|\genRings:83:oscRing|step[11]|combout"
    Warning (332126): Node "rings_inst|\genRings:83:oscRing|step[12]|dataf"
Warning (332125): Found combinational loop of 26 nodes File: C:/Users/15645380/ringOscilator/code/oscilatorRing.vhd Line: 13
    Warning (332126): Node "rings_inst|\genRings:86:oscRing|step[12]|combout"
    Warning (332126): Node "rings_inst|\genRings:86:oscRing|step[0]|dataf"
    Warning (332126): Node "rings_inst|\genRings:86:oscRing|step[0]|combout"
    Warning (332126): Node "rings_inst|\genRings:86:oscRing|step[1]|dataf"
    Warning (332126): Node "rings_inst|\genRings:86:oscRing|step[1]|combout"
    Warning (332126): Node "rings_inst|\genRings:86:oscRing|step[2]|dataf"
    Warning (332126): Node "rings_inst|\genRings:86:oscRing|step[2]|combout"
    Warning (332126): Node "rings_inst|\genRings:86:oscRing|step[3]|dataf"
    Warning (332126): Node "rings_inst|\genRings:86:oscRing|step[3]|combout"
    Warning (332126): Node "rings_inst|\genRings:86:oscRing|step[4]|dataf"
    Warning (332126): Node "rings_inst|\genRings:86:oscRing|step[4]|combout"
    Warning (332126): Node "rings_inst|\genRings:86:oscRing|step[5]|dataf"
    Warning (332126): Node "rings_inst|\genRings:86:oscRing|step[5]|combout"
    Warning (332126): Node "rings_inst|\genRings:86:oscRing|step[6]|dataf"
    Warning (332126): Node "rings_inst|\genRings:86:oscRing|step[6]|combout"
    Warning (332126): Node "rings_inst|\genRings:86:oscRing|step[7]|dataf"
    Warning (332126): Node "rings_inst|\genRings:86:oscRing|step[7]|combout"
    Warning (332126): Node "rings_inst|\genRings:86:oscRing|step[8]|dataf"
    Warning (332126): Node "rings_inst|\genRings:86:oscRing|step[8]|combout"
    Warning (332126): Node "rings_inst|\genRings:86:oscRing|step[9]|dataf"
    Warning (332126): Node "rings_inst|\genRings:86:oscRing|step[9]|combout"
    Warning (332126): Node "rings_inst|\genRings:86:oscRing|step[10]|dataf"
    Warning (332126): Node "rings_inst|\genRings:86:oscRing|step[10]|combout"
    Warning (332126): Node "rings_inst|\genRings:86:oscRing|step[11]|dataf"
    Warning (332126): Node "rings_inst|\genRings:86:oscRing|step[11]|combout"
    Warning (332126): Node "rings_inst|\genRings:86:oscRing|step[12]|dataf"
Warning (332125): Found combinational loop of 26 nodes File: C:/Users/15645380/ringOscilator/code/oscilatorRing.vhd Line: 13
    Warning (332126): Node "rings_inst|\genRings:88:oscRing|step[12]|combout"
    Warning (332126): Node "rings_inst|\genRings:88:oscRing|step[0]|dataf"
    Warning (332126): Node "rings_inst|\genRings:88:oscRing|step[0]|combout"
    Warning (332126): Node "rings_inst|\genRings:88:oscRing|step[1]|dataf"
    Warning (332126): Node "rings_inst|\genRings:88:oscRing|step[1]|combout"
    Warning (332126): Node "rings_inst|\genRings:88:oscRing|step[2]|datad"
    Warning (332126): Node "rings_inst|\genRings:88:oscRing|step[2]|combout"
    Warning (332126): Node "rings_inst|\genRings:88:oscRing|step[3]|dataf"
    Warning (332126): Node "rings_inst|\genRings:88:oscRing|step[3]|combout"
    Warning (332126): Node "rings_inst|\genRings:88:oscRing|step[4]|dataf"
    Warning (332126): Node "rings_inst|\genRings:88:oscRing|step[4]|combout"
    Warning (332126): Node "rings_inst|\genRings:88:oscRing|step[5]|dataf"
    Warning (332126): Node "rings_inst|\genRings:88:oscRing|step[5]|combout"
    Warning (332126): Node "rings_inst|\genRings:88:oscRing|step[6]|dataf"
    Warning (332126): Node "rings_inst|\genRings:88:oscRing|step[6]|combout"
    Warning (332126): Node "rings_inst|\genRings:88:oscRing|step[7]|datad"
    Warning (332126): Node "rings_inst|\genRings:88:oscRing|step[7]|combout"
    Warning (332126): Node "rings_inst|\genRings:88:oscRing|step[8]|dataf"
    Warning (332126): Node "rings_inst|\genRings:88:oscRing|step[8]|combout"
    Warning (332126): Node "rings_inst|\genRings:88:oscRing|step[9]|dataf"
    Warning (332126): Node "rings_inst|\genRings:88:oscRing|step[9]|combout"
    Warning (332126): Node "rings_inst|\genRings:88:oscRing|step[10]|dataf"
    Warning (332126): Node "rings_inst|\genRings:88:oscRing|step[10]|combout"
    Warning (332126): Node "rings_inst|\genRings:88:oscRing|step[11]|dataf"
    Warning (332126): Node "rings_inst|\genRings:88:oscRing|step[11]|combout"
    Warning (332126): Node "rings_inst|\genRings:88:oscRing|step[12]|dataf"
Warning (332125): Found combinational loop of 26 nodes File: C:/Users/15645380/ringOscilator/code/oscilatorRing.vhd Line: 13
    Warning (332126): Node "rings_inst|\genRings:85:oscRing|step[12]|combout"
    Warning (332126): Node "rings_inst|\genRings:85:oscRing|step[0]|datad"
    Warning (332126): Node "rings_inst|\genRings:85:oscRing|step[0]|combout"
    Warning (332126): Node "rings_inst|\genRings:85:oscRing|step[1]|dataf"
    Warning (332126): Node "rings_inst|\genRings:85:oscRing|step[1]|combout"
    Warning (332126): Node "rings_inst|\genRings:85:oscRing|step[2]|dataf"
    Warning (332126): Node "rings_inst|\genRings:85:oscRing|step[2]|combout"
    Warning (332126): Node "rings_inst|\genRings:85:oscRing|step[3]|dataf"
    Warning (332126): Node "rings_inst|\genRings:85:oscRing|step[3]|combout"
    Warning (332126): Node "rings_inst|\genRings:85:oscRing|step[4]|dataf"
    Warning (332126): Node "rings_inst|\genRings:85:oscRing|step[4]|combout"
    Warning (332126): Node "rings_inst|\genRings:85:oscRing|step[5]|dataf"
    Warning (332126): Node "rings_inst|\genRings:85:oscRing|step[5]|combout"
    Warning (332126): Node "rings_inst|\genRings:85:oscRing|step[6]|dataf"
    Warning (332126): Node "rings_inst|\genRings:85:oscRing|step[6]|combout"
    Warning (332126): Node "rings_inst|\genRings:85:oscRing|step[7]|datad"
    Warning (332126): Node "rings_inst|\genRings:85:oscRing|step[7]|combout"
    Warning (332126): Node "rings_inst|\genRings:85:oscRing|step[8]|dataf"
    Warning (332126): Node "rings_inst|\genRings:85:oscRing|step[8]|combout"
    Warning (332126): Node "rings_inst|\genRings:85:oscRing|step[9]|dataf"
    Warning (332126): Node "rings_inst|\genRings:85:oscRing|step[9]|combout"
    Warning (332126): Node "rings_inst|\genRings:85:oscRing|step[10]|dataf"
    Warning (332126): Node "rings_inst|\genRings:85:oscRing|step[10]|combout"
    Warning (332126): Node "rings_inst|\genRings:85:oscRing|step[11]|dataf"
    Warning (332126): Node "rings_inst|\genRings:85:oscRing|step[11]|combout"
    Warning (332126): Node "rings_inst|\genRings:85:oscRing|step[12]|dataf"
Warning (332125): Found combinational loop of 26 nodes File: C:/Users/15645380/ringOscilator/code/oscilatorRing.vhd Line: 13
    Warning (332126): Node "rings_inst|\genRings:84:oscRing|step[12]|combout"
    Warning (332126): Node "rings_inst|\genRings:84:oscRing|step[0]|datad"
    Warning (332126): Node "rings_inst|\genRings:84:oscRing|step[0]|combout"
    Warning (332126): Node "rings_inst|\genRings:84:oscRing|step[1]|dataf"
    Warning (332126): Node "rings_inst|\genRings:84:oscRing|step[1]|combout"
    Warning (332126): Node "rings_inst|\genRings:84:oscRing|step[2]|dataf"
    Warning (332126): Node "rings_inst|\genRings:84:oscRing|step[2]|combout"
    Warning (332126): Node "rings_inst|\genRings:84:oscRing|step[3]|dataf"
    Warning (332126): Node "rings_inst|\genRings:84:oscRing|step[3]|combout"
    Warning (332126): Node "rings_inst|\genRings:84:oscRing|step[4]|dataf"
    Warning (332126): Node "rings_inst|\genRings:84:oscRing|step[4]|combout"
    Warning (332126): Node "rings_inst|\genRings:84:oscRing|step[5]|datad"
    Warning (332126): Node "rings_inst|\genRings:84:oscRing|step[5]|combout"
    Warning (332126): Node "rings_inst|\genRings:84:oscRing|step[6]|dataf"
    Warning (332126): Node "rings_inst|\genRings:84:oscRing|step[6]|combout"
    Warning (332126): Node "rings_inst|\genRings:84:oscRing|step[7]|dataf"
    Warning (332126): Node "rings_inst|\genRings:84:oscRing|step[7]|combout"
    Warning (332126): Node "rings_inst|\genRings:84:oscRing|step[8]|dataf"
    Warning (332126): Node "rings_inst|\genRings:84:oscRing|step[8]|combout"
    Warning (332126): Node "rings_inst|\genRings:84:oscRing|step[9]|dataf"
    Warning (332126): Node "rings_inst|\genRings:84:oscRing|step[9]|combout"
    Warning (332126): Node "rings_inst|\genRings:84:oscRing|step[10]|dataf"
    Warning (332126): Node "rings_inst|\genRings:84:oscRing|step[10]|combout"
    Warning (332126): Node "rings_inst|\genRings:84:oscRing|step[11]|dataf"
    Warning (332126): Node "rings_inst|\genRings:84:oscRing|step[11]|combout"
    Warning (332126): Node "rings_inst|\genRings:84:oscRing|step[12]|dataf"
Warning (332125): Found combinational loop of 26 nodes File: C:/Users/15645380/ringOscilator/code/oscilatorRing.vhd Line: 13
    Warning (332126): Node "rings_inst|\genRings:112:oscRing|step[12]|combout"
    Warning (332126): Node "rings_inst|\genRings:112:oscRing|step[0]|dataf"
    Warning (332126): Node "rings_inst|\genRings:112:oscRing|step[0]|combout"
    Warning (332126): Node "rings_inst|\genRings:112:oscRing|step[1]|dataf"
    Warning (332126): Node "rings_inst|\genRings:112:oscRing|step[1]|combout"
    Warning (332126): Node "rings_inst|\genRings:112:oscRing|step[2]|dataf"
    Warning (332126): Node "rings_inst|\genRings:112:oscRing|step[2]|combout"
    Warning (332126): Node "rings_inst|\genRings:112:oscRing|step[3]|dataf"
    Warning (332126): Node "rings_inst|\genRings:112:oscRing|step[3]|combout"
    Warning (332126): Node "rings_inst|\genRings:112:oscRing|step[4]|dataf"
    Warning (332126): Node "rings_inst|\genRings:112:oscRing|step[4]|combout"
    Warning (332126): Node "rings_inst|\genRings:112:oscRing|step[5]|dataf"
    Warning (332126): Node "rings_inst|\genRings:112:oscRing|step[5]|combout"
    Warning (332126): Node "rings_inst|\genRings:112:oscRing|step[6]|dataf"
    Warning (332126): Node "rings_inst|\genRings:112:oscRing|step[6]|combout"
    Warning (332126): Node "rings_inst|\genRings:112:oscRing|step[7]|dataf"
    Warning (332126): Node "rings_inst|\genRings:112:oscRing|step[7]|combout"
    Warning (332126): Node "rings_inst|\genRings:112:oscRing|step[8]|dataf"
    Warning (332126): Node "rings_inst|\genRings:112:oscRing|step[8]|combout"
    Warning (332126): Node "rings_inst|\genRings:112:oscRing|step[9]|dataf"
    Warning (332126): Node "rings_inst|\genRings:112:oscRing|step[9]|combout"
    Warning (332126): Node "rings_inst|\genRings:112:oscRing|step[10]|datad"
    Warning (332126): Node "rings_inst|\genRings:112:oscRing|step[10]|combout"
    Warning (332126): Node "rings_inst|\genRings:112:oscRing|step[11]|datad"
    Warning (332126): Node "rings_inst|\genRings:112:oscRing|step[11]|combout"
    Warning (332126): Node "rings_inst|\genRings:112:oscRing|step[12]|dataf"
Warning (332125): Found combinational loop of 26 nodes File: C:/Users/15645380/ringOscilator/code/oscilatorRing.vhd Line: 13
    Warning (332126): Node "rings_inst|\genRings:110:oscRing|step[12]|combout"
    Warning (332126): Node "rings_inst|\genRings:110:oscRing|step[0]|dataf"
    Warning (332126): Node "rings_inst|\genRings:110:oscRing|step[0]|combout"
    Warning (332126): Node "rings_inst|\genRings:110:oscRing|step[1]|dataf"
    Warning (332126): Node "rings_inst|\genRings:110:oscRing|step[1]|combout"
    Warning (332126): Node "rings_inst|\genRings:110:oscRing|step[2]|dataf"
    Warning (332126): Node "rings_inst|\genRings:110:oscRing|step[2]|combout"
    Warning (332126): Node "rings_inst|\genRings:110:oscRing|step[3]|dataf"
    Warning (332126): Node "rings_inst|\genRings:110:oscRing|step[3]|combout"
    Warning (332126): Node "rings_inst|\genRings:110:oscRing|step[4]|dataf"
    Warning (332126): Node "rings_inst|\genRings:110:oscRing|step[4]|combout"
    Warning (332126): Node "rings_inst|\genRings:110:oscRing|step[5]|dataf"
    Warning (332126): Node "rings_inst|\genRings:110:oscRing|step[5]|combout"
    Warning (332126): Node "rings_inst|\genRings:110:oscRing|step[6]|datad"
    Warning (332126): Node "rings_inst|\genRings:110:oscRing|step[6]|combout"
    Warning (332126): Node "rings_inst|\genRings:110:oscRing|step[7]|dataf"
    Warning (332126): Node "rings_inst|\genRings:110:oscRing|step[7]|combout"
    Warning (332126): Node "rings_inst|\genRings:110:oscRing|step[8]|dataf"
    Warning (332126): Node "rings_inst|\genRings:110:oscRing|step[8]|combout"
    Warning (332126): Node "rings_inst|\genRings:110:oscRing|step[9]|dataf"
    Warning (332126): Node "rings_inst|\genRings:110:oscRing|step[9]|combout"
    Warning (332126): Node "rings_inst|\genRings:110:oscRing|step[10]|dataf"
    Warning (332126): Node "rings_inst|\genRings:110:oscRing|step[10]|combout"
    Warning (332126): Node "rings_inst|\genRings:110:oscRing|step[11]|dataf"
    Warning (332126): Node "rings_inst|\genRings:110:oscRing|step[11]|combout"
    Warning (332126): Node "rings_inst|\genRings:110:oscRing|step[12]|datad"
Warning (332125): Found combinational loop of 26 nodes File: C:/Users/15645380/ringOscilator/code/oscilatorRing.vhd Line: 13
    Warning (332126): Node "rings_inst|\genRings:113:oscRing|step[12]|combout"
    Warning (332126): Node "rings_inst|\genRings:113:oscRing|step[0]|datad"
    Warning (332126): Node "rings_inst|\genRings:113:oscRing|step[0]|combout"
    Warning (332126): Node "rings_inst|\genRings:113:oscRing|step[1]|dataf"
    Warning (332126): Node "rings_inst|\genRings:113:oscRing|step[1]|combout"
    Warning (332126): Node "rings_inst|\genRings:113:oscRing|step[2]|dataf"
    Warning (332126): Node "rings_inst|\genRings:113:oscRing|step[2]|combout"
    Warning (332126): Node "rings_inst|\genRings:113:oscRing|step[3]|dataf"
    Warning (332126): Node "rings_inst|\genRings:113:oscRing|step[3]|combout"
    Warning (332126): Node "rings_inst|\genRings:113:oscRing|step[4]|dataf"
    Warning (332126): Node "rings_inst|\genRings:113:oscRing|step[4]|combout"
    Warning (332126): Node "rings_inst|\genRings:113:oscRing|step[5]|dataf"
    Warning (332126): Node "rings_inst|\genRings:113:oscRing|step[5]|combout"
    Warning (332126): Node "rings_inst|\genRings:113:oscRing|step[6]|dataf"
    Warning (332126): Node "rings_inst|\genRings:113:oscRing|step[6]|combout"
    Warning (332126): Node "rings_inst|\genRings:113:oscRing|step[7]|dataf"
    Warning (332126): Node "rings_inst|\genRings:113:oscRing|step[7]|combout"
    Warning (332126): Node "rings_inst|\genRings:113:oscRing|step[8]|dataf"
    Warning (332126): Node "rings_inst|\genRings:113:oscRing|step[8]|combout"
    Warning (332126): Node "rings_inst|\genRings:113:oscRing|step[9]|dataf"
    Warning (332126): Node "rings_inst|\genRings:113:oscRing|step[9]|combout"
    Warning (332126): Node "rings_inst|\genRings:113:oscRing|step[10]|datad"
    Warning (332126): Node "rings_inst|\genRings:113:oscRing|step[10]|combout"
    Warning (332126): Node "rings_inst|\genRings:113:oscRing|step[11]|datad"
    Warning (332126): Node "rings_inst|\genRings:113:oscRing|step[11]|combout"
    Warning (332126): Node "rings_inst|\genRings:113:oscRing|step[12]|datad"
Warning (332125): Found combinational loop of 26 nodes File: C:/Users/15645380/ringOscilator/code/oscilatorRing.vhd Line: 13
    Warning (332126): Node "rings_inst|\genRings:106:oscRing|step[12]|combout"
    Warning (332126): Node "rings_inst|\genRings:106:oscRing|step[0]|datad"
    Warning (332126): Node "rings_inst|\genRings:106:oscRing|step[0]|combout"
    Warning (332126): Node "rings_inst|\genRings:106:oscRing|step[1]|datad"
    Warning (332126): Node "rings_inst|\genRings:106:oscRing|step[1]|combout"
    Warning (332126): Node "rings_inst|\genRings:106:oscRing|step[2]|dataf"
    Warning (332126): Node "rings_inst|\genRings:106:oscRing|step[2]|combout"
    Warning (332126): Node "rings_inst|\genRings:106:oscRing|step[3]|dataf"
    Warning (332126): Node "rings_inst|\genRings:106:oscRing|step[3]|combout"
    Warning (332126): Node "rings_inst|\genRings:106:oscRing|step[4]|dataf"
    Warning (332126): Node "rings_inst|\genRings:106:oscRing|step[4]|combout"
    Warning (332126): Node "rings_inst|\genRings:106:oscRing|step[5]|dataf"
    Warning (332126): Node "rings_inst|\genRings:106:oscRing|step[5]|combout"
    Warning (332126): Node "rings_inst|\genRings:106:oscRing|step[6]|dataf"
    Warning (332126): Node "rings_inst|\genRings:106:oscRing|step[6]|combout"
    Warning (332126): Node "rings_inst|\genRings:106:oscRing|step[7]|dataf"
    Warning (332126): Node "rings_inst|\genRings:106:oscRing|step[7]|combout"
    Warning (332126): Node "rings_inst|\genRings:106:oscRing|step[8]|dataf"
    Warning (332126): Node "rings_inst|\genRings:106:oscRing|step[8]|combout"
    Warning (332126): Node "rings_inst|\genRings:106:oscRing|step[9]|dataf"
    Warning (332126): Node "rings_inst|\genRings:106:oscRing|step[9]|combout"
    Warning (332126): Node "rings_inst|\genRings:106:oscRing|step[10]|dataf"
    Warning (332126): Node "rings_inst|\genRings:106:oscRing|step[10]|combout"
    Warning (332126): Node "rings_inst|\genRings:106:oscRing|step[11]|dataf"
    Warning (332126): Node "rings_inst|\genRings:106:oscRing|step[11]|combout"
    Warning (332126): Node "rings_inst|\genRings:106:oscRing|step[12]|datad"
Warning (332125): Found combinational loop of 26 nodes File: C:/Users/15645380/ringOscilator/code/oscilatorRing.vhd Line: 13
    Warning (332126): Node "rings_inst|\genRings:102:oscRing|step[12]|combout"
    Warning (332126): Node "rings_inst|\genRings:102:oscRing|step[0]|dataf"
    Warning (332126): Node "rings_inst|\genRings:102:oscRing|step[0]|combout"
    Warning (332126): Node "rings_inst|\genRings:102:oscRing|step[1]|dataf"
    Warning (332126): Node "rings_inst|\genRings:102:oscRing|step[1]|combout"
    Warning (332126): Node "rings_inst|\genRings:102:oscRing|step[2]|dataf"
    Warning (332126): Node "rings_inst|\genRings:102:oscRing|step[2]|combout"
    Warning (332126): Node "rings_inst|\genRings:102:oscRing|step[3]|dataf"
    Warning (332126): Node "rings_inst|\genRings:102:oscRing|step[3]|combout"
    Warning (332126): Node "rings_inst|\genRings:102:oscRing|step[4]|dataf"
    Warning (332126): Node "rings_inst|\genRings:102:oscRing|step[4]|combout"
    Warning (332126): Node "rings_inst|\genRings:102:oscRing|step[5]|dataf"
    Warning (332126): Node "rings_inst|\genRings:102:oscRing|step[5]|combout"
    Warning (332126): Node "rings_inst|\genRings:102:oscRing|step[6]|dataf"
    Warning (332126): Node "rings_inst|\genRings:102:oscRing|step[6]|combout"
    Warning (332126): Node "rings_inst|\genRings:102:oscRing|step[7]|datae"
    Warning (332126): Node "rings_inst|\genRings:102:oscRing|step[7]|combout"
    Warning (332126): Node "rings_inst|\genRings:102:oscRing|step[8]|dataf"
    Warning (332126): Node "rings_inst|\genRings:102:oscRing|step[8]|combout"
    Warning (332126): Node "rings_inst|\genRings:102:oscRing|step[9]|dataf"
    Warning (332126): Node "rings_inst|\genRings:102:oscRing|step[9]|combout"
    Warning (332126): Node "rings_inst|\genRings:102:oscRing|step[10]|dataf"
    Warning (332126): Node "rings_inst|\genRings:102:oscRing|step[10]|combout"
    Warning (332126): Node "rings_inst|\genRings:102:oscRing|step[11]|dataf"
    Warning (332126): Node "rings_inst|\genRings:102:oscRing|step[11]|combout"
    Warning (332126): Node "rings_inst|\genRings:102:oscRing|step[12]|dataf"
Warning (332125): Found combinational loop of 26 nodes File: C:/Users/15645380/ringOscilator/code/oscilatorRing.vhd Line: 13
    Warning (332126): Node "rings_inst|\genRings:101:oscRing|step[12]|combout"
    Warning (332126): Node "rings_inst|\genRings:101:oscRing|step[0]|datad"
    Warning (332126): Node "rings_inst|\genRings:101:oscRing|step[0]|combout"
    Warning (332126): Node "rings_inst|\genRings:101:oscRing|step[1]|dataf"
    Warning (332126): Node "rings_inst|\genRings:101:oscRing|step[1]|combout"
    Warning (332126): Node "rings_inst|\genRings:101:oscRing|step[2]|dataf"
    Warning (332126): Node "rings_inst|\genRings:101:oscRing|step[2]|combout"
    Warning (332126): Node "rings_inst|\genRings:101:oscRing|step[3]|dataf"
    Warning (332126): Node "rings_inst|\genRings:101:oscRing|step[3]|combout"
    Warning (332126): Node "rings_inst|\genRings:101:oscRing|step[4]|dataf"
    Warning (332126): Node "rings_inst|\genRings:101:oscRing|step[4]|combout"
    Warning (332126): Node "rings_inst|\genRings:101:oscRing|step[5]|dataf"
    Warning (332126): Node "rings_inst|\genRings:101:oscRing|step[5]|combout"
    Warning (332126): Node "rings_inst|\genRings:101:oscRing|step[6]|dataf"
    Warning (332126): Node "rings_inst|\genRings:101:oscRing|step[6]|combout"
    Warning (332126): Node "rings_inst|\genRings:101:oscRing|step[7]|dataf"
    Warning (332126): Node "rings_inst|\genRings:101:oscRing|step[7]|combout"
    Warning (332126): Node "rings_inst|\genRings:101:oscRing|step[8]|dataf"
    Warning (332126): Node "rings_inst|\genRings:101:oscRing|step[8]|combout"
    Warning (332126): Node "rings_inst|\genRings:101:oscRing|step[9]|dataf"
    Warning (332126): Node "rings_inst|\genRings:101:oscRing|step[9]|combout"
    Warning (332126): Node "rings_inst|\genRings:101:oscRing|step[10]|datad"
    Warning (332126): Node "rings_inst|\genRings:101:oscRing|step[10]|combout"
    Warning (332126): Node "rings_inst|\genRings:101:oscRing|step[11]|dataf"
    Warning (332126): Node "rings_inst|\genRings:101:oscRing|step[11]|combout"
    Warning (332126): Node "rings_inst|\genRings:101:oscRing|step[12]|dataf"
Warning (332125): Found combinational loop of 26 nodes File: C:/Users/15645380/ringOscilator/code/oscilatorRing.vhd Line: 13
    Warning (332126): Node "rings_inst|\genRings:104:oscRing|step[12]|combout"
    Warning (332126): Node "rings_inst|\genRings:104:oscRing|step[0]|datad"
    Warning (332126): Node "rings_inst|\genRings:104:oscRing|step[0]|combout"
    Warning (332126): Node "rings_inst|\genRings:104:oscRing|step[1]|datad"
    Warning (332126): Node "rings_inst|\genRings:104:oscRing|step[1]|combout"
    Warning (332126): Node "rings_inst|\genRings:104:oscRing|step[2]|dataf"
    Warning (332126): Node "rings_inst|\genRings:104:oscRing|step[2]|combout"
    Warning (332126): Node "rings_inst|\genRings:104:oscRing|step[3]|dataf"
    Warning (332126): Node "rings_inst|\genRings:104:oscRing|step[3]|combout"
    Warning (332126): Node "rings_inst|\genRings:104:oscRing|step[4]|datad"
    Warning (332126): Node "rings_inst|\genRings:104:oscRing|step[4]|combout"
    Warning (332126): Node "rings_inst|\genRings:104:oscRing|step[5]|dataf"
    Warning (332126): Node "rings_inst|\genRings:104:oscRing|step[5]|combout"
    Warning (332126): Node "rings_inst|\genRings:104:oscRing|step[6]|dataf"
    Warning (332126): Node "rings_inst|\genRings:104:oscRing|step[6]|combout"
    Warning (332126): Node "rings_inst|\genRings:104:oscRing|step[7]|dataf"
    Warning (332126): Node "rings_inst|\genRings:104:oscRing|step[7]|combout"
    Warning (332126): Node "rings_inst|\genRings:104:oscRing|step[8]|dataf"
    Warning (332126): Node "rings_inst|\genRings:104:oscRing|step[8]|combout"
    Warning (332126): Node "rings_inst|\genRings:104:oscRing|step[9]|dataf"
    Warning (332126): Node "rings_inst|\genRings:104:oscRing|step[9]|combout"
    Warning (332126): Node "rings_inst|\genRings:104:oscRing|step[10]|dataf"
    Warning (332126): Node "rings_inst|\genRings:104:oscRing|step[10]|combout"
    Warning (332126): Node "rings_inst|\genRings:104:oscRing|step[11]|dataf"
    Warning (332126): Node "rings_inst|\genRings:104:oscRing|step[11]|combout"
    Warning (332126): Node "rings_inst|\genRings:104:oscRing|step[12]|dataf"
Warning (332125): Found combinational loop of 26 nodes File: C:/Users/15645380/ringOscilator/code/oscilatorRing.vhd Line: 13
    Warning (332126): Node "rings_inst|\genRings:103:oscRing|step[12]|combout"
    Warning (332126): Node "rings_inst|\genRings:103:oscRing|step[0]|dataf"
    Warning (332126): Node "rings_inst|\genRings:103:oscRing|step[0]|combout"
    Warning (332126): Node "rings_inst|\genRings:103:oscRing|step[1]|dataf"
    Warning (332126): Node "rings_inst|\genRings:103:oscRing|step[1]|combout"
    Warning (332126): Node "rings_inst|\genRings:103:oscRing|step[2]|dataf"
    Warning (332126): Node "rings_inst|\genRings:103:oscRing|step[2]|combout"
    Warning (332126): Node "rings_inst|\genRings:103:oscRing|step[3]|dataf"
    Warning (332126): Node "rings_inst|\genRings:103:oscRing|step[3]|combout"
    Warning (332126): Node "rings_inst|\genRings:103:oscRing|step[4]|dataf"
    Warning (332126): Node "rings_inst|\genRings:103:oscRing|step[4]|combout"
    Warning (332126): Node "rings_inst|\genRings:103:oscRing|step[5]|dataf"
    Warning (332126): Node "rings_inst|\genRings:103:oscRing|step[5]|combout"
    Warning (332126): Node "rings_inst|\genRings:103:oscRing|step[6]|datad"
    Warning (332126): Node "rings_inst|\genRings:103:oscRing|step[6]|combout"
    Warning (332126): Node "rings_inst|\genRings:103:oscRing|step[7]|dataf"
    Warning (332126): Node "rings_inst|\genRings:103:oscRing|step[7]|combout"
    Warning (332126): Node "rings_inst|\genRings:103:oscRing|step[8]|dataf"
    Warning (332126): Node "rings_inst|\genRings:103:oscRing|step[8]|combout"
    Warning (332126): Node "rings_inst|\genRings:103:oscRing|step[9]|dataf"
    Warning (332126): Node "rings_inst|\genRings:103:oscRing|step[9]|combout"
    Warning (332126): Node "rings_inst|\genRings:103:oscRing|step[10]|dataf"
    Warning (332126): Node "rings_inst|\genRings:103:oscRing|step[10]|combout"
    Warning (332126): Node "rings_inst|\genRings:103:oscRing|step[11]|dataf"
    Warning (332126): Node "rings_inst|\genRings:103:oscRing|step[11]|combout"
    Warning (332126): Node "rings_inst|\genRings:103:oscRing|step[12]|dataf"
Warning (332125): Found combinational loop of 26 nodes File: C:/Users/15645380/ringOscilator/code/oscilatorRing.vhd Line: 13
    Warning (332126): Node "rings_inst|\genRings:108:oscRing|step[12]|combout"
    Warning (332126): Node "rings_inst|\genRings:108:oscRing|step[0]|dataf"
    Warning (332126): Node "rings_inst|\genRings:108:oscRing|step[0]|combout"
    Warning (332126): Node "rings_inst|\genRings:108:oscRing|step[1]|datad"
    Warning (332126): Node "rings_inst|\genRings:108:oscRing|step[1]|combout"
    Warning (332126): Node "rings_inst|\genRings:108:oscRing|step[2]|dataf"
    Warning (332126): Node "rings_inst|\genRings:108:oscRing|step[2]|combout"
    Warning (332126): Node "rings_inst|\genRings:108:oscRing|step[3]|dataf"
    Warning (332126): Node "rings_inst|\genRings:108:oscRing|step[3]|combout"
    Warning (332126): Node "rings_inst|\genRings:108:oscRing|step[4]|dataf"
    Warning (332126): Node "rings_inst|\genRings:108:oscRing|step[4]|combout"
    Warning (332126): Node "rings_inst|\genRings:108:oscRing|step[5]|dataf"
    Warning (332126): Node "rings_inst|\genRings:108:oscRing|step[5]|combout"
    Warning (332126): Node "rings_inst|\genRings:108:oscRing|step[6]|dataf"
    Warning (332126): Node "rings_inst|\genRings:108:oscRing|step[6]|combout"
    Warning (332126): Node "rings_inst|\genRings:108:oscRing|step[7]|dataf"
    Warning (332126): Node "rings_inst|\genRings:108:oscRing|step[7]|combout"
    Warning (332126): Node "rings_inst|\genRings:108:oscRing|step[8]|dataf"
    Warning (332126): Node "rings_inst|\genRings:108:oscRing|step[8]|combout"
    Warning (332126): Node "rings_inst|\genRings:108:oscRing|step[9]|dataf"
    Warning (332126): Node "rings_inst|\genRings:108:oscRing|step[9]|combout"
    Warning (332126): Node "rings_inst|\genRings:108:oscRing|step[10]|dataf"
    Warning (332126): Node "rings_inst|\genRings:108:oscRing|step[10]|combout"
    Warning (332126): Node "rings_inst|\genRings:108:oscRing|step[11]|dataf"
    Warning (332126): Node "rings_inst|\genRings:108:oscRing|step[11]|combout"
    Warning (332126): Node "rings_inst|\genRings:108:oscRing|step[12]|dataf"
Warning (332125): Found combinational loop of 26 nodes File: C:/Users/15645380/ringOscilator/code/oscilatorRing.vhd Line: 13
    Warning (332126): Node "rings_inst|\genRings:93:oscRing|step[12]|combout"
    Warning (332126): Node "rings_inst|\genRings:93:oscRing|step[0]|dataf"
    Warning (332126): Node "rings_inst|\genRings:93:oscRing|step[0]|combout"
    Warning (332126): Node "rings_inst|\genRings:93:oscRing|step[1]|dataf"
    Warning (332126): Node "rings_inst|\genRings:93:oscRing|step[1]|combout"
    Warning (332126): Node "rings_inst|\genRings:93:oscRing|step[2]|dataf"
    Warning (332126): Node "rings_inst|\genRings:93:oscRing|step[2]|combout"
    Warning (332126): Node "rings_inst|\genRings:93:oscRing|step[3]|datad"
    Warning (332126): Node "rings_inst|\genRings:93:oscRing|step[3]|combout"
    Warning (332126): Node "rings_inst|\genRings:93:oscRing|step[4]|datad"
    Warning (332126): Node "rings_inst|\genRings:93:oscRing|step[4]|combout"
    Warning (332126): Node "rings_inst|\genRings:93:oscRing|step[5]|dataf"
    Warning (332126): Node "rings_inst|\genRings:93:oscRing|step[5]|combout"
    Warning (332126): Node "rings_inst|\genRings:93:oscRing|step[6]|datad"
    Warning (332126): Node "rings_inst|\genRings:93:oscRing|step[6]|combout"
    Warning (332126): Node "rings_inst|\genRings:93:oscRing|step[7]|dataf"
    Warning (332126): Node "rings_inst|\genRings:93:oscRing|step[7]|combout"
    Warning (332126): Node "rings_inst|\genRings:93:oscRing|step[8]|dataf"
    Warning (332126): Node "rings_inst|\genRings:93:oscRing|step[8]|combout"
    Warning (332126): Node "rings_inst|\genRings:93:oscRing|step[9]|dataf"
    Warning (332126): Node "rings_inst|\genRings:93:oscRing|step[9]|combout"
    Warning (332126): Node "rings_inst|\genRings:93:oscRing|step[10]|datad"
    Warning (332126): Node "rings_inst|\genRings:93:oscRing|step[10]|combout"
    Warning (332126): Node "rings_inst|\genRings:93:oscRing|step[11]|dataf"
    Warning (332126): Node "rings_inst|\genRings:93:oscRing|step[11]|combout"
    Warning (332126): Node "rings_inst|\genRings:93:oscRing|step[12]|dataf"
Warning (332125): Found combinational loop of 26 nodes File: C:/Users/15645380/ringOscilator/code/oscilatorRing.vhd Line: 13
    Warning (332126): Node "rings_inst|\genRings:90:oscRing|step[12]|combout"
    Warning (332126): Node "rings_inst|\genRings:90:oscRing|step[0]|dataf"
    Warning (332126): Node "rings_inst|\genRings:90:oscRing|step[0]|combout"
    Warning (332126): Node "rings_inst|\genRings:90:oscRing|step[1]|dataf"
    Warning (332126): Node "rings_inst|\genRings:90:oscRing|step[1]|combout"
    Warning (332126): Node "rings_inst|\genRings:90:oscRing|step[2]|dataf"
    Warning (332126): Node "rings_inst|\genRings:90:oscRing|step[2]|combout"
    Warning (332126): Node "rings_inst|\genRings:90:oscRing|step[3]|dataf"
    Warning (332126): Node "rings_inst|\genRings:90:oscRing|step[3]|combout"
    Warning (332126): Node "rings_inst|\genRings:90:oscRing|step[4]|dataf"
    Warning (332126): Node "rings_inst|\genRings:90:oscRing|step[4]|combout"
    Warning (332126): Node "rings_inst|\genRings:90:oscRing|step[5]|datad"
    Warning (332126): Node "rings_inst|\genRings:90:oscRing|step[5]|combout"
    Warning (332126): Node "rings_inst|\genRings:90:oscRing|step[6]|dataf"
    Warning (332126): Node "rings_inst|\genRings:90:oscRing|step[6]|combout"
    Warning (332126): Node "rings_inst|\genRings:90:oscRing|step[7]|dataf"
    Warning (332126): Node "rings_inst|\genRings:90:oscRing|step[7]|combout"
    Warning (332126): Node "rings_inst|\genRings:90:oscRing|step[8]|dataf"
    Warning (332126): Node "rings_inst|\genRings:90:oscRing|step[8]|combout"
    Warning (332126): Node "rings_inst|\genRings:90:oscRing|step[9]|dataf"
    Warning (332126): Node "rings_inst|\genRings:90:oscRing|step[9]|combout"
    Warning (332126): Node "rings_inst|\genRings:90:oscRing|step[10]|datad"
    Warning (332126): Node "rings_inst|\genRings:90:oscRing|step[10]|combout"
    Warning (332126): Node "rings_inst|\genRings:90:oscRing|step[11]|datad"
    Warning (332126): Node "rings_inst|\genRings:90:oscRing|step[11]|combout"
    Warning (332126): Node "rings_inst|\genRings:90:oscRing|step[12]|dataf"
Warning (332125): Found combinational loop of 26 nodes File: C:/Users/15645380/ringOscilator/code/oscilatorRing.vhd Line: 13
    Warning (332126): Node "rings_inst|\genRings:91:oscRing|step[12]|combout"
    Warning (332126): Node "rings_inst|\genRings:91:oscRing|step[0]|dataf"
    Warning (332126): Node "rings_inst|\genRings:91:oscRing|step[0]|combout"
    Warning (332126): Node "rings_inst|\genRings:91:oscRing|step[1]|datad"
    Warning (332126): Node "rings_inst|\genRings:91:oscRing|step[1]|combout"
    Warning (332126): Node "rings_inst|\genRings:91:oscRing|step[2]|dataf"
    Warning (332126): Node "rings_inst|\genRings:91:oscRing|step[2]|combout"
    Warning (332126): Node "rings_inst|\genRings:91:oscRing|step[3]|dataf"
    Warning (332126): Node "rings_inst|\genRings:91:oscRing|step[3]|combout"
    Warning (332126): Node "rings_inst|\genRings:91:oscRing|step[4]|dataf"
    Warning (332126): Node "rings_inst|\genRings:91:oscRing|step[4]|combout"
    Warning (332126): Node "rings_inst|\genRings:91:oscRing|step[5]|dataf"
    Warning (332126): Node "rings_inst|\genRings:91:oscRing|step[5]|combout"
    Warning (332126): Node "rings_inst|\genRings:91:oscRing|step[6]|dataf"
    Warning (332126): Node "rings_inst|\genRings:91:oscRing|step[6]|combout"
    Warning (332126): Node "rings_inst|\genRings:91:oscRing|step[7]|datad"
    Warning (332126): Node "rings_inst|\genRings:91:oscRing|step[7]|combout"
    Warning (332126): Node "rings_inst|\genRings:91:oscRing|step[8]|dataf"
    Warning (332126): Node "rings_inst|\genRings:91:oscRing|step[8]|combout"
    Warning (332126): Node "rings_inst|\genRings:91:oscRing|step[9]|dataf"
    Warning (332126): Node "rings_inst|\genRings:91:oscRing|step[9]|combout"
    Warning (332126): Node "rings_inst|\genRings:91:oscRing|step[10]|datad"
    Warning (332126): Node "rings_inst|\genRings:91:oscRing|step[10]|combout"
    Warning (332126): Node "rings_inst|\genRings:91:oscRing|step[11]|dataf"
    Warning (332126): Node "rings_inst|\genRings:91:oscRing|step[11]|combout"
    Warning (332126): Node "rings_inst|\genRings:91:oscRing|step[12]|dataf"
Warning (332125): Found combinational loop of 26 nodes File: C:/Users/15645380/ringOscilator/code/oscilatorRing.vhd Line: 13
    Warning (332126): Node "rings_inst|\genRings:92:oscRing|step[12]|combout"
    Warning (332126): Node "rings_inst|\genRings:92:oscRing|step[0]|dataf"
    Warning (332126): Node "rings_inst|\genRings:92:oscRing|step[0]|combout"
    Warning (332126): Node "rings_inst|\genRings:92:oscRing|step[1]|datad"
    Warning (332126): Node "rings_inst|\genRings:92:oscRing|step[1]|combout"
    Warning (332126): Node "rings_inst|\genRings:92:oscRing|step[2]|dataf"
    Warning (332126): Node "rings_inst|\genRings:92:oscRing|step[2]|combout"
    Warning (332126): Node "rings_inst|\genRings:92:oscRing|step[3]|dataf"
    Warning (332126): Node "rings_inst|\genRings:92:oscRing|step[3]|combout"
    Warning (332126): Node "rings_inst|\genRings:92:oscRing|step[4]|datad"
    Warning (332126): Node "rings_inst|\genRings:92:oscRing|step[4]|combout"
    Warning (332126): Node "rings_inst|\genRings:92:oscRing|step[5]|dataf"
    Warning (332126): Node "rings_inst|\genRings:92:oscRing|step[5]|combout"
    Warning (332126): Node "rings_inst|\genRings:92:oscRing|step[6]|dataf"
    Warning (332126): Node "rings_inst|\genRings:92:oscRing|step[6]|combout"
    Warning (332126): Node "rings_inst|\genRings:92:oscRing|step[7]|dataf"
    Warning (332126): Node "rings_inst|\genRings:92:oscRing|step[7]|combout"
    Warning (332126): Node "rings_inst|\genRings:92:oscRing|step[8]|dataf"
    Warning (332126): Node "rings_inst|\genRings:92:oscRing|step[8]|combout"
    Warning (332126): Node "rings_inst|\genRings:92:oscRing|step[9]|dataf"
    Warning (332126): Node "rings_inst|\genRings:92:oscRing|step[9]|combout"
    Warning (332126): Node "rings_inst|\genRings:92:oscRing|step[10]|dataf"
    Warning (332126): Node "rings_inst|\genRings:92:oscRing|step[10]|combout"
    Warning (332126): Node "rings_inst|\genRings:92:oscRing|step[11]|dataf"
    Warning (332126): Node "rings_inst|\genRings:92:oscRing|step[11]|combout"
    Warning (332126): Node "rings_inst|\genRings:92:oscRing|step[12]|dataf"
Warning (332125): Found combinational loop of 26 nodes File: C:/Users/15645380/ringOscilator/code/oscilatorRing.vhd Line: 13
    Warning (332126): Node "rings_inst|\genRings:89:oscRing|step[12]|combout"
    Warning (332126): Node "rings_inst|\genRings:89:oscRing|step[0]|dataf"
    Warning (332126): Node "rings_inst|\genRings:89:oscRing|step[0]|combout"
    Warning (332126): Node "rings_inst|\genRings:89:oscRing|step[1]|dataf"
    Warning (332126): Node "rings_inst|\genRings:89:oscRing|step[1]|combout"
    Warning (332126): Node "rings_inst|\genRings:89:oscRing|step[2]|dataf"
    Warning (332126): Node "rings_inst|\genRings:89:oscRing|step[2]|combout"
    Warning (332126): Node "rings_inst|\genRings:89:oscRing|step[3]|dataf"
    Warning (332126): Node "rings_inst|\genRings:89:oscRing|step[3]|combout"
    Warning (332126): Node "rings_inst|\genRings:89:oscRing|step[4]|datad"
    Warning (332126): Node "rings_inst|\genRings:89:oscRing|step[4]|combout"
    Warning (332126): Node "rings_inst|\genRings:89:oscRing|step[5]|dataf"
    Warning (332126): Node "rings_inst|\genRings:89:oscRing|step[5]|combout"
    Warning (332126): Node "rings_inst|\genRings:89:oscRing|step[6]|dataf"
    Warning (332126): Node "rings_inst|\genRings:89:oscRing|step[6]|combout"
    Warning (332126): Node "rings_inst|\genRings:89:oscRing|step[7]|dataf"
    Warning (332126): Node "rings_inst|\genRings:89:oscRing|step[7]|combout"
    Warning (332126): Node "rings_inst|\genRings:89:oscRing|step[8]|dataf"
    Warning (332126): Node "rings_inst|\genRings:89:oscRing|step[8]|combout"
    Warning (332126): Node "rings_inst|\genRings:89:oscRing|step[9]|dataf"
    Warning (332126): Node "rings_inst|\genRings:89:oscRing|step[9]|combout"
    Warning (332126): Node "rings_inst|\genRings:89:oscRing|step[10]|dataf"
    Warning (332126): Node "rings_inst|\genRings:89:oscRing|step[10]|combout"
    Warning (332126): Node "rings_inst|\genRings:89:oscRing|step[11]|dataf"
    Warning (332126): Node "rings_inst|\genRings:89:oscRing|step[11]|combout"
    Warning (332126): Node "rings_inst|\genRings:89:oscRing|step[12]|dataf"
Warning (332125): Found combinational loop of 26 nodes File: C:/Users/15645380/ringOscilator/code/oscilatorRing.vhd Line: 13
    Warning (332126): Node "rings_inst|\genRings:79:oscRing|step[12]|combout"
    Warning (332126): Node "rings_inst|\genRings:79:oscRing|step[0]|datad"
    Warning (332126): Node "rings_inst|\genRings:79:oscRing|step[0]|combout"
    Warning (332126): Node "rings_inst|\genRings:79:oscRing|step[1]|dataf"
    Warning (332126): Node "rings_inst|\genRings:79:oscRing|step[1]|combout"
    Warning (332126): Node "rings_inst|\genRings:79:oscRing|step[2]|dataf"
    Warning (332126): Node "rings_inst|\genRings:79:oscRing|step[2]|combout"
    Warning (332126): Node "rings_inst|\genRings:79:oscRing|step[3]|dataf"
    Warning (332126): Node "rings_inst|\genRings:79:oscRing|step[3]|combout"
    Warning (332126): Node "rings_inst|\genRings:79:oscRing|step[4]|dataf"
    Warning (332126): Node "rings_inst|\genRings:79:oscRing|step[4]|combout"
    Warning (332126): Node "rings_inst|\genRings:79:oscRing|step[5]|datad"
    Warning (332126): Node "rings_inst|\genRings:79:oscRing|step[5]|combout"
    Warning (332126): Node "rings_inst|\genRings:79:oscRing|step[6]|dataf"
    Warning (332126): Node "rings_inst|\genRings:79:oscRing|step[6]|combout"
    Warning (332126): Node "rings_inst|\genRings:79:oscRing|step[7]|dataf"
    Warning (332126): Node "rings_inst|\genRings:79:oscRing|step[7]|combout"
    Warning (332126): Node "rings_inst|\genRings:79:oscRing|step[8]|dataf"
    Warning (332126): Node "rings_inst|\genRings:79:oscRing|step[8]|combout"
    Warning (332126): Node "rings_inst|\genRings:79:oscRing|step[9]|dataf"
    Warning (332126): Node "rings_inst|\genRings:79:oscRing|step[9]|combout"
    Warning (332126): Node "rings_inst|\genRings:79:oscRing|step[10]|dataf"
    Warning (332126): Node "rings_inst|\genRings:79:oscRing|step[10]|combout"
    Warning (332126): Node "rings_inst|\genRings:79:oscRing|step[11]|dataf"
    Warning (332126): Node "rings_inst|\genRings:79:oscRing|step[11]|combout"
    Warning (332126): Node "rings_inst|\genRings:79:oscRing|step[12]|datae"
Warning (332125): Found combinational loop of 26 nodes File: C:/Users/15645380/ringOscilator/code/oscilatorRing.vhd Line: 13
    Warning (332126): Node "rings_inst|\genRings:82:oscRing|step[12]|combout"
    Warning (332126): Node "rings_inst|\genRings:82:oscRing|step[0]|dataf"
    Warning (332126): Node "rings_inst|\genRings:82:oscRing|step[0]|combout"
    Warning (332126): Node "rings_inst|\genRings:82:oscRing|step[1]|dataf"
    Warning (332126): Node "rings_inst|\genRings:82:oscRing|step[1]|combout"
    Warning (332126): Node "rings_inst|\genRings:82:oscRing|step[2]|dataf"
    Warning (332126): Node "rings_inst|\genRings:82:oscRing|step[2]|combout"
    Warning (332126): Node "rings_inst|\genRings:82:oscRing|step[3]|dataf"
    Warning (332126): Node "rings_inst|\genRings:82:oscRing|step[3]|combout"
    Warning (332126): Node "rings_inst|\genRings:82:oscRing|step[4]|dataf"
    Warning (332126): Node "rings_inst|\genRings:82:oscRing|step[4]|combout"
    Warning (332126): Node "rings_inst|\genRings:82:oscRing|step[5]|dataf"
    Warning (332126): Node "rings_inst|\genRings:82:oscRing|step[5]|combout"
    Warning (332126): Node "rings_inst|\genRings:82:oscRing|step[6]|dataf"
    Warning (332126): Node "rings_inst|\genRings:82:oscRing|step[6]|combout"
    Warning (332126): Node "rings_inst|\genRings:82:oscRing|step[7]|dataf"
    Warning (332126): Node "rings_inst|\genRings:82:oscRing|step[7]|combout"
    Warning (332126): Node "rings_inst|\genRings:82:oscRing|step[8]|dataf"
    Warning (332126): Node "rings_inst|\genRings:82:oscRing|step[8]|combout"
    Warning (332126): Node "rings_inst|\genRings:82:oscRing|step[9]|datad"
    Warning (332126): Node "rings_inst|\genRings:82:oscRing|step[9]|combout"
    Warning (332126): Node "rings_inst|\genRings:82:oscRing|step[10]|dataf"
    Warning (332126): Node "rings_inst|\genRings:82:oscRing|step[10]|combout"
    Warning (332126): Node "rings_inst|\genRings:82:oscRing|step[11]|dataf"
    Warning (332126): Node "rings_inst|\genRings:82:oscRing|step[11]|combout"
    Warning (332126): Node "rings_inst|\genRings:82:oscRing|step[12]|dataf"
Warning (332125): Found combinational loop of 26 nodes File: C:/Users/15645380/ringOscilator/code/oscilatorRing.vhd Line: 13
    Warning (332126): Node "rings_inst|\genRings:80:oscRing|step[12]|combout"
    Warning (332126): Node "rings_inst|\genRings:80:oscRing|step[0]|datad"
    Warning (332126): Node "rings_inst|\genRings:80:oscRing|step[0]|combout"
    Warning (332126): Node "rings_inst|\genRings:80:oscRing|step[1]|dataf"
    Warning (332126): Node "rings_inst|\genRings:80:oscRing|step[1]|combout"
    Warning (332126): Node "rings_inst|\genRings:80:oscRing|step[2]|datad"
    Warning (332126): Node "rings_inst|\genRings:80:oscRing|step[2]|combout"
    Warning (332126): Node "rings_inst|\genRings:80:oscRing|step[3]|dataf"
    Warning (332126): Node "rings_inst|\genRings:80:oscRing|step[3]|combout"
    Warning (332126): Node "rings_inst|\genRings:80:oscRing|step[4]|dataf"
    Warning (332126): Node "rings_inst|\genRings:80:oscRing|step[4]|combout"
    Warning (332126): Node "rings_inst|\genRings:80:oscRing|step[5]|datad"
    Warning (332126): Node "rings_inst|\genRings:80:oscRing|step[5]|combout"
    Warning (332126): Node "rings_inst|\genRings:80:oscRing|step[6]|dataf"
    Warning (332126): Node "rings_inst|\genRings:80:oscRing|step[6]|combout"
    Warning (332126): Node "rings_inst|\genRings:80:oscRing|step[7]|dataf"
    Warning (332126): Node "rings_inst|\genRings:80:oscRing|step[7]|combout"
    Warning (332126): Node "rings_inst|\genRings:80:oscRing|step[8]|dataf"
    Warning (332126): Node "rings_inst|\genRings:80:oscRing|step[8]|combout"
    Warning (332126): Node "rings_inst|\genRings:80:oscRing|step[9]|dataf"
    Warning (332126): Node "rings_inst|\genRings:80:oscRing|step[9]|combout"
    Warning (332126): Node "rings_inst|\genRings:80:oscRing|step[10]|dataf"
    Warning (332126): Node "rings_inst|\genRings:80:oscRing|step[10]|combout"
    Warning (332126): Node "rings_inst|\genRings:80:oscRing|step[11]|dataf"
    Warning (332126): Node "rings_inst|\genRings:80:oscRing|step[11]|combout"
    Warning (332126): Node "rings_inst|\genRings:80:oscRing|step[12]|dataf"
Warning (332125): Found combinational loop of 26 nodes File: C:/Users/15645380/ringOscilator/code/oscilatorRing.vhd Line: 13
    Warning (332126): Node "rings_inst|\genRings:78:oscRing|step[12]|combout"
    Warning (332126): Node "rings_inst|\genRings:78:oscRing|step[0]|dataf"
    Warning (332126): Node "rings_inst|\genRings:78:oscRing|step[0]|combout"
    Warning (332126): Node "rings_inst|\genRings:78:oscRing|step[1]|dataf"
    Warning (332126): Node "rings_inst|\genRings:78:oscRing|step[1]|combout"
    Warning (332126): Node "rings_inst|\genRings:78:oscRing|step[2]|datad"
    Warning (332126): Node "rings_inst|\genRings:78:oscRing|step[2]|combout"
    Warning (332126): Node "rings_inst|\genRings:78:oscRing|step[3]|datad"
    Warning (332126): Node "rings_inst|\genRings:78:oscRing|step[3]|combout"
    Warning (332126): Node "rings_inst|\genRings:78:oscRing|step[4]|dataf"
    Warning (332126): Node "rings_inst|\genRings:78:oscRing|step[4]|combout"
    Warning (332126): Node "rings_inst|\genRings:78:oscRing|step[5]|dataf"
    Warning (332126): Node "rings_inst|\genRings:78:oscRing|step[5]|combout"
    Warning (332126): Node "rings_inst|\genRings:78:oscRing|step[6]|dataf"
    Warning (332126): Node "rings_inst|\genRings:78:oscRing|step[6]|combout"
    Warning (332126): Node "rings_inst|\genRings:78:oscRing|step[7]|dataf"
    Warning (332126): Node "rings_inst|\genRings:78:oscRing|step[7]|combout"
    Warning (332126): Node "rings_inst|\genRings:78:oscRing|step[8]|dataf"
    Warning (332126): Node "rings_inst|\genRings:78:oscRing|step[8]|combout"
    Warning (332126): Node "rings_inst|\genRings:78:oscRing|step[9]|dataf"
    Warning (332126): Node "rings_inst|\genRings:78:oscRing|step[9]|combout"
    Warning (332126): Node "rings_inst|\genRings:78:oscRing|step[10]|datad"
    Warning (332126): Node "rings_inst|\genRings:78:oscRing|step[10]|combout"
    Warning (332126): Node "rings_inst|\genRings:78:oscRing|step[11]|datad"
    Warning (332126): Node "rings_inst|\genRings:78:oscRing|step[11]|combout"
    Warning (332126): Node "rings_inst|\genRings:78:oscRing|step[12]|dataf"
Warning (332125): Found combinational loop of 26 nodes File: C:/Users/15645380/ringOscilator/code/oscilatorRing.vhd Line: 13
    Warning (332126): Node "rings_inst|\genRings:81:oscRing|step[12]|combout"
    Warning (332126): Node "rings_inst|\genRings:81:oscRing|step[0]|dataf"
    Warning (332126): Node "rings_inst|\genRings:81:oscRing|step[0]|combout"
    Warning (332126): Node "rings_inst|\genRings:81:oscRing|step[1]|datad"
    Warning (332126): Node "rings_inst|\genRings:81:oscRing|step[1]|combout"
    Warning (332126): Node "rings_inst|\genRings:81:oscRing|step[2]|dataf"
    Warning (332126): Node "rings_inst|\genRings:81:oscRing|step[2]|combout"
    Warning (332126): Node "rings_inst|\genRings:81:oscRing|step[3]|dataf"
    Warning (332126): Node "rings_inst|\genRings:81:oscRing|step[3]|combout"
    Warning (332126): Node "rings_inst|\genRings:81:oscRing|step[4]|dataf"
    Warning (332126): Node "rings_inst|\genRings:81:oscRing|step[4]|combout"
    Warning (332126): Node "rings_inst|\genRings:81:oscRing|step[5]|dataf"
    Warning (332126): Node "rings_inst|\genRings:81:oscRing|step[5]|combout"
    Warning (332126): Node "rings_inst|\genRings:81:oscRing|step[6]|dataf"
    Warning (332126): Node "rings_inst|\genRings:81:oscRing|step[6]|combout"
    Warning (332126): Node "rings_inst|\genRings:81:oscRing|step[7]|dataf"
    Warning (332126): Node "rings_inst|\genRings:81:oscRing|step[7]|combout"
    Warning (332126): Node "rings_inst|\genRings:81:oscRing|step[8]|dataf"
    Warning (332126): Node "rings_inst|\genRings:81:oscRing|step[8]|combout"
    Warning (332126): Node "rings_inst|\genRings:81:oscRing|step[9]|dataf"
    Warning (332126): Node "rings_inst|\genRings:81:oscRing|step[9]|combout"
    Warning (332126): Node "rings_inst|\genRings:81:oscRing|step[10]|dataf"
    Warning (332126): Node "rings_inst|\genRings:81:oscRing|step[10]|combout"
    Warning (332126): Node "rings_inst|\genRings:81:oscRing|step[11]|dataf"
    Warning (332126): Node "rings_inst|\genRings:81:oscRing|step[11]|combout"
    Warning (332126): Node "rings_inst|\genRings:81:oscRing|step[12]|dataf"
Warning (332125): Found combinational loop of 26 nodes File: C:/Users/15645380/ringOscilator/code/oscilatorRing.vhd Line: 13
    Warning (332126): Node "rings_inst|\genRings:77:oscRing|step[12]|combout"
    Warning (332126): Node "rings_inst|\genRings:77:oscRing|step[0]|dataf"
    Warning (332126): Node "rings_inst|\genRings:77:oscRing|step[0]|combout"
    Warning (332126): Node "rings_inst|\genRings:77:oscRing|step[1]|dataf"
    Warning (332126): Node "rings_inst|\genRings:77:oscRing|step[1]|combout"
    Warning (332126): Node "rings_inst|\genRings:77:oscRing|step[2]|datad"
    Warning (332126): Node "rings_inst|\genRings:77:oscRing|step[2]|combout"
    Warning (332126): Node "rings_inst|\genRings:77:oscRing|step[3]|dataf"
    Warning (332126): Node "rings_inst|\genRings:77:oscRing|step[3]|combout"
    Warning (332126): Node "rings_inst|\genRings:77:oscRing|step[4]|dataf"
    Warning (332126): Node "rings_inst|\genRings:77:oscRing|step[4]|combout"
    Warning (332126): Node "rings_inst|\genRings:77:oscRing|step[5]|dataf"
    Warning (332126): Node "rings_inst|\genRings:77:oscRing|step[5]|combout"
    Warning (332126): Node "rings_inst|\genRings:77:oscRing|step[6]|dataf"
    Warning (332126): Node "rings_inst|\genRings:77:oscRing|step[6]|combout"
    Warning (332126): Node "rings_inst|\genRings:77:oscRing|step[7]|datad"
    Warning (332126): Node "rings_inst|\genRings:77:oscRing|step[7]|combout"
    Warning (332126): Node "rings_inst|\genRings:77:oscRing|step[8]|datad"
    Warning (332126): Node "rings_inst|\genRings:77:oscRing|step[8]|combout"
    Warning (332126): Node "rings_inst|\genRings:77:oscRing|step[9]|dataf"
    Warning (332126): Node "rings_inst|\genRings:77:oscRing|step[9]|combout"
    Warning (332126): Node "rings_inst|\genRings:77:oscRing|step[10]|dataf"
    Warning (332126): Node "rings_inst|\genRings:77:oscRing|step[10]|combout"
    Warning (332126): Node "rings_inst|\genRings:77:oscRing|step[11]|dataf"
    Warning (332126): Node "rings_inst|\genRings:77:oscRing|step[11]|combout"
    Warning (332126): Node "rings_inst|\genRings:77:oscRing|step[12]|dataf"
Warning (332125): Found combinational loop of 26 nodes File: C:/Users/15645380/ringOscilator/code/oscilatorRing.vhd Line: 13
    Warning (332126): Node "rings_inst|\genRings:25:oscRing|step[12]|combout"
    Warning (332126): Node "rings_inst|\genRings:25:oscRing|step[0]|datad"
    Warning (332126): Node "rings_inst|\genRings:25:oscRing|step[0]|combout"
    Warning (332126): Node "rings_inst|\genRings:25:oscRing|step[1]|dataf"
    Warning (332126): Node "rings_inst|\genRings:25:oscRing|step[1]|combout"
    Warning (332126): Node "rings_inst|\genRings:25:oscRing|step[2]|dataf"
    Warning (332126): Node "rings_inst|\genRings:25:oscRing|step[2]|combout"
    Warning (332126): Node "rings_inst|\genRings:25:oscRing|step[3]|dataf"
    Warning (332126): Node "rings_inst|\genRings:25:oscRing|step[3]|combout"
    Warning (332126): Node "rings_inst|\genRings:25:oscRing|step[4]|dataf"
    Warning (332126): Node "rings_inst|\genRings:25:oscRing|step[4]|combout"
    Warning (332126): Node "rings_inst|\genRings:25:oscRing|step[5]|dataf"
    Warning (332126): Node "rings_inst|\genRings:25:oscRing|step[5]|combout"
    Warning (332126): Node "rings_inst|\genRings:25:oscRing|step[6]|datad"
    Warning (332126): Node "rings_inst|\genRings:25:oscRing|step[6]|combout"
    Warning (332126): Node "rings_inst|\genRings:25:oscRing|step[7]|dataf"
    Warning (332126): Node "rings_inst|\genRings:25:oscRing|step[7]|combout"
    Warning (332126): Node "rings_inst|\genRings:25:oscRing|step[8]|dataf"
    Warning (332126): Node "rings_inst|\genRings:25:oscRing|step[8]|combout"
    Warning (332126): Node "rings_inst|\genRings:25:oscRing|step[9]|datad"
    Warning (332126): Node "rings_inst|\genRings:25:oscRing|step[9]|combout"
    Warning (332126): Node "rings_inst|\genRings:25:oscRing|step[10]|datad"
    Warning (332126): Node "rings_inst|\genRings:25:oscRing|step[10]|combout"
    Warning (332126): Node "rings_inst|\genRings:25:oscRing|step[11]|dataf"
    Warning (332126): Node "rings_inst|\genRings:25:oscRing|step[11]|combout"
    Warning (332126): Node "rings_inst|\genRings:25:oscRing|step[12]|dataf"
Warning (332125): Found combinational loop of 26 nodes File: C:/Users/15645380/ringOscilator/code/oscilatorRing.vhd Line: 13
    Warning (332126): Node "rings_inst|\genRings:105:oscRing|step[12]|combout"
    Warning (332126): Node "rings_inst|\genRings:105:oscRing|step[0]|datad"
    Warning (332126): Node "rings_inst|\genRings:105:oscRing|step[0]|combout"
    Warning (332126): Node "rings_inst|\genRings:105:oscRing|step[1]|dataf"
    Warning (332126): Node "rings_inst|\genRings:105:oscRing|step[1]|combout"
    Warning (332126): Node "rings_inst|\genRings:105:oscRing|step[2]|dataf"
    Warning (332126): Node "rings_inst|\genRings:105:oscRing|step[2]|combout"
    Warning (332126): Node "rings_inst|\genRings:105:oscRing|step[3]|dataf"
    Warning (332126): Node "rings_inst|\genRings:105:oscRing|step[3]|combout"
    Warning (332126): Node "rings_inst|\genRings:105:oscRing|step[4]|dataf"
    Warning (332126): Node "rings_inst|\genRings:105:oscRing|step[4]|combout"
    Warning (332126): Node "rings_inst|\genRings:105:oscRing|step[5]|dataf"
    Warning (332126): Node "rings_inst|\genRings:105:oscRing|step[5]|combout"
    Warning (332126): Node "rings_inst|\genRings:105:oscRing|step[6]|dataf"
    Warning (332126): Node "rings_inst|\genRings:105:oscRing|step[6]|combout"
    Warning (332126): Node "rings_inst|\genRings:105:oscRing|step[7]|datad"
    Warning (332126): Node "rings_inst|\genRings:105:oscRing|step[7]|combout"
    Warning (332126): Node "rings_inst|\genRings:105:oscRing|step[8]|datad"
    Warning (332126): Node "rings_inst|\genRings:105:oscRing|step[8]|combout"
    Warning (332126): Node "rings_inst|\genRings:105:oscRing|step[9]|dataf"
    Warning (332126): Node "rings_inst|\genRings:105:oscRing|step[9]|combout"
    Warning (332126): Node "rings_inst|\genRings:105:oscRing|step[10]|dataf"
    Warning (332126): Node "rings_inst|\genRings:105:oscRing|step[10]|combout"
    Warning (332126): Node "rings_inst|\genRings:105:oscRing|step[11]|dataf"
    Warning (332126): Node "rings_inst|\genRings:105:oscRing|step[11]|combout"
    Warning (332126): Node "rings_inst|\genRings:105:oscRing|step[12]|dataf"
Warning (332125): Found combinational loop of 26 nodes File: C:/Users/15645380/ringOscilator/code/oscilatorRing.vhd Line: 13
    Warning (332126): Node "rings_inst|\genRings:27:oscRing|step[12]|combout"
    Warning (332126): Node "rings_inst|\genRings:27:oscRing|step[0]|dataf"
    Warning (332126): Node "rings_inst|\genRings:27:oscRing|step[0]|combout"
    Warning (332126): Node "rings_inst|\genRings:27:oscRing|step[1]|dataf"
    Warning (332126): Node "rings_inst|\genRings:27:oscRing|step[1]|combout"
    Warning (332126): Node "rings_inst|\genRings:27:oscRing|step[2]|dataf"
    Warning (332126): Node "rings_inst|\genRings:27:oscRing|step[2]|combout"
    Warning (332126): Node "rings_inst|\genRings:27:oscRing|step[3]|dataf"
    Warning (332126): Node "rings_inst|\genRings:27:oscRing|step[3]|combout"
    Warning (332126): Node "rings_inst|\genRings:27:oscRing|step[4]|dataf"
    Warning (332126): Node "rings_inst|\genRings:27:oscRing|step[4]|combout"
    Warning (332126): Node "rings_inst|\genRings:27:oscRing|step[5]|datad"
    Warning (332126): Node "rings_inst|\genRings:27:oscRing|step[5]|combout"
    Warning (332126): Node "rings_inst|\genRings:27:oscRing|step[6]|dataf"
    Warning (332126): Node "rings_inst|\genRings:27:oscRing|step[6]|combout"
    Warning (332126): Node "rings_inst|\genRings:27:oscRing|step[7]|dataf"
    Warning (332126): Node "rings_inst|\genRings:27:oscRing|step[7]|combout"
    Warning (332126): Node "rings_inst|\genRings:27:oscRing|step[8]|dataf"
    Warning (332126): Node "rings_inst|\genRings:27:oscRing|step[8]|combout"
    Warning (332126): Node "rings_inst|\genRings:27:oscRing|step[9]|dataf"
    Warning (332126): Node "rings_inst|\genRings:27:oscRing|step[9]|combout"
    Warning (332126): Node "rings_inst|\genRings:27:oscRing|step[10]|dataf"
    Warning (332126): Node "rings_inst|\genRings:27:oscRing|step[10]|combout"
    Warning (332126): Node "rings_inst|\genRings:27:oscRing|step[11]|datad"
    Warning (332126): Node "rings_inst|\genRings:27:oscRing|step[11]|combout"
    Warning (332126): Node "rings_inst|\genRings:27:oscRing|step[12]|dataf"
Warning (332125): Found combinational loop of 26 nodes File: C:/Users/15645380/ringOscilator/code/oscilatorRing.vhd Line: 13
    Warning (332126): Node "rings_inst|\genRings:30:oscRing|step[12]|combout"
    Warning (332126): Node "rings_inst|\genRings:30:oscRing|step[0]|datad"
    Warning (332126): Node "rings_inst|\genRings:30:oscRing|step[0]|combout"
    Warning (332126): Node "rings_inst|\genRings:30:oscRing|step[1]|dataf"
    Warning (332126): Node "rings_inst|\genRings:30:oscRing|step[1]|combout"
    Warning (332126): Node "rings_inst|\genRings:30:oscRing|step[2]|dataf"
    Warning (332126): Node "rings_inst|\genRings:30:oscRing|step[2]|combout"
    Warning (332126): Node "rings_inst|\genRings:30:oscRing|step[3]|dataf"
    Warning (332126): Node "rings_inst|\genRings:30:oscRing|step[3]|combout"
    Warning (332126): Node "rings_inst|\genRings:30:oscRing|step[4]|dataf"
    Warning (332126): Node "rings_inst|\genRings:30:oscRing|step[4]|combout"
    Warning (332126): Node "rings_inst|\genRings:30:oscRing|step[5]|dataf"
    Warning (332126): Node "rings_inst|\genRings:30:oscRing|step[5]|combout"
    Warning (332126): Node "rings_inst|\genRings:30:oscRing|step[6]|dataf"
    Warning (332126): Node "rings_inst|\genRings:30:oscRing|step[6]|combout"
    Warning (332126): Node "rings_inst|\genRings:30:oscRing|step[7]|dataf"
    Warning (332126): Node "rings_inst|\genRings:30:oscRing|step[7]|combout"
    Warning (332126): Node "rings_inst|\genRings:30:oscRing|step[8]|dataf"
    Warning (332126): Node "rings_inst|\genRings:30:oscRing|step[8]|combout"
    Warning (332126): Node "rings_inst|\genRings:30:oscRing|step[9]|dataf"
    Warning (332126): Node "rings_inst|\genRings:30:oscRing|step[9]|combout"
    Warning (332126): Node "rings_inst|\genRings:30:oscRing|step[10]|dataf"
    Warning (332126): Node "rings_inst|\genRings:30:oscRing|step[10]|combout"
    Warning (332126): Node "rings_inst|\genRings:30:oscRing|step[11]|dataf"
    Warning (332126): Node "rings_inst|\genRings:30:oscRing|step[11]|combout"
    Warning (332126): Node "rings_inst|\genRings:30:oscRing|step[12]|dataf"
Warning (332125): Found combinational loop of 26 nodes File: C:/Users/15645380/ringOscilator/code/oscilatorRing.vhd Line: 13
    Warning (332126): Node "rings_inst|\genRings:62:oscRing|step[12]|combout"
    Warning (332126): Node "rings_inst|\genRings:62:oscRing|step[0]|dataf"
    Warning (332126): Node "rings_inst|\genRings:62:oscRing|step[0]|combout"
    Warning (332126): Node "rings_inst|\genRings:62:oscRing|step[1]|dataf"
    Warning (332126): Node "rings_inst|\genRings:62:oscRing|step[1]|combout"
    Warning (332126): Node "rings_inst|\genRings:62:oscRing|step[2]|dataf"
    Warning (332126): Node "rings_inst|\genRings:62:oscRing|step[2]|combout"
    Warning (332126): Node "rings_inst|\genRings:62:oscRing|step[3]|dataf"
    Warning (332126): Node "rings_inst|\genRings:62:oscRing|step[3]|combout"
    Warning (332126): Node "rings_inst|\genRings:62:oscRing|step[4]|dataf"
    Warning (332126): Node "rings_inst|\genRings:62:oscRing|step[4]|combout"
    Warning (332126): Node "rings_inst|\genRings:62:oscRing|step[5]|dataf"
    Warning (332126): Node "rings_inst|\genRings:62:oscRing|step[5]|combout"
    Warning (332126): Node "rings_inst|\genRings:62:oscRing|step[6]|datad"
    Warning (332126): Node "rings_inst|\genRings:62:oscRing|step[6]|combout"
    Warning (332126): Node "rings_inst|\genRings:62:oscRing|step[7]|datad"
    Warning (332126): Node "rings_inst|\genRings:62:oscRing|step[7]|combout"
    Warning (332126): Node "rings_inst|\genRings:62:oscRing|step[8]|dataf"
    Warning (332126): Node "rings_inst|\genRings:62:oscRing|step[8]|combout"
    Warning (332126): Node "rings_inst|\genRings:62:oscRing|step[9]|dataf"
    Warning (332126): Node "rings_inst|\genRings:62:oscRing|step[9]|combout"
    Warning (332126): Node "rings_inst|\genRings:62:oscRing|step[10]|dataf"
    Warning (332126): Node "rings_inst|\genRings:62:oscRing|step[10]|combout"
    Warning (332126): Node "rings_inst|\genRings:62:oscRing|step[11]|datad"
    Warning (332126): Node "rings_inst|\genRings:62:oscRing|step[11]|combout"
    Warning (332126): Node "rings_inst|\genRings:62:oscRing|step[12]|dataf"
Warning (332125): Found combinational loop of 26 nodes File: C:/Users/15645380/ringOscilator/code/oscilatorRing.vhd Line: 13
    Warning (332126): Node "rings_inst|\genRings:53:oscRing|step[12]|combout"
    Warning (332126): Node "rings_inst|\genRings:53:oscRing|step[0]|datad"
    Warning (332126): Node "rings_inst|\genRings:53:oscRing|step[0]|combout"
    Warning (332126): Node "rings_inst|\genRings:53:oscRing|step[1]|dataf"
    Warning (332126): Node "rings_inst|\genRings:53:oscRing|step[1]|combout"
    Warning (332126): Node "rings_inst|\genRings:53:oscRing|step[2]|dataf"
    Warning (332126): Node "rings_inst|\genRings:53:oscRing|step[2]|combout"
    Warning (332126): Node "rings_inst|\genRings:53:oscRing|step[3]|dataf"
    Warning (332126): Node "rings_inst|\genRings:53:oscRing|step[3]|combout"
    Warning (332126): Node "rings_inst|\genRings:53:oscRing|step[4]|dataf"
    Warning (332126): Node "rings_inst|\genRings:53:oscRing|step[4]|combout"
    Warning (332126): Node "rings_inst|\genRings:53:oscRing|step[5]|datad"
    Warning (332126): Node "rings_inst|\genRings:53:oscRing|step[5]|combout"
    Warning (332126): Node "rings_inst|\genRings:53:oscRing|step[6]|datad"
    Warning (332126): Node "rings_inst|\genRings:53:oscRing|step[6]|combout"
    Warning (332126): Node "rings_inst|\genRings:53:oscRing|step[7]|dataf"
    Warning (332126): Node "rings_inst|\genRings:53:oscRing|step[7]|combout"
    Warning (332126): Node "rings_inst|\genRings:53:oscRing|step[8]|dataf"
    Warning (332126): Node "rings_inst|\genRings:53:oscRing|step[8]|combout"
    Warning (332126): Node "rings_inst|\genRings:53:oscRing|step[9]|dataf"
    Warning (332126): Node "rings_inst|\genRings:53:oscRing|step[9]|combout"
    Warning (332126): Node "rings_inst|\genRings:53:oscRing|step[10]|dataf"
    Warning (332126): Node "rings_inst|\genRings:53:oscRing|step[10]|combout"
    Warning (332126): Node "rings_inst|\genRings:53:oscRing|step[11]|dataf"
    Warning (332126): Node "rings_inst|\genRings:53:oscRing|step[11]|combout"
    Warning (332126): Node "rings_inst|\genRings:53:oscRing|step[12]|dataf"
Warning (332125): Found combinational loop of 26 nodes File: C:/Users/15645380/ringOscilator/code/oscilatorRing.vhd Line: 13
    Warning (332126): Node "rings_inst|\genRings:55:oscRing|step[12]|combout"
    Warning (332126): Node "rings_inst|\genRings:55:oscRing|step[0]|dataf"
    Warning (332126): Node "rings_inst|\genRings:55:oscRing|step[0]|combout"
    Warning (332126): Node "rings_inst|\genRings:55:oscRing|step[1]|dataf"
    Warning (332126): Node "rings_inst|\genRings:55:oscRing|step[1]|combout"
    Warning (332126): Node "rings_inst|\genRings:55:oscRing|step[2]|dataf"
    Warning (332126): Node "rings_inst|\genRings:55:oscRing|step[2]|combout"
    Warning (332126): Node "rings_inst|\genRings:55:oscRing|step[3]|datad"
    Warning (332126): Node "rings_inst|\genRings:55:oscRing|step[3]|combout"
    Warning (332126): Node "rings_inst|\genRings:55:oscRing|step[4]|dataf"
    Warning (332126): Node "rings_inst|\genRings:55:oscRing|step[4]|combout"
    Warning (332126): Node "rings_inst|\genRings:55:oscRing|step[5]|dataf"
    Warning (332126): Node "rings_inst|\genRings:55:oscRing|step[5]|combout"
    Warning (332126): Node "rings_inst|\genRings:55:oscRing|step[6]|dataf"
    Warning (332126): Node "rings_inst|\genRings:55:oscRing|step[6]|combout"
    Warning (332126): Node "rings_inst|\genRings:55:oscRing|step[7]|dataf"
    Warning (332126): Node "rings_inst|\genRings:55:oscRing|step[7]|combout"
    Warning (332126): Node "rings_inst|\genRings:55:oscRing|step[8]|dataf"
    Warning (332126): Node "rings_inst|\genRings:55:oscRing|step[8]|combout"
    Warning (332126): Node "rings_inst|\genRings:55:oscRing|step[9]|datad"
    Warning (332126): Node "rings_inst|\genRings:55:oscRing|step[9]|combout"
    Warning (332126): Node "rings_inst|\genRings:55:oscRing|step[10]|dataf"
    Warning (332126): Node "rings_inst|\genRings:55:oscRing|step[10]|combout"
    Warning (332126): Node "rings_inst|\genRings:55:oscRing|step[11]|dataf"
    Warning (332126): Node "rings_inst|\genRings:55:oscRing|step[11]|combout"
    Warning (332126): Node "rings_inst|\genRings:55:oscRing|step[12]|dataf"
Warning (332125): Found combinational loop of 26 nodes File: C:/Users/15645380/ringOscilator/code/oscilatorRing.vhd Line: 13
    Warning (332126): Node "rings_inst|\genRings:109:oscRing|step[12]|combout"
    Warning (332126): Node "rings_inst|\genRings:109:oscRing|step[0]|datad"
    Warning (332126): Node "rings_inst|\genRings:109:oscRing|step[0]|combout"
    Warning (332126): Node "rings_inst|\genRings:109:oscRing|step[1]|dataf"
    Warning (332126): Node "rings_inst|\genRings:109:oscRing|step[1]|combout"
    Warning (332126): Node "rings_inst|\genRings:109:oscRing|step[2]|dataf"
    Warning (332126): Node "rings_inst|\genRings:109:oscRing|step[2]|combout"
    Warning (332126): Node "rings_inst|\genRings:109:oscRing|step[3]|datad"
    Warning (332126): Node "rings_inst|\genRings:109:oscRing|step[3]|combout"
    Warning (332126): Node "rings_inst|\genRings:109:oscRing|step[4]|dataf"
    Warning (332126): Node "rings_inst|\genRings:109:oscRing|step[4]|combout"
    Warning (332126): Node "rings_inst|\genRings:109:oscRing|step[5]|dataf"
    Warning (332126): Node "rings_inst|\genRings:109:oscRing|step[5]|combout"
    Warning (332126): Node "rings_inst|\genRings:109:oscRing|step[6]|dataf"
    Warning (332126): Node "rings_inst|\genRings:109:oscRing|step[6]|combout"
    Warning (332126): Node "rings_inst|\genRings:109:oscRing|step[7]|dataf"
    Warning (332126): Node "rings_inst|\genRings:109:oscRing|step[7]|combout"
    Warning (332126): Node "rings_inst|\genRings:109:oscRing|step[8]|dataf"
    Warning (332126): Node "rings_inst|\genRings:109:oscRing|step[8]|combout"
    Warning (332126): Node "rings_inst|\genRings:109:oscRing|step[9]|dataf"
    Warning (332126): Node "rings_inst|\genRings:109:oscRing|step[9]|combout"
    Warning (332126): Node "rings_inst|\genRings:109:oscRing|step[10]|dataf"
    Warning (332126): Node "rings_inst|\genRings:109:oscRing|step[10]|combout"
    Warning (332126): Node "rings_inst|\genRings:109:oscRing|step[11]|dataf"
    Warning (332126): Node "rings_inst|\genRings:109:oscRing|step[11]|combout"
    Warning (332126): Node "rings_inst|\genRings:109:oscRing|step[12]|dataf"
Warning (332125): Found combinational loop of 26 nodes File: C:/Users/15645380/ringOscilator/code/oscilatorRing.vhd Line: 13
    Warning (332126): Node "rings_inst|\genRings:111:oscRing|step[12]|combout"
    Warning (332126): Node "rings_inst|\genRings:111:oscRing|step[0]|dataf"
    Warning (332126): Node "rings_inst|\genRings:111:oscRing|step[0]|combout"
    Warning (332126): Node "rings_inst|\genRings:111:oscRing|step[1]|dataf"
    Warning (332126): Node "rings_inst|\genRings:111:oscRing|step[1]|combout"
    Warning (332126): Node "rings_inst|\genRings:111:oscRing|step[2]|dataf"
    Warning (332126): Node "rings_inst|\genRings:111:oscRing|step[2]|combout"
    Warning (332126): Node "rings_inst|\genRings:111:oscRing|step[3]|datad"
    Warning (332126): Node "rings_inst|\genRings:111:oscRing|step[3]|combout"
    Warning (332126): Node "rings_inst|\genRings:111:oscRing|step[4]|dataf"
    Warning (332126): Node "rings_inst|\genRings:111:oscRing|step[4]|combout"
    Warning (332126): Node "rings_inst|\genRings:111:oscRing|step[5]|dataf"
    Warning (332126): Node "rings_inst|\genRings:111:oscRing|step[5]|combout"
    Warning (332126): Node "rings_inst|\genRings:111:oscRing|step[6]|datad"
    Warning (332126): Node "rings_inst|\genRings:111:oscRing|step[6]|combout"
    Warning (332126): Node "rings_inst|\genRings:111:oscRing|step[7]|dataf"
    Warning (332126): Node "rings_inst|\genRings:111:oscRing|step[7]|combout"
    Warning (332126): Node "rings_inst|\genRings:111:oscRing|step[8]|dataf"
    Warning (332126): Node "rings_inst|\genRings:111:oscRing|step[8]|combout"
    Warning (332126): Node "rings_inst|\genRings:111:oscRing|step[9]|dataf"
    Warning (332126): Node "rings_inst|\genRings:111:oscRing|step[9]|combout"
    Warning (332126): Node "rings_inst|\genRings:111:oscRing|step[10]|dataf"
    Warning (332126): Node "rings_inst|\genRings:111:oscRing|step[10]|combout"
    Warning (332126): Node "rings_inst|\genRings:111:oscRing|step[11]|dataf"
    Warning (332126): Node "rings_inst|\genRings:111:oscRing|step[11]|combout"
    Warning (332126): Node "rings_inst|\genRings:111:oscRing|step[12]|dataf"
Warning (332125): Found combinational loop of 26 nodes File: C:/Users/15645380/ringOscilator/code/oscilatorRing.vhd Line: 13
    Warning (332126): Node "rings_inst|\genRings:107:oscRing|step[12]|combout"
    Warning (332126): Node "rings_inst|\genRings:107:oscRing|step[0]|datad"
    Warning (332126): Node "rings_inst|\genRings:107:oscRing|step[0]|combout"
    Warning (332126): Node "rings_inst|\genRings:107:oscRing|step[1]|dataf"
    Warning (332126): Node "rings_inst|\genRings:107:oscRing|step[1]|combout"
    Warning (332126): Node "rings_inst|\genRings:107:oscRing|step[2]|dataf"
    Warning (332126): Node "rings_inst|\genRings:107:oscRing|step[2]|combout"
    Warning (332126): Node "rings_inst|\genRings:107:oscRing|step[3]|dataf"
    Warning (332126): Node "rings_inst|\genRings:107:oscRing|step[3]|combout"
    Warning (332126): Node "rings_inst|\genRings:107:oscRing|step[4]|dataf"
    Warning (332126): Node "rings_inst|\genRings:107:oscRing|step[4]|combout"
    Warning (332126): Node "rings_inst|\genRings:107:oscRing|step[5]|dataf"
    Warning (332126): Node "rings_inst|\genRings:107:oscRing|step[5]|combout"
    Warning (332126): Node "rings_inst|\genRings:107:oscRing|step[6]|dataf"
    Warning (332126): Node "rings_inst|\genRings:107:oscRing|step[6]|combout"
    Warning (332126): Node "rings_inst|\genRings:107:oscRing|step[7]|dataf"
    Warning (332126): Node "rings_inst|\genRings:107:oscRing|step[7]|combout"
    Warning (332126): Node "rings_inst|\genRings:107:oscRing|step[8]|datad"
    Warning (332126): Node "rings_inst|\genRings:107:oscRing|step[8]|combout"
    Warning (332126): Node "rings_inst|\genRings:107:oscRing|step[9]|dataf"
    Warning (332126): Node "rings_inst|\genRings:107:oscRing|step[9]|combout"
    Warning (332126): Node "rings_inst|\genRings:107:oscRing|step[10]|dataf"
    Warning (332126): Node "rings_inst|\genRings:107:oscRing|step[10]|combout"
    Warning (332126): Node "rings_inst|\genRings:107:oscRing|step[11]|dataf"
    Warning (332126): Node "rings_inst|\genRings:107:oscRing|step[11]|combout"
    Warning (332126): Node "rings_inst|\genRings:107:oscRing|step[12]|dataf"
Warning (332125): Found combinational loop of 26 nodes File: C:/Users/15645380/ringOscilator/code/oscilatorRing.vhd Line: 13
    Warning (332126): Node "rings_inst|\genRings:6:oscRing|step[12]|combout"
    Warning (332126): Node "rings_inst|\genRings:6:oscRing|step[0]|dataf"
    Warning (332126): Node "rings_inst|\genRings:6:oscRing|step[0]|combout"
    Warning (332126): Node "rings_inst|\genRings:6:oscRing|step[1]|dataf"
    Warning (332126): Node "rings_inst|\genRings:6:oscRing|step[1]|combout"
    Warning (332126): Node "rings_inst|\genRings:6:oscRing|step[2]|datad"
    Warning (332126): Node "rings_inst|\genRings:6:oscRing|step[2]|combout"
    Warning (332126): Node "rings_inst|\genRings:6:oscRing|step[3]|dataf"
    Warning (332126): Node "rings_inst|\genRings:6:oscRing|step[3]|combout"
    Warning (332126): Node "rings_inst|\genRings:6:oscRing|step[4]|dataf"
    Warning (332126): Node "rings_inst|\genRings:6:oscRing|step[4]|combout"
    Warning (332126): Node "rings_inst|\genRings:6:oscRing|step[5]|datad"
    Warning (332126): Node "rings_inst|\genRings:6:oscRing|step[5]|combout"
    Warning (332126): Node "rings_inst|\genRings:6:oscRing|step[6]|datad"
    Warning (332126): Node "rings_inst|\genRings:6:oscRing|step[6]|combout"
    Warning (332126): Node "rings_inst|\genRings:6:oscRing|step[7]|dataf"
    Warning (332126): Node "rings_inst|\genRings:6:oscRing|step[7]|combout"
    Warning (332126): Node "rings_inst|\genRings:6:oscRing|step[8]|dataf"
    Warning (332126): Node "rings_inst|\genRings:6:oscRing|step[8]|combout"
    Warning (332126): Node "rings_inst|\genRings:6:oscRing|step[9]|dataf"
    Warning (332126): Node "rings_inst|\genRings:6:oscRing|step[9]|combout"
    Warning (332126): Node "rings_inst|\genRings:6:oscRing|step[10]|dataf"
    Warning (332126): Node "rings_inst|\genRings:6:oscRing|step[10]|combout"
    Warning (332126): Node "rings_inst|\genRings:6:oscRing|step[11]|dataf"
    Warning (332126): Node "rings_inst|\genRings:6:oscRing|step[11]|combout"
    Warning (332126): Node "rings_inst|\genRings:6:oscRing|step[12]|dataf"
Warning (332125): Found combinational loop of 26 nodes File: C:/Users/15645380/ringOscilator/code/oscilatorRing.vhd Line: 13
    Warning (332126): Node "rings_inst|\genRings:14:oscRing|step[12]|combout"
    Warning (332126): Node "rings_inst|\genRings:14:oscRing|step[0]|datad"
    Warning (332126): Node "rings_inst|\genRings:14:oscRing|step[0]|combout"
    Warning (332126): Node "rings_inst|\genRings:14:oscRing|step[1]|dataf"
    Warning (332126): Node "rings_inst|\genRings:14:oscRing|step[1]|combout"
    Warning (332126): Node "rings_inst|\genRings:14:oscRing|step[2]|dataf"
    Warning (332126): Node "rings_inst|\genRings:14:oscRing|step[2]|combout"
    Warning (332126): Node "rings_inst|\genRings:14:oscRing|step[3]|dataf"
    Warning (332126): Node "rings_inst|\genRings:14:oscRing|step[3]|combout"
    Warning (332126): Node "rings_inst|\genRings:14:oscRing|step[4]|dataf"
    Warning (332126): Node "rings_inst|\genRings:14:oscRing|step[4]|combout"
    Warning (332126): Node "rings_inst|\genRings:14:oscRing|step[5]|datad"
    Warning (332126): Node "rings_inst|\genRings:14:oscRing|step[5]|combout"
    Warning (332126): Node "rings_inst|\genRings:14:oscRing|step[6]|dataf"
    Warning (332126): Node "rings_inst|\genRings:14:oscRing|step[6]|combout"
    Warning (332126): Node "rings_inst|\genRings:14:oscRing|step[7]|dataf"
    Warning (332126): Node "rings_inst|\genRings:14:oscRing|step[7]|combout"
    Warning (332126): Node "rings_inst|\genRings:14:oscRing|step[8]|dataf"
    Warning (332126): Node "rings_inst|\genRings:14:oscRing|step[8]|combout"
    Warning (332126): Node "rings_inst|\genRings:14:oscRing|step[9]|dataf"
    Warning (332126): Node "rings_inst|\genRings:14:oscRing|step[9]|combout"
    Warning (332126): Node "rings_inst|\genRings:14:oscRing|step[10]|dataf"
    Warning (332126): Node "rings_inst|\genRings:14:oscRing|step[10]|combout"
    Warning (332126): Node "rings_inst|\genRings:14:oscRing|step[11]|dataf"
    Warning (332126): Node "rings_inst|\genRings:14:oscRing|step[11]|combout"
    Warning (332126): Node "rings_inst|\genRings:14:oscRing|step[12]|dataf"
Warning (332125): Found combinational loop of 26 nodes File: C:/Users/15645380/ringOscilator/code/oscilatorRing.vhd Line: 13
    Warning (332126): Node "rings_inst|\genRings:2:oscRing|step[12]|combout"
    Warning (332126): Node "rings_inst|\genRings:2:oscRing|step[0]|datac"
    Warning (332126): Node "rings_inst|\genRings:2:oscRing|step[0]|combout"
    Warning (332126): Node "rings_inst|\genRings:2:oscRing|step[1]|dataf"
    Warning (332126): Node "rings_inst|\genRings:2:oscRing|step[1]|combout"
    Warning (332126): Node "rings_inst|\genRings:2:oscRing|step[2]|dataf"
    Warning (332126): Node "rings_inst|\genRings:2:oscRing|step[2]|combout"
    Warning (332126): Node "rings_inst|\genRings:2:oscRing|step[3]|datad"
    Warning (332126): Node "rings_inst|\genRings:2:oscRing|step[3]|combout"
    Warning (332126): Node "rings_inst|\genRings:2:oscRing|step[4]|dataf"
    Warning (332126): Node "rings_inst|\genRings:2:oscRing|step[4]|combout"
    Warning (332126): Node "rings_inst|\genRings:2:oscRing|step[5]|dataf"
    Warning (332126): Node "rings_inst|\genRings:2:oscRing|step[5]|combout"
    Warning (332126): Node "rings_inst|\genRings:2:oscRing|step[6]|dataf"
    Warning (332126): Node "rings_inst|\genRings:2:oscRing|step[6]|combout"
    Warning (332126): Node "rings_inst|\genRings:2:oscRing|step[7]|dataf"
    Warning (332126): Node "rings_inst|\genRings:2:oscRing|step[7]|combout"
    Warning (332126): Node "rings_inst|\genRings:2:oscRing|step[8]|dataf"
    Warning (332126): Node "rings_inst|\genRings:2:oscRing|step[8]|combout"
    Warning (332126): Node "rings_inst|\genRings:2:oscRing|step[9]|dataf"
    Warning (332126): Node "rings_inst|\genRings:2:oscRing|step[9]|combout"
    Warning (332126): Node "rings_inst|\genRings:2:oscRing|step[10]|dataf"
    Warning (332126): Node "rings_inst|\genRings:2:oscRing|step[10]|combout"
    Warning (332126): Node "rings_inst|\genRings:2:oscRing|step[11]|dataf"
    Warning (332126): Node "rings_inst|\genRings:2:oscRing|step[11]|combout"
    Warning (332126): Node "rings_inst|\genRings:2:oscRing|step[12]|dataf"
Warning (332125): Found combinational loop of 26 nodes File: C:/Users/15645380/ringOscilator/code/oscilatorRing.vhd Line: 13
    Warning (332126): Node "rings_inst|\genRings:5:oscRing|step[12]|combout"
    Warning (332126): Node "rings_inst|\genRings:5:oscRing|step[0]|dataf"
    Warning (332126): Node "rings_inst|\genRings:5:oscRing|step[0]|combout"
    Warning (332126): Node "rings_inst|\genRings:5:oscRing|step[1]|dataf"
    Warning (332126): Node "rings_inst|\genRings:5:oscRing|step[1]|combout"
    Warning (332126): Node "rings_inst|\genRings:5:oscRing|step[2]|dataf"
    Warning (332126): Node "rings_inst|\genRings:5:oscRing|step[2]|combout"
    Warning (332126): Node "rings_inst|\genRings:5:oscRing|step[3]|dataf"
    Warning (332126): Node "rings_inst|\genRings:5:oscRing|step[3]|combout"
    Warning (332126): Node "rings_inst|\genRings:5:oscRing|step[4]|datad"
    Warning (332126): Node "rings_inst|\genRings:5:oscRing|step[4]|combout"
    Warning (332126): Node "rings_inst|\genRings:5:oscRing|step[5]|dataf"
    Warning (332126): Node "rings_inst|\genRings:5:oscRing|step[5]|combout"
    Warning (332126): Node "rings_inst|\genRings:5:oscRing|step[6]|datad"
    Warning (332126): Node "rings_inst|\genRings:5:oscRing|step[6]|combout"
    Warning (332126): Node "rings_inst|\genRings:5:oscRing|step[7]|dataf"
    Warning (332126): Node "rings_inst|\genRings:5:oscRing|step[7]|combout"
    Warning (332126): Node "rings_inst|\genRings:5:oscRing|step[8]|dataf"
    Warning (332126): Node "rings_inst|\genRings:5:oscRing|step[8]|combout"
    Warning (332126): Node "rings_inst|\genRings:5:oscRing|step[9]|dataf"
    Warning (332126): Node "rings_inst|\genRings:5:oscRing|step[9]|combout"
    Warning (332126): Node "rings_inst|\genRings:5:oscRing|step[10]|dataf"
    Warning (332126): Node "rings_inst|\genRings:5:oscRing|step[10]|combout"
    Warning (332126): Node "rings_inst|\genRings:5:oscRing|step[11]|dataf"
    Warning (332126): Node "rings_inst|\genRings:5:oscRing|step[11]|combout"
    Warning (332126): Node "rings_inst|\genRings:5:oscRing|step[12]|dataf"
Warning (332125): Found combinational loop of 26 nodes File: C:/Users/15645380/ringOscilator/code/oscilatorRing.vhd Line: 13
    Warning (332126): Node "rings_inst|\genRings:0:oscRing|step[12]|combout"
    Warning (332126): Node "rings_inst|\genRings:0:oscRing|step[0]|dataf"
    Warning (332126): Node "rings_inst|\genRings:0:oscRing|step[0]|combout"
    Warning (332126): Node "rings_inst|\genRings:0:oscRing|step[1]|dataf"
    Warning (332126): Node "rings_inst|\genRings:0:oscRing|step[1]|combout"
    Warning (332126): Node "rings_inst|\genRings:0:oscRing|step[2]|datad"
    Warning (332126): Node "rings_inst|\genRings:0:oscRing|step[2]|combout"
    Warning (332126): Node "rings_inst|\genRings:0:oscRing|step[3]|dataf"
    Warning (332126): Node "rings_inst|\genRings:0:oscRing|step[3]|combout"
    Warning (332126): Node "rings_inst|\genRings:0:oscRing|step[4]|dataf"
    Warning (332126): Node "rings_inst|\genRings:0:oscRing|step[4]|combout"
    Warning (332126): Node "rings_inst|\genRings:0:oscRing|step[5]|dataf"
    Warning (332126): Node "rings_inst|\genRings:0:oscRing|step[5]|combout"
    Warning (332126): Node "rings_inst|\genRings:0:oscRing|step[6]|dataf"
    Warning (332126): Node "rings_inst|\genRings:0:oscRing|step[6]|combout"
    Warning (332126): Node "rings_inst|\genRings:0:oscRing|step[7]|dataf"
    Warning (332126): Node "rings_inst|\genRings:0:oscRing|step[7]|combout"
    Warning (332126): Node "rings_inst|\genRings:0:oscRing|step[8]|dataf"
    Warning (332126): Node "rings_inst|\genRings:0:oscRing|step[8]|combout"
    Warning (332126): Node "rings_inst|\genRings:0:oscRing|step[9]|dataf"
    Warning (332126): Node "rings_inst|\genRings:0:oscRing|step[9]|combout"
    Warning (332126): Node "rings_inst|\genRings:0:oscRing|step[10]|datad"
    Warning (332126): Node "rings_inst|\genRings:0:oscRing|step[10]|combout"
    Warning (332126): Node "rings_inst|\genRings:0:oscRing|step[11]|dataf"
    Warning (332126): Node "rings_inst|\genRings:0:oscRing|step[11]|combout"
    Warning (332126): Node "rings_inst|\genRings:0:oscRing|step[12]|dataf"
Warning (332060): Node: clk was determined to be a clock but was found without an associated clock assignment.
    Info (13166): Register jtag_bridge_system:bridge_sys_inst|jtag_bridge_system_master_0:master_0|altera_reset_controller:rst_controller|altera_reset_synchronizer:alt_rst_sync_uq1|altera_reset_synchronizer_int_chain_out is being clocked by clk
Info (332143): No user constrained clock uncertainty found in the design. Calling "derive_clock_uncertainty"
Info (332123): Deriving Clock Uncertainty. Please refer to report_sdc in the Timing Analyzer to see clock uncertainties.
Info: Found TIMING_ANALYZER_REPORT_SCRIPT_INCLUDE_DEFAULT_ANALYSIS = ON
Info: Analyzing Slow 1100mV 85C Model
Info (332146): Worst-case setup slack is 9.766
    Info (332119):     Slack       End Point TNS Clock 
    Info (332119): ========= =================== =====================
    Info (332119):     9.766               0.000 altera_reserved_tck 
Info (332146): Worst-case hold slack is 0.427
    Info (332119):     Slack       End Point TNS Clock 
    Info (332119): ========= =================== =====================
    Info (332119):     0.427               0.000 altera_reserved_tck 
Info (332146): Worst-case recovery slack is 30.000
    Info (332119):     Slack       End Point TNS Clock 
    Info (332119): ========= =================== =====================
    Info (332119):    30.000               0.000 altera_reserved_tck 
Info (332146): Worst-case removal slack is 0.932
    Info (332119):     Slack       End Point TNS Clock 
    Info (332119): ========= =================== =====================
    Info (332119):     0.932               0.000 altera_reserved_tck 
Info (332146): Worst-case minimum pulse width slack is 15.679
    Info (332119):     Slack       End Point TNS Clock 
    Info (332119): ========= =================== =====================
    Info (332119):    15.679               0.000 altera_reserved_tck 
Info (332114): Report Metastability: Found 5 synchronizer chains.
    Info (332114): Worst-Case MTBF of Design is 1e+09 years or 3.15e+16 seconds.
    Info (332114): Typical MTBF of Design is 1e+09 years or 3.15e+16 seconds.

    Info (332114): Number of Synchronizer Chains Found: 5
    Info (332114): Shortest Synchronizer Chain: 3 Registers
    Info (332114): Fraction of Chains for which MTBFs Could Not be Calculated: 0.000
    Info (332114): Worst Case Available Settling Time: 62.476 ns
    Info (332114): 
    Info (332114): Worst-Case MTBF values are calculated based on the worst-case silicon characteristics, with worst-case operating conditions.
    Info (332114):   - Under worst-case conditions, an increase of 100ps in available settling time will increase MTBF values by a factor of 7.8
    Info (332114): Typical MTBF values are calculated based on the nominal silicon characteristics, at nominal operating conditions.
    Info (332114):   - Under typical conditions, an increase of 100ps in available settling time will increase MTBF values by a factor of 17.8
Info: Analyzing Slow 1100mV 0C Model
Info (334003): Started post-fitting delay annotation
Info (334004): Delay annotation completed successfully
Warning (332060): Node: clk was determined to be a clock but was found without an associated clock assignment.
    Info (13166): Register jtag_bridge_system:bridge_sys_inst|jtag_bridge_system_master_0:master_0|altera_reset_controller:rst_controller|altera_reset_synchronizer:alt_rst_sync_uq1|altera_reset_synchronizer_int_chain_out is being clocked by clk
Info (332123): Deriving Clock Uncertainty. Please refer to report_sdc in the Timing Analyzer to see clock uncertainties.
Info (332146): Worst-case setup slack is 9.846
    Info (332119):     Slack       End Point TNS Clock 
    Info (332119): ========= =================== =====================
    Info (332119):     9.846               0.000 altera_reserved_tck 
Info (332146): Worst-case hold slack is 0.382
    Info (332119):     Slack       End Point TNS Clock 
    Info (332119): ========= =================== =====================
    Info (332119):     0.382               0.000 altera_reserved_tck 
Info (332146): Worst-case recovery slack is 30.128
    Info (332119):     Slack       End Point TNS Clock 
    Info (332119): ========= =================== =====================
    Info (332119):    30.128               0.000 altera_reserved_tck 
Info (332146): Worst-case removal slack is 0.883
    Info (332119):     Slack       End Point TNS Clock 
    Info (332119): ========= =================== =====================
    Info (332119):     0.883               0.000 altera_reserved_tck 
Info (332146): Worst-case minimum pulse width slack is 15.704
    Info (332119):     Slack       End Point TNS Clock 
    Info (332119): ========= =================== =====================
    Info (332119):    15.704               0.000 altera_reserved_tck 
Info (332114): Report Metastability: Found 5 synchronizer chains.
    Info (332114): Worst-Case MTBF of Design is 1e+09 years or 3.15e+16 seconds.
    Info (332114): Typical MTBF of Design is 1e+09 years or 3.15e+16 seconds.

    Info (332114): Number of Synchronizer Chains Found: 5
    Info (332114): Shortest Synchronizer Chain: 3 Registers
    Info (332114): Fraction of Chains for which MTBFs Could Not be Calculated: 0.000
    Info (332114): Worst Case Available Settling Time: 62.478 ns
    Info (332114): 
    Info (332114): Worst-Case MTBF values are calculated based on the worst-case silicon characteristics, with worst-case operating conditions.
    Info (332114):   - Under worst-case conditions, an increase of 100ps in available settling time will increase MTBF values by a factor of 2.4
    Info (332114): Typical MTBF values are calculated based on the nominal silicon characteristics, at nominal operating conditions.
    Info (332114):   - Under typical conditions, an increase of 100ps in available settling time will increase MTBF values by a factor of 17.8
Info: Analyzing Fast 1100mV 85C Model
Info (334003): Started post-fitting delay annotation
Info (334004): Delay annotation completed successfully
Warning (332060): Node: clk was determined to be a clock but was found without an associated clock assignment.
    Info (13166): Register jtag_bridge_system:bridge_sys_inst|jtag_bridge_system_master_0:master_0|altera_reset_controller:rst_controller|altera_reset_synchronizer:alt_rst_sync_uq1|altera_reset_synchronizer_int_chain_out is being clocked by clk
Info (332123): Deriving Clock Uncertainty. Please refer to report_sdc in the Timing Analyzer to see clock uncertainties.
Info (332146): Worst-case setup slack is 13.065
    Info (332119):     Slack       End Point TNS Clock 
    Info (332119): ========= =================== =====================
    Info (332119):    13.065               0.000 altera_reserved_tck 
Info (332146): Worst-case hold slack is 0.135
    Info (332119):     Slack       End Point TNS Clock 
    Info (332119): ========= =================== =====================
    Info (332119):     0.135               0.000 altera_reserved_tck 
Info (332146): Worst-case recovery slack is 31.299
    Info (332119):     Slack       End Point TNS Clock 
    Info (332119): ========= =================== =====================
    Info (332119):    31.299               0.000 altera_reserved_tck 
Info (332146): Worst-case removal slack is 0.419
    Info (332119):     Slack       End Point TNS Clock 
    Info (332119): ========= =================== =====================
    Info (332119):     0.419               0.000 altera_reserved_tck 
Info (332146): Worst-case minimum pulse width slack is 15.723
    Info (332119):     Slack       End Point TNS Clock 
    Info (332119): ========= =================== =====================
    Info (332119):    15.723               0.000 altera_reserved_tck 
Info (332114): Report Metastability: Found 5 synchronizer chains.
    Info (332114): Worst-Case MTBF of Design is 1e+09 years or 3.15e+16 seconds.
    Info (332114): Typical MTBF of Design is 1e+09 years or 3.15e+16 seconds.

    Info (332114): Number of Synchronizer Chains Found: 5
    Info (332114): Shortest Synchronizer Chain: 3 Registers
    Info (332114): Fraction of Chains for which MTBFs Could Not be Calculated: 0.000
    Info (332114): Worst Case Available Settling Time: 64.142 ns
    Info (332114): 
    Info (332114): Worst-Case MTBF values are calculated based on the worst-case silicon characteristics, with worst-case operating conditions.
    Info (332114):   - Under worst-case conditions, an increase of 100ps in available settling time will increase MTBF values by a factor of 7.8
    Info (332114): Typical MTBF values are calculated based on the nominal silicon characteristics, at nominal operating conditions.
    Info (332114):   - Under typical conditions, an increase of 100ps in available settling time will increase MTBF values by a factor of 17.8
Info: Analyzing Fast 1100mV 0C Model
Warning (332060): Node: clk was determined to be a clock but was found without an associated clock assignment.
    Info (13166): Register jtag_bridge_system:bridge_sys_inst|jtag_bridge_system_master_0:master_0|altera_reset_controller:rst_controller|altera_reset_synchronizer:alt_rst_sync_uq1|altera_reset_synchronizer_int_chain_out is being clocked by clk
Info (332123): Deriving Clock Uncertainty. Please refer to report_sdc in the Timing Analyzer to see clock uncertainties.
Info (332146): Worst-case setup slack is 13.503
    Info (332119):     Slack       End Point TNS Clock 
    Info (332119): ========= =================== =====================
    Info (332119):    13.503               0.000 altera_reserved_tck 
Info (332146): Worst-case hold slack is 0.102
    Info (332119):     Slack       End Point TNS Clock 
    Info (332119): ========= =================== =====================
    Info (332119):     0.102               0.000 altera_reserved_tck 
Info (332146): Worst-case recovery slack is 31.496
    Info (332119):     Slack       End Point TNS Clock 
    Info (332119): ========= =================== =====================
    Info (332119):    31.496               0.000 altera_reserved_tck 
Info (332146): Worst-case removal slack is 0.371
    Info (332119):     Slack       End Point TNS Clock 
    Info (332119): ========= =================== =====================
    Info (332119):     0.371               0.000 altera_reserved_tck 
Info (332146): Worst-case minimum pulse width slack is 15.755
    Info (332119):     Slack       End Point TNS Clock 
    Info (332119): ========= =================== =====================
    Info (332119):    15.755               0.000 altera_reserved_tck 
Info (332114): Report Metastability: Found 5 synchronizer chains.
    Info (332114): Worst-Case MTBF of Design is 1e+09 years or 3.15e+16 seconds.
    Info (332114): Typical MTBF of Design is 1e+09 years or 3.15e+16 seconds.

    Info (332114): Number of Synchronizer Chains Found: 5
    Info (332114): Shortest Synchronizer Chain: 3 Registers
    Info (332114): Fraction of Chains for which MTBFs Could Not be Calculated: 0.000
    Info (332114): Worst Case Available Settling Time: 64.297 ns
    Info (332114): 
    Info (332114): Worst-Case MTBF values are calculated based on the worst-case silicon characteristics, with worst-case operating conditions.
    Info (332114):   - Under worst-case conditions, an increase of 100ps in available settling time will increase MTBF values by a factor of 2.4
    Info (332114): Typical MTBF values are calculated based on the nominal silicon characteristics, at nominal operating conditions.
    Info (332114):   - Under typical conditions, an increase of 100ps in available settling time will increase MTBF values by a factor of 17.8
Info (332102): Design is not fully constrained for setup requirements
Info (332102): Design is not fully constrained for hold requirements
Info: Quartus Prime Timing Analyzer was successful. 0 errors, 3083 warnings
    Info: Peak virtual memory: 5349 megabytes
    Info: Processing ended: Fri Aug 28 05:49:06 2026
    Info: Elapsed time: 00:00:05
    Info: Total CPU time (on all processors): 00:00:07


